codice_istat,nome,provincia,regione,cap,lat,lon
001001,Agliè,TO,Piemonte,10011,45.367055,7.766918
001002,Airasca,TO,Piemonte,10060,44.917042,7.484321
001003,Ala di Stura,TO,Piemonte,10070,45.31515,7.305909
001004,Albiano d'Ivrea,TO,Piemonte,10010,45.432959,7.950621
001006,Almese,TO,Piemonte,10040,45.116876,7.39455
001007,Alpette,TO,Piemonte,10080,45.408916,7.578978
001008,Alpignano,TO,Piemonte,10091,45.095724,7.525403
001009,Andezeno,TO,Piemonte,10020,45.037748,7.870527
001010,Andrate,TO,Piemonte,10010,45.52736,7.880318
001011,Angrogna,TO,Piemonte,10060,44.843582,7.223816
001012,Arignano,TO,Piemonte,10020,45.040275,7.901594
001013,Avigliana,TO,Piemonte,10051,45.077944,7.39839
001014,Azeglio,TO,Piemonte,10010,45.423459,7.993922
001015,Bairo,TO,Piemonte,10010,45.386587,7.755447
001016,Balangero,TO,Piemonte,10070,45.275323,7.520282
001017,Baldissero Canavese,TO,Piemonte,10080,45.410256,7.744217
001018,Baldissero Torinese,TO,Piemonte,10020,45.068636,7.816531
001019,Balme,TO,Piemonte,10070,45.302504,7.215432
001020,Banchette,TO,Piemonte,10010,45.453558,7.856318
001021,Barbania,TO,Piemonte,10070,45.291252,7.630317
001022,Bardonecchia,TO,Piemonte,10052,45.078339,6.703205
001023,Barone Canavese,TO,Piemonte,10010,45.325527,7.873063
001024,Beinasco,TO,Piemonte,10092,45.022097,7.579397
001025,Bibiana,TO,Piemonte,10060,44.798937,7.288219
001026,Bobbio Pellice,TO,Piemonte,10060,44.807952,7.116764
001027,Bollengo,TO,Piemonte,10012,45.470859,7.94202
001028,Borgaro Torinese,TO,Piemonte,10071,45.152145,7.657973
001029,Borgiallo,TO,Piemonte,10080,45.417055,7.668515
001030,Borgofranco d'Ivrea,TO,Piemonte,10013,45.51286,7.858017
001031,Borgomasino,TO,Piemonte,10031,45.363257,7.987523
001032,Borgone Susa,TO,Piemonte,10050,45.122844,7.239712
001033,Bosconero,TO,Piemonte,10080,45.26755,7.7666
001034,Brandizzo,TO,Piemonte,10032,45.176606,7.838004
001035,Bricherasio,TO,Piemonte,10060,44.823409,7.305296
001036,Brosso,TO,Piemonte,10080,45.492502,7.803288
001037,Brozolo,TO,Piemonte,10020,45.117436,8.073603
001038,Bruino,TO,Piemonte,10090,45.021152,7.468551
001039,Brusasco,TO,Piemonte,10020,45.155492,8.060103
001040,Bruzolo,TO,Piemonte,10050,45.142226,7.195648
001041,Buriasco,TO,Piemonte,10060,44.87364,7.41032
001042,Burolo,TO,Piemonte,10010,45.48116,7.93392
001043,Busano,TO,Piemonte,10080,45.329438,7.655732
001044,Bussoleno,TO,Piemonte,10053,45.139271,7.147717
001045,Buttigliera Alta,TO,Piemonte,10090,45.068804,7.434488
001046,Cafasse,TO,Piemonte,10070,45.24596,7.517235
001047,Caluso,TO,Piemonte,10014,45.304955,7.895722
001048,Cambiano,TO,Piemonte,10020,44.971416,7.778698
001049,Campiglione Fenile,TO,Piemonte,10060,44.804598,7.322313
001050,Candia Canavese,TO,Piemonte,10010,45.327755,7.885121
001051,Candiolo,TO,Piemonte,10060,44.959244,7.601722
001052,Canischio,TO,Piemonte,10080,45.373987,7.596126
001053,Cantalupa,TO,Piemonte,10060,44.945941,7.330317
001054,Cantoira,TO,Piemonte,10070,45.343349,7.380124
001055,Caprie,TO,Piemonte,10040,45.118845,7.331914
001056,Caravino,TO,Piemonte,10010,45.398258,7.960322
001057,Carema,TO,Piemonte,10010,45.583302,7.810406
001058,Carignano,TO,Piemonte,10041,44.906943,7.673225
001059,Carmagnola,TO,Piemonte,10022,44.846947,7.717874
001060,Casalborgone,TO,Piemonte,10020,45.130451,7.940426
001061,Cascinette d'Ivrea,TO,Piemonte,10010,45.480159,7.905619
001062,Caselette,TO,Piemonte,10040,45.104746,7.480817
001063,Caselle Torinese,TO,Piemonte,10072,45.17749,7.646367
001064,Castagneto Po,TO,Piemonte,10090,45.159251,7.889425
001065,Castagnole Piemonte,TO,Piemonte,10060,44.898142,7.566123
001066,Castellamonte,TO,Piemonte,10081,45.381955,7.712117
001067,Castelnuovo Nigra,TO,Piemonte,10080,45.438156,7.694615
001068,Castiglione Torinese,TO,Piemonte,10090,45.11905,7.807124
001069,Cavagnolo,TO,Piemonte,10020,45.152137,8.051479
001070,Cavour,TO,Piemonte,10061,44.785499,7.373841
001071,Cercenasco,TO,Piemonte,10060,44.861291,7.50127
001072,Ceres,TO,Piemonte,10070,45.313377,7.389688
001073,Ceresole Reale,TO,Piemonte,10080,45.431952,7.235706
001074,Cesana Torinese,TO,Piemonte,10054,44.952236,6.790805
001075,Chialamberto,TO,Piemonte,10070,45.363669,7.341471
001076,Chianocco,TO,Piemonte,10050,45.148094,7.16933
001077,Chiaverano,TO,Piemonte,10010,45.49886,7.902619
001078,Chieri,TO,Piemonte,10023,45.013884,7.822354
001079,Chiesanuova,TO,Piemonte,10080,45.417886,7.655795
001080,Chiomonte,TO,Piemonte,10050,45.119542,6.985306
001081,Chiusa di San Michele,TO,Piemonte,10050,45.103913,7.326972
001082,Chivasso,TO,Piemonte,10034,45.190959,7.887186
001083,Ciconio,TO,Piemonte,10080,45.329915,7.759492
001084,Cintano,TO,Piemonte,10080,45.428556,7.688115
001085,Cinzano,TO,Piemonte,10090,45.09425,7.925627
001086,Ciriè,TO,Piemonte,10073,45.235277,7.600308
001087,Claviere,TO,Piemonte,10050,44.938799,6.750294
001088,Coassolo Torinese,TO,Piemonte,10070,45.297583,7.460458
001089,Coazze,TO,Piemonte,10050,45.052194,7.297902
001090,Collegno,TO,Piemonte,10093,45.077547,7.572426
001091,Colleretto Castelnuovo,TO,Piemonte,10080,45.422356,7.679815
001092,Colleretto Giacosa,TO,Piemonte,10010,45.431887,7.799591
001093,Condove,TO,Piemonte,10055,45.117419,7.309455
001094,Corio,TO,Piemonte,10070,45.313499,7.532087
001095,Cossano Canavese,TO,Piemonte,10010,45.387758,7.991523
001096,Cuceglio,TO,Piemonte,10090,45.359435,7.815187
001097,Cumiana,TO,Piemonte,10040,44.979742,7.376717
001098,Cuorgnè,TO,Piemonte,10082,45.38972,7.649817
001099,Druento,TO,Piemonte,10040,45.134748,7.576618
001100,Exilles,TO,Piemonte,10050,45.097383,6.929065
001101,Favria,TO,Piemonte,10083,45.331154,7.690617
001102,Feletto,TO,Piemonte,10080,45.303853,7.744719
001103,Fenestrelle,TO,Piemonte,10060,45.036095,7.049562
001104,Fiano,TO,Piemonte,10070,45.216871,7.522685
001105,Fiorano Canavese,TO,Piemonte,10010,45.467758,7.833718
001106,Foglizzo,TO,Piemonte,10090,45.271272,7.822265
001107,Forno Canavese,TO,Piemonte,10084,45.345353,7.591015
001108,Frassinetto,TO,Piemonte,10080,45.437142,7.606743
001109,Front,TO,Piemonte,10070,45.280852,7.663618
001110,Frossasco,TO,Piemonte,10060,44.932944,7.350218
001111,Garzigliana,TO,Piemonte,10060,44.837239,7.37442
001112,Gassino Torinese,TO,Piemonte,10090,45.13165,7.827624
001113,Germagnano,TO,Piemonte,10070,45.263872,7.469483
001114,Giaglione,TO,Piemonte,10050,45.140239,7.014756
001115,Giaveno,TO,Piemonte,10094,45.042005,7.351994
001116,Givoletto,TO,Piemonte,10040,45.162248,7.496416
001117,Gravere,TO,Piemonte,10050,45.125342,7.017507
001118,Groscavallo,TO,Piemonte,10070,45.369225,7.233967
001119,Grosso,TO,Piemonte,10070,45.257502,7.557907
001120,Grugliasco,TO,Piemonte,10095,45.068046,7.57762
001121,Ingria,TO,Piemonte,10080,45.466468,7.570917
001122,Inverso Pinasca,TO,Piemonte,10060,44.94564,7.218414
001123,Isolabella,TO,Piemonte,10046,44.906727,7.910151
001124,Issiglio,TO,Piemonte,10080,45.446934,7.752122
001125,Ivrea,TO,Piemonte,10015,45.467379,7.874797
001126,La Cassa,TO,Piemonte,10040,45.180348,7.516316
001127,La Loggia,TO,Piemonte,10040,44.957744,7.667324
001128,Lanzo Torinese,TO,Piemonte,10074,45.27335,7.477411
001129,Lauriano,TO,Piemonte,10020,45.158252,7.991627
001130,Leini,TO,Piemonte,10040,45.184582,7.713271
001131,Lemie,TO,Piemonte,10070,45.228199,7.292044
001132,Lessolo,TO,Piemonte,10010,45.478258,7.814717
001133,Levone,TO,Piemonte,10070,45.318202,7.606187
001134,Locana,TO,Piemonte,10080,45.417654,7.458814
001135,Lombardore,TO,Piemonte,10040,45.235452,7.74032
001136,Lombriasco,TO,Piemonte,10040,44.840941,7.635925
001137,Loranzè,TO,Piemonte,10010,45.441657,7.812718
001139,Luserna San Giovanni,TO,Piemonte,10062,44.815437,7.251318
001140,Lusernetta,TO,Piemonte,10060,44.803137,7.246718
001141,Lusigliè,TO,Piemonte,10080,45.318401,7.766652
001142,Macello,TO,Piemonte,10060,44.851139,7.39802
001143,Maglione,TO,Piemonte,10030,45.346657,8.013324
001144,Marentino,TO,Piemonte,10020,45.058032,7.874623
001145,Massello,TO,Piemonte,10060,44.967557,7.026199
001146,Mathi,TO,Piemonte,10075,45.255172,7.541984
001147,Mattie,TO,Piemonte,10050,45.118143,7.115109
001148,Mazzè,TO,Piemonte,10035,45.300255,7.932723
001149,Meana di Susa,TO,Piemonte,10050,45.122043,7.064708
001150,Mercenasco,TO,Piemonte,10010,45.357182,7.882359
001152,Mezzenile,TO,Piemonte,10070,45.295129,7.394459
001153,Mombello di Torino,TO,Piemonte,10020,45.045749,7.920827
001154,Mompantero,TO,Piemonte,10059,45.142043,7.064609
001155,Monastero di Lanzo,TO,Piemonte,10070,45.301873,7.439681
001156,Moncalieri,TO,Piemonte,10024,45.000461,7.684754
001157,Moncenisio,TO,Piemonte,10050,45.205285,6.9825
001158,Montaldo Torinese,TO,Piemonte,10020,45.065487,7.849601
001159,Montalenghe,TO,Piemonte,10090,45.337455,7.83882
001160,Montalto Dora,TO,Piemonte,10016,45.490759,7.862818
001161,Montanaro,TO,Piemonte,10017,45.233553,7.853323
001162,Monteu da Po,TO,Piemonte,10020,45.1509,8.016847
001163,Moriondo Torinese,TO,Piemonte,10020,45.037649,7.940028
001164,Nichelino,TO,Piemonte,10042,44.995518,7.646618
001165,Noasca,TO,Piemonte,10080,45.453972,7.314554
001166,Nole,TO,Piemonte,10076,45.243991,7.572752
001167,Nomaglio,TO,Piemonte,10010,45.53616,7.860317
001168,None,TO,Piemonte,10060,44.933143,7.540121
001169,Novalesa,TO,Piemonte,10050,45.18964,7.015498
001170,Oglianico,TO,Piemonte,10080,45.342554,7.693717
001171,Orbassano,TO,Piemonte,10043,45.007263,7.536919
001172,Orio Canavese,TO,Piemonte,10010,45.329255,7.861721
001173,Osasco,TO,Piemonte,10060,44.849368,7.343243
001174,Osasio,TO,Piemonte,10040,44.871442,7.608024
001175,Oulx,TO,Piemonte,10056,45.033052,6.83251
001176,Ozegna,TO,Piemonte,10080,45.34929,7.742524
001177,Palazzo Canavese,TO,Piemonte,10010,45.459259,7.978921
001178,Pancalieri,TO,Piemonte,10060,44.833441,7.585924
001179,Parella,TO,Piemonte,10010,45.430657,7.793217
001180,Pavarolo,TO,Piemonte,10020,45.072466,7.834671
001181,Pavone Canavese,TO,Piemonte,10018,45.437559,7.851715
001183,Pecetto Torinese,TO,Piemonte,10020,45.016883,7.749949
001184,Perosa Argentina,TO,Piemonte,10063,44.95744,7.190914
001185,Perosa Canavese,TO,Piemonte,10010,45.397057,7.830819
001186,Perrero,TO,Piemonte,10060,44.918212,7.129109
001187,Pertusio,TO,Piemonte,10080,45.356788,7.638501
001188,Pessinetto,TO,Piemonte,10070,45.289093,7.404162
001189,Pianezza,TO,Piemonte,10044,45.105847,7.543418
001190,Pinasca,TO,Piemonte,10060,44.94264,7.229115
001191,Pinerolo,TO,Piemonte,10064,44.887309,7.331945
001192,Pino Torinese,TO,Piemonte,10025,45.039547,7.777125
001193,Piobesi Torinese,TO,Piemonte,10040,44.932943,7.610123
001194,Piossasco,TO,Piemonte,10045,44.990555,7.463704
001195,Piscina,TO,Piemonte,10060,44.919442,7.426212
001196,Piverone,TO,Piemonte,10010,45.446259,8.005722
001197,Poirino,TO,Piemonte,10046,44.920845,7.846928
001198,Pomaretto,TO,Piemonte,10063,44.955983,7.182779
001199,Pont Canavese,TO,Piemonte,10085,45.420526,7.596855
001200,Porte,TO,Piemonte,10060,44.887293,7.267971
001201,Pragelato,TO,Piemonte,10060,44.981486,6.93916
001202,Prali,TO,Piemonte,10060,44.881073,7.052439
001203,Pralormo,TO,Piemonte,10040,44.859744,7.901431
001204,Pramollo,TO,Piemonte,10065,44.905039,7.206508
001205,Prarostino,TO,Piemonte,10060,44.865792,7.268223
001206,Prascorsano,TO,Piemonte,10080,45.367754,7.616915
001207,Pratiglione,TO,Piemonte,10080,45.352753,7.596015
001208,Quagliuzzo,TO,Piemonte,10010,45.426757,7.781617
001209,Quassolo,TO,Piemonte,10010,45.52286,7.832317
001210,Quincinetto,TO,Piemonte,10010,45.56296,7.807315
001211,Reano,TO,Piemonte,10090,45.052056,7.430403
001212,Ribordone,TO,Piemonte,10080,45.43204,7.50195
001213,Rivalba,TO,Piemonte,10090,45.11835,7.888125
001214,Rivalta di Torino,TO,Piemonte,10040,45.034045,7.518419
001215,Riva presso Chieri,TO,Piemonte,10020,44.984974,7.872319
001216,Rivara,TO,Piemonte,10080,45.332553,7.632916
001217,Rivarolo Canavese,TO,Piemonte,10086,45.331216,7.717134
001218,Rivarossa,TO,Piemonte,10040,45.250965,7.717845
001219,Rivoli,TO,Piemonte,10098,45.069715,7.517676
001220,Robassomero,TO,Piemonte,10070,45.200049,7.568917
001221,Rocca Canavese,TO,Piemonte,10070,45.308854,7.575863
001222,Roletto,TO,Piemonte,10060,44.924691,7.331324
001223,Romano Canavese,TO,Piemonte,10090,45.388657,7.86652
001224,Ronco Canavese,TO,Piemonte,10080,45.499737,7.546855
001225,Rondissone,TO,Piemonte,10030,45.246854,7.963125
001226,Rorà,TO,Piemonte,10060,44.792136,7.199017
001227,Roure,TO,Piemonte,10060,45.001413,7.129432
001228,Rosta,TO,Piemonte,10090,45.067945,7.465117
001229,Rubiana,TO,Piemonte,10040,45.137946,7.38483
001230,Rueglio,TO,Piemonte,10010,45.468258,7.754616
001231,Salassa,TO,Piemonte,10080,45.358526,7.689238
001232,Salbertrand,TO,Piemonte,10050,45.07204,6.883205
001233,Salerano Canavese,TO,Piemonte,10010,45.458058,7.851118
001234,Salza di Pinerolo,TO,Piemonte,10060,44.934635,7.034467
001235,Samone,TO,Piemonte,38059,45.450554,7.845243
001236,San Benigno Canavese,TO,Piemonte,10080,45.227052,7.785021
001237,San Carlo Canavese,TO,Piemonte,10070,45.247826,7.610843
001238,San Colombano Belmonte,TO,Piemonte,10080,45.382254,7.621015
001239,San Didero,TO,Piemonte,10050,45.135444,7.213011
001240,San Francesco al Campo,TO,Piemonte,10070,45.226467,7.657164
001241,Sangano,TO,Piemonte,10090,45.026144,7.448118
001242,San Germano Chisone,TO,Piemonte,10065,44.89855,7.241175
001243,San Gillio,TO,Piemonte,10040,45.142748,7.535817
001244,San Giorgio Canavese,TO,Piemonte,10090,45.334155,7.796819
001245,San Giorio di Susa,TO,Piemonte,10050,45.127982,7.177985
001246,San Giusto Canavese,TO,Piemonte,10090,45.315154,7.80912
001247,San Martino Canavese,TO,Piemonte,10010,45.39435,7.816559
001248,San Maurizio Canavese,TO,Piemonte,10077,45.216676,7.631241
001249,San Mauro Torinese,TO,Piemonte,10099,45.104412,7.761996
001250,San Pietro Val Lemina,TO,Piemonte,10060,44.90654,7.310917
001251,San Ponso,TO,Piemonte,10080,45.350754,7.670316
001252,San Raffaele Cimena,TO,Piemonte,10090,45.146651,7.849324
001253,San Sebastiano da Po,TO,Piemonte,10020,45.167552,7.957226
001254,San Secondo di Pinerolo,TO,Piemonte,10060,44.867222,7.298167
001255,Sant'Ambrogio di Torino,TO,Piemonte,10057,45.099445,7.362315
001256,Sant'Antonino di Susa,TO,Piemonte,10050,45.107044,7.273613
001257,Santena,TO,Piemonte,10026,44.949111,7.771811
001258,Sauze di Cesana,TO,Piemonte,10054,44.940736,6.859007
001259,Sauze d'Oulx,TO,Piemonte,10050,45.027027,6.858346
001260,Scalenghe,TO,Piemonte,10060,44.891741,7.492521
001261,Scarmagno,TO,Piemonte,10010,45.384456,7.841119
001262,Sciolze,TO,Piemonte,10090,45.09325,7.880426
001263,Sestriere,TO,Piemonte,10058,44.958453,6.878686
001264,Settimo Rottaro,TO,Piemonte,10010,45.407758,7.993522
001265,Settimo Torinese,TO,Piemonte,10036,45.137335,7.771015
001266,Settimo Vittone,TO,Piemonte,10010,45.54976,7.832216
001267,Sparone,TO,Piemonte,10080,45.413854,7.543412
001268,Strambinello,TO,Piemonte,10010,45.422696,7.768436
001269,Strambino,TO,Piemonte,10019,45.381457,7.88572
001270,Susa,TO,Piemonte,10059,45.137212,7.053979
001271,Tavagnasco,TO,Piemonte,10010,45.543965,7.822041
001272,Torino,TO,Piemonte,10138,45.067755,7.682489
001273,Torrazza Piemonte,TO,Piemonte,10037,45.215422,7.974503
001274,Torre Canavese,TO,Piemonte,10010,45.392056,7.759818
001275,Torre Pellice,TO,Piemonte,10066,44.820768,7.223715
001276,Trana,TO,Piemonte,10090,45.039044,7.421817
001278,Traversella,TO,Piemonte,10080,45.508458,7.749415
001279,Traves,TO,Piemonte,10070,45.270612,7.428858
001280,Trofarello,TO,Piemonte,10028,44.983646,7.745225
001281,Usseaux,TO,Piemonte,10060,45.048941,7.028508
001282,Usseglio,TO,Piemonte,10070,45.233197,7.217735
001283,Vaie,TO,Piemonte,10050,45.102344,7.289413
001284,Val della Torre,TO,Piemonte,10040,45.155147,7.445015
001285,Valgioie,TO,Piemonte,10094,45.076144,7.340715
001286,Vallo Torinese,TO,Piemonte,10070,45.224745,7.495566
001287,Valperga,TO,Piemonte,10087,45.370616,7.656916
001288,Valprato Soana,TO,Piemonte,10080,45.521481,7.549355
001289,Varisella,TO,Piemonte,10070,45.209941,7.488606
001290,Vauda Canavese,TO,Piemonte,10070,45.279952,7.620217
001291,Venaus,TO,Piemonte,10050,45.15491,7.01257
001292,Venaria Reale,TO,Piemonte,10078,45.134811,7.626866
001293,Verolengo,TO,Piemonte,10038,45.190053,7.968226
001294,Verrua Savoia,TO,Piemonte,10020,45.156707,8.092761
001295,Vestignè,TO,Piemonte,10030,45.385757,7.954822
001296,Vialfrè,TO,Piemonte,10090,45.381019,7.817828
001298,Vidracco,TO,Piemonte,10080,45.430657,7.757417
001299,Vigone,TO,Piemonte,10067,44.843067,7.494438
001300,Villafranca Piemonte,TO,Piemonte,10068,44.778939,7.500424
001301,Villanova Canavese,TO,Piemonte,10070,45.242575,7.554506
001302,Villarbasse,TO,Piemonte,10090,45.045145,7.468418
001303,Villar Dora,TO,Piemonte,10040,45.114646,7.383515
001304,Villareggia,TO,Piemonte,10030,45.310056,7.976624
001305,Villar Focchiardo,TO,Piemonte,10050,45.111389,7.224725
001306,Villar Pellice,TO,Piemonte,10060,44.807903,7.15758
001307,Villar Perosa,TO,Piemonte,10069,44.919056,7.250286
001308,Villastellone,TO,Piemonte,10029,44.918612,7.744347
001309,Vinovo,TO,Piemonte,10048,44.94839,7.633929
001310,Virle Piemonte,TO,Piemonte,10060,44.864541,7.570123
001311,Vische,TO,Piemonte,10030,45.335589,7.944818
001312,Vistrorio,TO,Piemonte,10080,45.442344,7.768145
001313,Viù,TO,Piemonte,10070,45.23916,7.37584
001314,Volpiano,TO,Piemonte,10088,45.201451,7.778222
001315,Volvera,TO,Piemonte,10040,44.956464,7.511052
001316,Mappano,TO,Piemonte,10072,45.147801,7.706099
001317,Val di Chy,TO,Piemonte,10010,45.461125,7.79283
001318,Valchiusa,TO,Piemonte,10080,45.497263,7.741327
002002,Alagna Valsesia,VC,Piemonte,13021,45.851211,7.937177
002003,Albano Vercellese,VC,Piemonte,13030,45.425307,8.380994
002004,Alice Castello,VC,Piemonte,13040,45.365158,8.072925
002006,Arborio,VC,Piemonte,13031,45.494964,8.385329
002007,Asigliano Vercellese,VC,Piemonte,13032,45.261578,8.408501
002008,Balmuccia,VC,Piemonte,13020,45.818849,8.138102
002009,Balocco,VC,Piemonte,13040,45.455262,8.280128
002011,Bianzè,VC,Piemonte,13041,45.308457,8.122527
002014,Boccioleto,VC,Piemonte,13022,45.830189,8.112881
002015,Borgo d'Ale,VC,Piemonte,13040,45.349435,8.053102
002016,Borgosesia,VC,Piemonte,13011,45.716668,8.276857
002017,Borgo Vercelli,VC,Piemonte,13012,45.357862,8.463033
002021,Buronzo,VC,Piemonte,13040,45.480862,8.267128
002025,Campertogno,VC,Piemonte,13023,45.798953,8.032153
002029,Carcoforo,VC,Piemonte,13026,45.90875,8.049537
002030,Caresana,VC,Piemonte,13010,45.221263,8.506924
002031,Caresanablot,VC,Piemonte,13030,45.357613,8.388842
002032,Carisio,VC,Piemonte,13040,45.40936,8.199027
002033,Casanova Elvo,VC,Piemonte,13030,45.400961,8.293529
002035,San Giacomo Vercellese,VC,Piemonte,13030,45.497859,8.326139
002041,Cervatto,VC,Piemonte,13025,45.882966,8.162347
002042,Cigliano,VC,Piemonte,13043,45.308356,8.021025
002043,Civiasco,VC,Piemonte,13010,45.80819,8.294116
002045,Collobiano,VC,Piemonte,13030,45.396683,8.348284
002047,Costanzana,VC,Piemonte,13033,45.238158,8.368134
002048,Cravagliana,VC,Piemonte,13020,45.848385,8.20269
002049,Crescentino,VC,Piemonte,13044,45.190454,8.099929
002052,Crova,VC,Piemonte,13040,45.330659,8.210828
002054,Desana,VC,Piemonte,13034,45.268822,8.356728
002057,Fobello,VC,Piemonte,13025,45.889425,8.15868
002058,Fontanetto Po,VC,Piemonte,13040,45.193464,8.191925
002059,Formigliana,VC,Piemonte,13030,45.429262,8.291928
002061,Gattinara,VC,Piemonte,13045,45.614242,8.371138
002062,Ghislarengo,VC,Piemonte,13030,45.528823,8.386128
002065,Greggio,VC,Piemonte,13030,45.450663,8.38303
002066,Guardabosone,VC,Piemonte,13010,45.701868,8.249322
002067,Lamporo,VC,Piemonte,13046,45.231855,8.101628
002068,Lenta,VC,Piemonte,13035,45.557466,8.384128
002070,Lignana,VC,Piemonte,13034,45.28553,8.346124
002071,Livorno Ferraris,VC,Piemonte,13046,45.281912,8.080548
002072,Lozzolo,VC,Piemonte,13045,45.625643,8.321774
002078,Mollia,VC,Piemonte,13020,45.816669,8.030315
002079,Moncrivello,VC,Piemonte,13040,45.332357,7.995524
002082,Motta de' Conti,VC,Piemonte,13010,45.193343,8.520934
002088,Olcenengo,VC,Piemonte,13047,45.36346,8.30983
002089,Oldenico,VC,Piemonte,13030,45.402755,8.380327
002090,Palazzolo Vercellese,VC,Piemonte,13040,45.186255,8.232632
002091,Pertengo,VC,Piemonte,13030,45.236394,8.417401
002093,Pezzana,VC,Piemonte,13010,45.261959,8.482279
002096,Pila,VC,Piemonte,13020,45.769944,8.08108
002097,Piode,VC,Piemonte,13020,45.770751,8.051076
002102,Postua,VC,Piemonte,13010,45.713604,8.23059
002104,Prarolo,VC,Piemonte,13012,45.282293,8.478118
002107,Quarona,VC,Piemonte,13017,45.757869,8.265721
002108,Quinto Vercellese,VC,Piemonte,13030,45.379661,8.361731
002110,Rassa,VC,Piemonte,13020,45.768473,8.013068
002113,Rimella,VC,Piemonte,13020,45.907567,8.182504
002115,Rive,VC,Piemonte,13030,45.212906,8.417704
002116,Roasio,VC,Piemonte,13060,45.608019,8.288012
002118,Ronsecco,VC,Piemonte,13036,45.253126,8.27781
002121,Rossa,VC,Piemonte,13020,45.833501,8.125529
002122,Rovasenda,VC,Piemonte,13040,45.538765,8.317527
002126,Salasco,VC,Piemonte,13040,45.325559,8.26423
002127,Sali Vercellese,VC,Piemonte,13040,45.309859,8.328931
002128,Saluggia,VC,Piemonte,13040,45.237554,8.011026
002131,San Germano Vercellese,VC,Piemonte,13047,45.350031,8.248779
002133,Santhià,VC,Piemonte,13048,45.366259,8.172627
002134,Scopa,VC,Piemonte,13027,45.792678,8.113367
002135,Scopello,VC,Piemonte,13028,45.772756,8.094058
002137,Serravalle Sesia,VC,Piemonte,13037,45.685568,8.310924
002142,Stroppiana,VC,Piemonte,13010,45.230246,8.453732
002147,Tricerro,VC,Piemonte,13038,45.235757,8.325333
002148,Trino,VC,Piemonte,13039,45.19394,8.296987
002150,Tronzano Vercellese,VC,Piemonte,13049,45.341258,8.173027
002152,Valduggia,VC,Piemonte,13018,45.728369,8.329923
002156,Varallo,VC,Piemonte,13019,45.813731,8.259211
002158,Vercelli,VC,Piemonte,13100,45.555383,8.346284
002163,Villarboit,VC,Piemonte,13030,45.437362,8.337329
002164,Villata,VC,Piemonte,13010,45.387762,8.432632
002166,Vocca,VC,Piemonte,13020,45.832585,8.194602
002170,Alto Sermenza,VC,Piemonte,13026,45.872658,8.038157
002171,Cellio con Breia,VC,Piemonte,13024,45.760606,8.309276
003001,Agrate Conturbia,NO,Piemonte,28010,45.675837,8.559812
003002,Ameno,NO,Piemonte,28010,45.788656,8.441311
003006,Armeno,NO,Piemonte,28011,45.822457,8.439199
003008,Arona,NO,Piemonte,28041,45.759837,8.560408
003012,Barengo,NO,Piemonte,28010,45.57545,8.51395
003016,Bellinzago Novarese,NO,Piemonte,28043,45.568768,8.643233
003018,Biandrate,NO,Piemonte,28061,45.452664,8.462432
003019,Boca,NO,Piemonte,28010,45.678969,8.408726
003021,Bogogno,NO,Piemonte,28010,45.667273,8.534066
003022,Bolzano Novarese,NO,Piemonte,28010,45.762786,8.445175
003023,Borgolavezzaro,NO,Piemonte,28071,45.319663,8.699539
003024,Borgomanero,NO,Piemonte,28021,45.698911,8.462367
003025,Borgo Ticino,NO,Piemonte,28040,45.689268,8.60183
003026,Briga Novarese,NO,Piemonte,28010,45.731871,8.456726
003027,Briona,NO,Piemonte,28072,45.542466,8.47973
003030,Caltignaga,NO,Piemonte,28010,45.516976,8.587782
003032,Cameri,NO,Piemonte,28062,45.499674,8.660451
003036,Carpignano Sesia,NO,Piemonte,28064,45.534635,8.418519
003037,Casalbeltrame,NO,Piemonte,28060,45.438064,8.466532
003039,Casaleggio Novara,NO,Piemonte,28060,45.488765,8.491931
003040,Casalino,NO,Piemonte,28060,45.102415,8.248872
003041,Casalvolone,NO,Piemonte,28060,45.400198,8.463421
003042,Castellazzo Novarese,NO,Piemonte,28060,45.513366,8.486931
003043,Castelletto sopra Ticino,NO,Piemonte,28053,45.712169,8.642977
003044,Cavaglietto,NO,Piemonte,28010,45.602168,8.50213
003045,Cavaglio d'Agogna,NO,Piemonte,28010,45.613168,8.486129
003047,Cavallirio,NO,Piemonte,28010,45.663368,8.394526
003049,Cerano,NO,Piemonte,28065,45.410966,8.780039
003051,Colazza,NO,Piemonte,28010,45.792573,8.500326
003052,Comignago,NO,Piemonte,28060,45.714871,8.564029
003055,Cressa,NO,Piemonte,28012,45.647072,8.50815
003058,Cureggio,NO,Piemonte,28060,45.674869,8.459727
003060,Divignano,NO,Piemonte,28010,45.66237,8.601631
003062,Dormelletto,NO,Piemonte,28040,45.736272,8.566628
003065,Fara Novarese,NO,Piemonte,28073,45.555159,8.458941
003066,Fontaneto d'Agogna,NO,Piemonte,28010,45.643469,8.480828
003068,Galliate,NO,Piemonte,28066,45.478267,8.696903
003069,Garbagna Novarese,NO,Piemonte,28070,45.388764,8.661237
003070,Gargallo,NO,Piemonte,28010,45.72877,8.425325
003073,Ghemme,NO,Piemonte,28074,45.598346,8.420904
003076,Gozzano,NO,Piemonte,28024,45.746457,8.436067
003077,Granozzo con Monticello,NO,Piemonte,28060,45.371139,8.587767
003079,Grignasco,NO,Piemonte,28075,45.684099,8.337853
003082,Invorio,NO,Piemonte,28045,45.756972,8.488326
003083,Landiona,NO,Piemonte,28064,45.496357,8.42308
003084,Lesa,NO,Piemonte,28040,45.829644,8.564857
003088,Maggiora,NO,Piemonte,28014,45.689369,8.422326
003090,Mandello Vitta,NO,Piemonte,28060,45.495665,8.459831
003091,Marano Ticino,NO,Piemonte,28040,45.62987,8.631632
003093,Massino Visconti,NO,Piemonte,28040,45.824206,8.540942
003095,Meina,NO,Piemonte,28046,45.788773,8.538827
003097,Mezzomerico,NO,Piemonte,28040,45.618687,8.605518
003098,Miasino,NO,Piemonte,28010,45.801972,8.429724
003100,Momo,NO,Piemonte,28015,45.574889,8.556139
003103,Nebbiuno,NO,Piemonte,28010,45.803573,8.527126
003104,Nibbiola,NO,Piemonte,28070,45.371483,8.654978
003106,Novara,NO,Piemonte,28100,45.58425,8.545997
003108,Oleggio,NO,Piemonte,28047,45.597231,8.637068
003109,Oleggio Castello,NO,Piemonte,28040,45.748872,8.527127
003112,Orta San Giulio,NO,Piemonte,28016,45.798081,8.406951
003114,Paruzzaro,NO,Piemonte,28040,45.750241,8.517599
003115,Pella,NO,Piemonte,28010,45.801625,8.384779
003116,Pettenasco,NO,Piemonte,28028,45.816693,8.406617
003119,Pisano,NO,Piemonte,28010,45.792298,8.508975
003120,Pogno,NO,Piemonte,28076,45.759039,8.383426
003121,Pombia,NO,Piemonte,28050,45.65083,8.632293
003122,Prato Sesia,NO,Piemonte,28077,45.646849,8.372939
003129,Recetto,NO,Piemonte,28060,45.460364,8.435731
003130,Romagnano Sesia,NO,Piemonte,28078,45.631067,8.388627
003131,Romentino,NO,Piemonte,28068,45.462553,8.720777
003133,San Maurizio d'Opaglio,NO,Piemonte,28017,45.773453,8.390395
003134,San Nazzaro Sesia,NO,Piemonte,28060,45.438273,8.424073
003135,San Pietro Mosezzo,NO,Piemonte,28060,45.455881,8.54419
003138,Sillavengo,NO,Piemonte,28064,45.520665,8.44103
003139,Sizzano,NO,Piemonte,28070,45.577467,8.437329
003140,Soriso,NO,Piemonte,28010,45.741737,8.409703
003141,Sozzago,NO,Piemonte,28060,45.398565,8.720338
003143,Suno,NO,Piemonte,28019,45.633369,8.54283
003144,Terdobbiate,NO,Piemonte,28070,45.376564,8.695238
003146,Tornaco,NO,Piemonte,28070,45.357564,8.715939
003149,Trecate,NO,Piemonte,28069,45.431965,8.735293
003153,Vaprio d'Agogna,NO,Piemonte,28010,45.603513,8.553431
003154,Varallo Pombia,NO,Piemonte,28040,45.665904,8.632693
003158,Vespolate,NO,Piemonte,28079,45.350871,8.668921
003159,Vicolungo,NO,Piemonte,28060,45.477564,8.462731
003164,Vinzaglio,NO,Piemonte,28060,45.322961,8.519135
003166,Gattico-Veruno,NO,Piemonte,28013,45.702046,8.52983
004001,Acceglio,CN,Piemonte,12021,44.474627,6.990918
004002,Aisone,CN,Piemonte,12010,44.313925,7.219626
004003,Alba,CN,Piemonte,12051,44.700724,8.035779
004004,Albaretto della Torre,CN,Piemonte,12050,44.595911,8.064064
004005,Alto,CN,Piemonte,12070,44.108946,8.003074
004006,Argentera,CN,Piemonte,12010,44.374629,6.954209
004007,Arguello,CN,Piemonte,12050,44.58274,8.11084
004008,Bagnasco,CN,Piemonte,12071,44.301333,8.043144
004009,Bagnolo Piemonte,CN,Piemonte,12031,44.760336,7.31392
004010,Baldissero d'Alba,CN,Piemonte,12040,44.759519,7.914349
004011,Barbaresco,CN,Piemonte,12050,44.725447,8.080696
004012,Barge,CN,Piemonte,12032,44.727536,7.321021
004013,Barolo,CN,Piemonte,12060,44.610841,7.942845
004014,Bastia Mondovì,CN,Piemonte,12060,44.441935,7.894438
004015,Battifollo,CN,Piemonte,12070,44.319833,8.010943
004016,Beinette,CN,Piemonte,12081,44.364835,7.646733
004017,Bellino,CN,Piemonte,12020,44.582338,6.990826
004018,Belvedere Langhe,CN,Piemonte,12060,44.493036,7.974639
004019,Bene Vagienna,CN,Piemonte,12041,44.543336,7.828335
004020,Benevello,CN,Piemonte,12050,44.629841,8.104139
004021,Bergolo,CN,Piemonte,12074,44.54784,8.183142
004022,Bernezzo,CN,Piemonte,12010,44.385329,7.436329
004023,Bonvicino,CN,Piemonte,12060,44.503537,8.01754
004024,Borgomale,CN,Piemonte,12050,44.620341,8.13224
004025,Borgo San Dalmazzo,CN,Piemonte,12011,44.328652,7.487456
004026,Bosia,CN,Piemonte,12050,44.602359,8.147252
004027,Bossolasco,CN,Piemonte,12060,44.529338,8.05094
004028,Boves,CN,Piemonte,12012,44.329626,7.551894
004029,Bra,CN,Piemonte,12042,44.697678,7.854271
004030,Briaglia,CN,Piemonte,12080,44.395676,7.876004
004031,Briga Alta,CN,Piemonte,18025,44.14893,7.73051
004032,Brondello,CN,Piemonte,12030,44.600734,7.405925
004033,Brossasco,CN,Piemonte,12020,44.569837,7.361615
004034,Busca,CN,Piemonte,12022,44.518132,7.474328
004035,Camerana,CN,Piemonte,12072,44.424036,8.141444
004037,Canale,CN,Piemonte,12043,44.798544,7.997334
004038,Canosio,CN,Piemonte,12020,44.455827,7.082721
004039,Caprauna,CN,Piemonte,12070,44.118902,7.950257
004040,Caraglio,CN,Piemonte,12023,44.416989,7.43259
004041,Caramagna Piemonte,CN,Piemonte,12030,44.782241,7.739429
004042,Cardè,CN,Piemonte,12030,44.744438,7.477624
004043,Carrù,CN,Piemonte,12061,44.481035,7.874437
004044,Cartignano,CN,Piemonte,12020,44.477654,7.287771
004045,Casalgrasso,CN,Piemonte,12030,44.819641,7.624625
004046,Castagnito,CN,Piemonte,12050,44.755443,8.031335
004047,Casteldelfino,CN,Piemonte,12020,44.589638,7.07032
004049,Castelletto Stura,CN,Piemonte,12040,44.441789,7.638649
004050,Castelletto Uzzone,CN,Piemonte,12070,44.494338,8.186743
004051,Castellinaldo d'Alba,CN,Piemonte,12050,44.774951,8.029984
004052,Castellino Tanaro,CN,Piemonte,12060,44.427835,7.98124
004053,Castelmagno,CN,Piemonte,12020,44.409323,7.207187
004054,Castelnuovo di Ceva,CN,Piemonte,12070,44.353635,8.128945
004055,Castiglione Falletto,CN,Piemonte,12060,44.623699,7.977453
004056,Castiglione Tinella,CN,Piemonte,12053,44.725344,8.190139
004057,Castino,CN,Piemonte,12050,44.617841,8.182441
004058,Cavallerleone,CN,Piemonte,12030,44.740139,7.663928
004059,Cavallermaggiore,CN,Piemonte,12030,44.709839,7.686329
004060,Celle di Macra,CN,Piemonte,12020,44.482936,7.179706
004061,Centallo,CN,Piemonte,12044,44.501533,7.58783
004062,Ceresole Alba,CN,Piemonte,12040,44.799742,7.82243
004063,Cerretto Langhe,CN,Piemonte,12050,44.574839,8.09794
004064,Cervasca,CN,Piemonte,12010,44.380929,7.47123
004065,Cervere,CN,Piemonte,12040,44.635438,7.791932
004066,Ceva,CN,Piemonte,12073,44.387276,8.033048
004067,Cherasco,CN,Piemonte,12062,44.652219,7.858015
004068,Chiusa di Pesio,CN,Piemonte,12013,44.32643,7.675436
004069,Cigliè,CN,Piemonte,12060,44.436535,7.926539
004070,Cissone,CN,Piemonte,12050,44.563139,8.030439
004071,Clavesana,CN,Piemonte,12060,44.481939,7.912079
004072,Corneliano d'Alba,CN,Piemonte,12040,44.735937,7.959851
004073,Cortemilia,CN,Piemonte,12074,44.579471,8.193302
004074,Cossano Belbo,CN,Piemonte,12054,44.668989,8.198579
004075,Costigliole Saluzzo,CN,Piemonte,12024,44.564534,7.485427
004076,Cravanzana,CN,Piemonte,12050,44.57462,8.126185
004077,Crissolo,CN,Piemonte,12030,44.699166,7.157719
004078,Cuneo,CN,Piemonte,12100,44.45807,7.558137
004079,Demonte,CN,Piemonte,12014,44.315264,7.297508
004080,Diano d'Alba,CN,Piemonte,12055,44.65031,8.027508
004081,Dogliani,CN,Piemonte,12063,44.530782,7.947233
004082,Dronero,CN,Piemonte,12025,44.465942,7.367256
004083,Elva,CN,Piemonte,12020,44.540329,7.090319
004084,Entracque,CN,Piemonte,12010,44.241425,7.399331
004085,Envie,CN,Piemonte,12030,44.682235,7.371123
004086,Farigliano,CN,Piemonte,12060,44.512031,7.914245
004087,Faule,CN,Piemonte,12030,44.80624,7.585125
004088,Feisoglio,CN,Piemonte,12050,44.543739,8.104941
004089,Fossano,CN,Piemonte,12045,44.549349,7.725016
004090,Frabosa Soprana,CN,Piemonte,12082,44.287769,7.806567
004091,Frabosa Sottana,CN,Piemonte,12083,44.302165,7.798008
004092,Frassino,CN,Piemonte,12020,44.571632,7.276023
004093,Gaiola,CN,Piemonte,12010,44.335245,7.406784
004094,Gambasca,CN,Piemonte,12030,44.628734,7.347323
004095,Garessio,CN,Piemonte,12075,44.202931,8.019253
004096,Genola,CN,Piemonte,12040,44.588936,7.66453
004097,Gorzegno,CN,Piemonte,12070,44.512838,8.135142
004098,Gottasecca,CN,Piemonte,12070,44.460137,8.167544
004099,Govone,CN,Piemonte,12040,44.804445,8.094036
004100,Grinzane Cavour,CN,Piemonte,12060,44.65334,7.995036
004101,Guarene,CN,Piemonte,12050,44.739486,8.034836
004102,Igliano,CN,Piemonte,12060,44.442936,8.013341
004103,Isasca,CN,Piemonte,12020,44.587633,7.381625
004104,Lagnasco,CN,Piemonte,12030,44.624928,7.555576
004105,La Morra,CN,Piemonte,12064,44.63848,7.932582
004106,Lequio Berria,CN,Piemonte,12050,44.60584,8.098139
004107,Lequio Tanaro,CN,Piemonte,12060,44.559937,7.882136
004108,Lesegno,CN,Piemonte,12076,44.402234,7.97084
004109,Levice,CN,Piemonte,12070,44.538239,8.155042
004110,Limone Piemonte,CN,Piemonte,12015,44.202726,7.576336
004111,Lisio,CN,Piemonte,12070,44.307132,7.978742
004112,Macra,CN,Piemonte,12020,44.500248,7.17926
004113,Magliano Alfieri,CN,Piemonte,12050,44.769244,8.070136
004114,Magliano Alpi,CN,Piemonte,12060,44.459634,7.805336
004115,Mango,CN,Piemonte,12056,44.686443,8.150239
004116,Manta,CN,Piemonte,12030,44.615872,7.48702
004117,Marene,CN,Piemonte,12030,44.661972,7.729157
004118,Margarita,CN,Piemonte,12040,44.403432,7.684934
004119,Marmora,CN,Piemonte,12020,44.439247,7.123515
004120,Marsaglia,CN,Piemonte,12060,44.453858,7.981246
004121,Martiniana Po,CN,Piemonte,12030,44.627234,7.362823
004122,Melle,CN,Piemonte,12020,44.562048,7.32049
004123,Moiola,CN,Piemonte,12010,44.321127,7.38973
004124,Mombarcaro,CN,Piemonte,12070,44.467637,8.088242
004125,Mombasiglio,CN,Piemonte,12070,44.366633,7.967941
004126,Monastero di Vasco,CN,Piemonte,12080,44.330752,7.823675
004127,Monasterolo Casotto,CN,Piemonte,12080,44.328232,7.943241
004128,Monasterolo di Savigliano,CN,Piemonte,12030,44.686338,7.619528
004129,Monchiero,CN,Piemonte,12060,44.570538,7.920236
004130,Mondovì,CN,Piemonte,12084,44.390028,7.820472
004131,Monesiglio,CN,Piemonte,12077,44.465037,8.118542
004132,Monforte d'Alba,CN,Piemonte,12065,44.582438,7.969637
004133,Montà,CN,Piemonte,12046,44.813644,7.957233
004134,Montaldo di Mondovì,CN,Piemonte,12080,44.321731,7.86714
004135,Montaldo Roero,CN,Piemonte,12040,44.768719,7.924151
004136,Montanera,CN,Piemonte,12040,44.462233,7.665633
004137,Montelupo Albese,CN,Piemonte,12050,44.62144,8.048038
004138,Montemale di Cuneo,CN,Piemonte,12025,44.43743,7.375327
004139,Monterosso Grana,CN,Piemonte,12020,44.408228,7.322927
004140,Monteu Roero,CN,Piemonte,12040,44.780686,7.931189
004141,Montezemolo,CN,Piemonte,12070,44.377035,8.141144
004142,Monticello d'Alba,CN,Piemonte,12066,44.718182,7.948204
004143,Moretta,CN,Piemonte,12033,44.763839,7.537125
004144,Morozzo,CN,Piemonte,12040,44.423932,7.713335
004145,Murazzano,CN,Piemonte,12060,44.474649,8.021336
004146,Murello,CN,Piemonte,12030,44.752139,7.600926
004147,Narzole,CN,Piemonte,12068,44.595438,7.869835
004148,Neive,CN,Piemonte,12052,44.72605,8.115186
004149,Neviglie,CN,Piemonte,12050,44.691942,8.116838
004150,Niella Belbo,CN,Piemonte,12050,44.512738,8.079341
004151,Niella Tanaro,CN,Piemonte,12060,44.413112,7.922952
004152,Novello,CN,Piemonte,12060,44.587706,7.927116
004153,Nucetto,CN,Piemonte,12070,44.340334,8.060343
004154,Oncino,CN,Piemonte,12030,44.676262,7.190376
004155,Ormea,CN,Piemonte,12078,44.148871,7.912606
004156,Ostana,CN,Piemonte,12030,44.692521,7.188312
004157,Paesana,CN,Piemonte,12034,44.684564,7.273841
004158,Pagno,CN,Piemonte,12030,44.611734,7.425725
004159,Pamparato,CN,Piemonte,12087,44.277029,7.913714
004160,Paroldo,CN,Piemonte,12070,44.432036,8.072442
004161,Perletto,CN,Piemonte,12070,44.599341,8.213042
004162,Perlo,CN,Piemonte,12070,44.32202,8.094944
004163,Peveragno,CN,Piemonte,12016,44.330015,7.617468
004164,Pezzolo Valle Uzzone,CN,Piemonte,12070,44.53874,8.193943
004165,Pianfei,CN,Piemonte,12080,44.372031,7.711435
004166,Piasco,CN,Piemonte,12026,44.568001,7.457775
004167,Pietraporzio,CN,Piemonte,12010,44.343768,7.033462
004168,Piobesi d'Alba,CN,Piemonte,12040,44.735019,7.979668
004169,Piozzo,CN,Piemonte,12060,44.515655,7.892257
004170,Pocapaglia,CN,Piemonte,12060,44.715241,7.882933
004171,Polonghera,CN,Piemonte,12030,44.80234,7.595725
004172,Pontechianale,CN,Piemonte,12020,44.622646,7.02998
004173,Pradleves,CN,Piemonte,12027,44.418346,7.280699
004174,Prazzo,CN,Piemonte,12028,44.482898,7.055396
004175,Priero,CN,Piemonte,12070,44.376035,8.093343
004176,Priocca,CN,Piemonte,12040,44.787185,8.061645
004177,Priola,CN,Piemonte,12070,44.245575,8.022422
004178,Prunetto,CN,Piemonte,12077,44.488441,8.14375
004179,Racconigi,CN,Piemonte,12035,44.769819,7.678887
004180,Revello,CN,Piemonte,12036,44.654948,7.389914
004181,Rifreddo,CN,Piemonte,12030,44.650734,7.346423
004182,Rittana,CN,Piemonte,12010,44.351028,7.398429
004183,Roaschia,CN,Piemonte,12010,44.270105,7.455976
004184,Roascio,CN,Piemonte,12073,44.417138,8.022343
004185,Robilante,CN,Piemonte,12017,44.294182,7.511178
004186,Roburent,CN,Piemonte,12080,44.306331,7.89224
004187,Roccabruna,CN,Piemonte,12020,44.47453,7.343726
004188,Rocca Cigliè,CN,Piemonte,12060,44.445235,7.950939
004189,Rocca de' Baldi,CN,Piemonte,12047,44.423633,7.761136
004190,Roccaforte Mondovì,CN,Piemonte,12088,44.31794,7.744742
004191,Roccasparvera,CN,Piemonte,12010,44.341583,7.440791
004192,Roccavione,CN,Piemonte,12018,44.314628,7.482432
004193,Rocchetta Belbo,CN,Piemonte,12050,44.636042,8.17534
004194,Roddi,CN,Piemonte,12060,44.679641,7.975435
004195,Roddino,CN,Piemonte,12050,44.573849,8.019119
004196,Rodello,CN,Piemonte,12050,44.62854,8.056838
004197,Rossana,CN,Piemonte,12020,44.543333,7.433826
004198,Ruffia,CN,Piemonte,12030,44.706638,7.604027
004199,Sale delle Langhe,CN,Piemonte,12070,44.395235,8.080143
004200,Sale San Giovanni,CN,Piemonte,12070,44.399902,8.078891
004201,Saliceto,CN,Piemonte,12079,44.413336,8.168644
004202,Salmour,CN,Piemonte,12040,44.578037,7.791833
004203,Saluzzo,CN,Piemonte,12037,44.644605,7.492601
004204,Sambuco,CN,Piemonte,12010,44.336292,7.079338
004205,Sampeyre,CN,Piemonte,12020,44.579684,7.188889
004206,San Benedetto Belbo,CN,Piemonte,12050,44.490137,8.057841
004207,San Damiano Macra,CN,Piemonte,12029,44.48873,7.258424
004208,Sanfrè,CN,Piemonte,12040,44.749384,7.803374
004209,Sanfront,CN,Piemonte,12030,44.647034,7.321022
004210,San Michele Mondovì,CN,Piemonte,12080,44.377031,7.911036
004211,Sant'Albano Stura,CN,Piemonte,12040,44.508934,7.722333
004212,Santa Vittoria d'Alba,CN,Piemonte,12069,44.698641,7.937334
004213,Santo Stefano Belbo,CN,Piemonte,12058,44.70774,8.230731
004214,Santo Stefano Roero,CN,Piemonte,12040,44.788443,7.940933
004215,Savigliano,CN,Piemonte,12038,44.644037,7.655929
004216,Scagnello,CN,Piemonte,12070,44.333333,7.986442
004217,Scarnafigi,CN,Piemonte,12030,44.67881,7.56595
004218,Serralunga d'Alba,CN,Piemonte,12050,44.610686,8.000556
004219,Serravalle Langhe,CN,Piemonte,12050,44.559239,8.058639
004220,Sinio,CN,Piemonte,12050,44.600339,8.019938
004221,Somano,CN,Piemonte,12060,44.535338,8.007839
004222,Sommariva del Bosco,CN,Piemonte,12048,44.768741,7.78533
004223,Sommariva Perno,CN,Piemonte,12040,44.745642,7.900633
004224,Stroppo,CN,Piemonte,12020,44.506858,7.125828
004225,Tarantasca,CN,Piemonte,12020,44.493679,7.543677
004226,Torre Bormida,CN,Piemonte,12050,44.56274,8.154441
004227,Torre Mondovì,CN,Piemonte,12080,44.352832,7.89964
004228,Torre San Giorgio,CN,Piemonte,12030,44.735739,7.528128
004229,Torresina,CN,Piemonte,12070,44.433639,8.036745
004230,Treiso,CN,Piemonte,12050,44.689151,8.086845
004231,Trezzo Tinella,CN,Piemonte,12050,44.677049,8.107468
004232,Trinità,CN,Piemonte,12049,44.508277,7.757897
004233,Valdieri,CN,Piemonte,12010,44.277626,7.397631
004234,Valgrana,CN,Piemonte,12020,44.411229,7.380128
004235,Valloriate,CN,Piemonte,12010,44.338067,7.374371
004237,Venasca,CN,Piemonte,12020,44.562163,7.396865
004238,Verduno,CN,Piemonte,12060,44.66614,7.930735
004239,Vernante,CN,Piemonte,12019,44.245027,7.533834
004240,Verzuolo,CN,Piemonte,12039,44.602899,7.474941
004241,Vezza d'Alba,CN,Piemonte,12040,44.76364,7.996134
004242,Vicoforte,CN,Piemonte,12080,44.374442,7.872552
004243,Vignolo,CN,Piemonte,12010,44.362229,7.472731
004244,Villafalletto,CN,Piemonte,12020,44.543734,7.540129
004245,Villanova Mondovì,CN,Piemonte,12089,44.346932,7.766338
004246,Villanova Solaro,CN,Piemonte,12030,44.729938,7.574426
004247,Villar San Costanzo,CN,Piemonte,12020,44.484731,7.382226
004248,Vinadio,CN,Piemonte,12010,44.309025,7.176025
004249,Viola,CN,Piemonte,12070,44.290744,7.966471
004250,Vottignasco,CN,Piemonte,12020,44.564134,7.579129
005001,Agliano Terme,AT,Piemonte,14041,44.791012,8.249988
005002,Albugnano,AT,Piemonte,14022,45.077966,7.971154
005003,Antignano,AT,Piemonte,14010,44.845059,8.13484
005004,Aramengo,AT,Piemonte,14020,45.101082,8.000528
005005,Asti,AT,Piemonte,14100,44.826013,8.202686
005006,Azzano d'Asti,AT,Piemonte,14030,44.874588,8.267791
005007,Baldichieri d'Asti,AT,Piemonte,14011,44.905948,8.091638
005008,Belveglio,AT,Piemonte,14040,44.830438,8.330191
005009,Berzano di San Pietro,AT,Piemonte,14020,45.094813,7.953012
005010,Bruno,AT,Piemonte,14046,44.793248,8.440543
005011,Bubbio,AT,Piemonte,14051,44.663673,8.295134
005012,Buttigliera d'Asti,AT,Piemonte,14021,45.022638,7.950799
005013,Calamandrana,AT,Piemonte,14042,44.737016,8.334154
005014,Calliano,AT,Piemonte,14031,45.007826,8.25694
005015,Calosso,AT,Piemonte,14052,44.739837,8.227501
005016,Camerano Casasco,AT,Piemonte,14020,44.991013,8.091198
005017,Canelli,AT,Piemonte,14053,44.719278,8.287138
005018,Cantarana,AT,Piemonte,14010,44.900516,8.030217
005019,Capriglio,AT,Piemonte,14014,45.004136,8.007991
005020,Casorzo,AT,Piemonte,14032,45.02339,8.334503
005021,Cassinasco,AT,Piemonte,14050,44.689092,8.303238
005022,Castagnole delle Lanze,AT,Piemonte,14054,44.75114,8.150245
005023,Castagnole Monferrato,AT,Piemonte,14030,44.961596,8.306235
005024,Castel Boglione,AT,Piemonte,14040,44.720396,8.380106
005025,Castell'Alfero,AT,Piemonte,14033,44.982097,8.209929
005026,Castellero,AT,Piemonte,14013,44.924338,8.074544
005027,Castelletto Molina,AT,Piemonte,14040,44.750955,8.433094
005028,Castello di Annone,AT,Piemonte,14034,44.879039,8.31389
005029,Castelnuovo Belbo,AT,Piemonte,14043,44.801534,8.412187
005030,Castelnuovo Calcea,AT,Piemonte,14040,44.788106,8.2853
005031,Castelnuovo Don Bosco,AT,Piemonte,14022,45.040849,7.963128
005032,Castel Rocchero,AT,Piemonte,14044,44.718346,8.415344
005033,Cellarengo,AT,Piemonte,14010,44.866689,7.944725
005034,Celle Enomondo,AT,Piemonte,14010,44.857347,8.122392
005035,Cerreto d'Asti,AT,Piemonte,14020,45.05215,8.035071
005036,Cerro Tanaro,AT,Piemonte,14030,44.872416,8.360249
005037,Cessole,AT,Piemonte,14050,44.648944,8.24364
005038,Chiusano d'Asti,AT,Piemonte,14025,44.985716,8.117159
005039,Cinaglio,AT,Piemonte,14020,44.975249,8.100033
005040,Cisterna d'Asti,AT,Piemonte,14010,44.825007,8.004618
005041,Coazzolo,AT,Piemonte,14054,44.72837,8.145331
005042,Cocconato,AT,Piemonte,14023,45.087459,8.039221
005044,Corsione,AT,Piemonte,14020,45.000907,8.146056
005045,Cortandone,AT,Piemonte,14013,44.958967,8.057802
005046,Cortanze,AT,Piemonte,14020,45.015018,8.08938
005047,Cortazzone,AT,Piemonte,14010,44.979636,8.061662
005048,Cortiglione,AT,Piemonte,14040,44.822849,8.358889
005049,Cossombrato,AT,Piemonte,14020,44.99432,8.136651
005050,Costigliole d'Asti,AT,Piemonte,14055,44.786418,8.182223
005051,Cunico,AT,Piemonte,14026,45.03995,8.096731
005052,Dusino San Michele,AT,Piemonte,14010,44.925493,7.97219
005053,Ferrere,AT,Piemonte,14012,44.875446,7.994732
005054,Fontanile,AT,Piemonte,14044,44.753259,8.422351
005055,Frinco,AT,Piemonte,14030,45.004901,8.168806
005056,Grana,AT,Piemonte,14031,44.998351,8.299436
005057,Grazzano Badoglio,AT,Piemonte,14035,45.039582,8.313553
005058,Incisa Scapaccino,AT,Piemonte,14045,44.808456,8.373444
005059,Isola d'Asti,AT,Piemonte,14057,44.829367,8.177452
005060,Loazzolo,AT,Piemonte,14051,44.669043,8.258442
005061,Maranzana,AT,Piemonte,14040,44.760563,8.478257
005062,Maretto,AT,Piemonte,14018,44.944711,8.034271
005063,Moasca,AT,Piemonte,14050,44.762719,8.277822
005064,Mombaldone,AT,Piemonte,14050,44.569556,8.330186
005065,Mombaruzzo,AT,Piemonte,14046,44.771349,8.448909
005066,Mombercelli,AT,Piemonte,14047,44.81771,8.294669
005067,Monale,AT,Piemonte,14013,44.93605,8.071859
005068,Monastero Bormida,AT,Piemonte,14058,44.648543,8.326643
005069,Moncalvo,AT,Piemonte,14036,45.050222,8.26522
005070,Moncucco Torinese,AT,Piemonte,14024,45.068107,7.932533
005071,Mongardino,AT,Piemonte,14040,44.849233,8.218475
005072,Montabone,AT,Piemonte,14040,44.698745,8.390644
005073,Montafia,AT,Piemonte,14014,44.989289,8.024872
005074,Montaldo Scarampi,AT,Piemonte,14048,44.830345,8.259052
005075,Montechiaro d'Asti,AT,Piemonte,14025,45.007816,8.112152
005076,Montegrosso d'Asti,AT,Piemonte,14048,44.823943,8.239782
005077,Montemagno,AT,Piemonte,14030,44.983701,8.323579
005080,Nizza Monferrato,AT,Piemonte,14049,44.77331,8.353709
005081,Olmo Gentile,AT,Piemonte,14050,44.58582,8.247201
005082,Passerano Marmorito,AT,Piemonte,14020,45.05585,8.018729
005083,Penango,AT,Piemonte,14030,45.033201,8.250253
005084,Piea,AT,Piemonte,14020,45.025113,8.071827
005085,Pino d'Asti,AT,Piemonte,14020,45.05745,7.986229
005086,Piovà Massaia,AT,Piemonte,14026,45.054532,8.049276
005087,Portacomaro,AT,Piemonte,14037,44.957405,8.258145
005088,Quaranti,AT,Piemonte,14040,44.750947,8.449144
005089,Refrancore,AT,Piemonte,14030,44.936297,8.343661
005090,Revigliasco d'Asti,AT,Piemonte,14010,44.85854,8.158222
005091,Roatto,AT,Piemonte,14018,44.951609,8.027015
005092,Robella,AT,Piemonte,14020,45.101652,8.10193
005093,Rocca d'Arazzo,AT,Piemonte,14030,44.873212,8.285806
005094,Roccaverano,AT,Piemonte,14050,44.592176,8.271898
005095,Rocchetta Palafea,AT,Piemonte,14042,44.706723,8.346003
005096,Rocchetta Tanaro,AT,Piemonte,14030,44.858671,8.345706
005097,San Damiano d'Asti,AT,Piemonte,14015,44.833445,8.063534
005098,San Giorgio Scarampi,AT,Piemonte,14059,44.611329,8.242425
005099,San Martino Alfieri,AT,Piemonte,14010,44.818627,8.109185
005100,San Marzano Oliveto,AT,Piemonte,14050,44.754021,8.295757
005101,San Paolo Solbrito,AT,Piemonte,14010,44.950565,7.970582
005103,Scurzolengo,AT,Piemonte,14030,44.965799,8.278499
005104,Serole,AT,Piemonte,14050,44.553887,8.259555
005105,Sessame,AT,Piemonte,14058,44.6695,8.337265
005106,Settime,AT,Piemonte,14020,44.962466,8.11397
005107,Soglio,AT,Piemonte,14020,44.996298,8.078514
005108,Tigliole,AT,Piemonte,14016,44.886952,8.075355
005109,Tonco,AT,Piemonte,14039,45.024451,8.190036
005111,Vaglio Serra,AT,Piemonte,14049,44.796406,8.339014
005112,Valfenera,AT,Piemonte,14017,44.901746,7.964331
005113,Vesime,AT,Piemonte,14059,44.636851,8.22817
005114,Viale,AT,Piemonte,14010,45.000745,8.05012
005115,Viarigi,AT,Piemonte,14030,44.980508,8.358455
005116,Vigliano d'Asti,AT,Piemonte,14040,44.835433,8.231949
005117,Villafranca d'Asti,AT,Piemonte,14018,44.91329,8.032501
005118,Villanova d'Asti,AT,Piemonte,14019,44.941889,7.937502
005119,Villa San Secondo,AT,Piemonte,14020,45.005075,8.135249
005120,Vinchio,AT,Piemonte,14040,44.807318,8.317386
005121,Montiglio Monferrato,AT,Piemonte,14026,45.06447,8.098861
005122,Moransengo-Tonengo,AT,Piemonte,,,
006001,Acqui Terme,AL,Piemonte,15011,44.675145,8.467546
006002,Albera Ligure,AL,Piemonte,15060,44.702351,9.066158
006003,Alessandria,AL,Piemonte,15121,44.834953,8.74503
006004,Alfiano Natta,AL,Piemonte,15021,45.048552,8.208334
006005,Alice Bel Colle,AL,Piemonte,15010,44.726046,8.450745
006007,Altavilla Monferrato,AL,Piemonte,15041,44.993552,8.375938
006008,Alzano Scrivia,AL,Piemonte,15050,45.018057,8.880649
006009,Arquata Scrivia,AL,Piemonte,15061,44.687845,8.885338
006010,Avolasca,AL,Piemonte,15050,44.802832,8.965144
006011,Balzola,AL,Piemonte,15031,45.183005,8.402652
006012,Basaluzzo,AL,Piemonte,15060,44.767905,8.704785
006013,Bassignana,AL,Piemonte,15042,45.001634,8.734624
006014,Belforte Monferrato,AL,Piemonte,15070,44.625046,8.661251
006015,Bergamasco,AL,Piemonte,15022,44.827249,8.454743
006016,Berzano di Tortona,AL,Piemonte,15050,44.876356,8.949685
006017,Bistagno,AL,Piemonte,15012,44.661518,8.369525
006018,Borghetto di Borbera,AL,Piemonte,15060,44.730892,8.945331
006019,Borgoratto Alessandrino,AL,Piemonte,15013,44.83625,8.538545
006020,Borgo San Martino,AL,Piemonte,15032,45.090963,8.525829
006021,Bosco Marengo,AL,Piemonte,15062,44.825551,8.677248
006022,Bosio,AL,Piemonte,15060,44.650033,8.792389
006023,Bozzole,AL,Piemonte,15040,45.070192,8.606488
006024,Brignano-Frascata,AL,Piemonte,15050,44.810065,9.042552
006025,Cabella Ligure,AL,Piemonte,15060,44.673751,9.09576
006026,Camagna Monferrato,AL,Piemonte,15030,45.017653,8.429739
006027,Camino,AL,Piemonte,15020,45.162142,8.287403
006028,Cantalupo Ligure,AL,Piemonte,15060,44.718152,9.044958
006029,Capriata d'Orba,AL,Piemonte,15060,44.727849,8.69085
006030,Carbonara Scrivia,AL,Piemonte,15050,44.8494,8.869654
006031,Carentino,AL,Piemonte,15026,44.828739,8.471299
006032,Carezzano,AL,Piemonte,15051,44.806893,8.900179
006033,Carpeneto,AL,Piemonte,15071,44.677202,8.606409
006034,Carrega Ligure,AL,Piemonte,15060,44.619046,9.175637
006035,Carrosio,AL,Piemonte,15060,44.658248,8.831554
006036,Cartosio,AL,Piemonte,15015,44.591842,8.420131
006037,Casal Cermelli,AL,Piemonte,15072,44.83495,8.624946
006038,Casaleggio Boiro,AL,Piemonte,15070,44.633547,8.730452
006039,Casale Monferrato,AL,Piemonte,15033,45.136266,8.449813
006040,Casalnoceto,AL,Piemonte,15052,44.913177,8.981156
006041,Casasco,AL,Piemonte,15050,44.828347,9.005811
006043,Cassine,AL,Piemonte,15016,44.749948,8.527846
006044,Cassinelle,AL,Piemonte,15070,44.601544,8.563449
006045,Castellania Coppi,AL,Piemonte,15051,44.798268,8.930478
006046,Castellar Guidobono,AL,Piemonte,15050,44.905726,8.948289
006047,Castellazzo Bormida,AL,Piemonte,15073,44.84505,8.577245
006048,Castelletto d'Erro,AL,Piemonte,15010,44.62559,8.394288
006049,Castelletto d'Orba,AL,Piemonte,15060,44.684548,8.703951
006050,Castelletto Merli,AL,Piemonte,15020,45.074454,8.240564
006051,Castelletto Monferrato,AL,Piemonte,15040,44.981148,8.564545
006052,Castelnuovo Bormida,AL,Piemonte,15017,44.742648,8.548547
006053,Castelnuovo Scrivia,AL,Piemonte,15053,44.980249,8.880356
006054,Castelspina,AL,Piemonte,15070,44.806149,8.583146
006055,Cavatore,AL,Piemonte,15010,44.630344,8.454247
006056,Cella Monte,AL,Piemonte,15034,45.074868,8.391185
006057,Cereseto,AL,Piemonte,15020,45.087654,8.319935
006058,Cerreto Grue,AL,Piemonte,15050,44.842216,8.931119
006059,Cerrina Monferrato,AL,Piemonte,15020,45.121354,8.213832
006060,Coniolo,AL,Piemonte,15030,45.146852,8.371519
006061,Conzano,AL,Piemonte,15030,45.019717,8.456369
006062,Costa Vescovato,AL,Piemonte,15050,44.81643,8.926872
006063,Cremolino,AL,Piemonte,15010,44.635945,8.585249
006065,Denice,AL,Piemonte,15010,44.598842,8.333145
006066,Dernice,AL,Piemonte,15056,44.766872,9.05076
006067,Fabbrica Curone,AL,Piemonte,15054,44.784954,9.147559
006068,Felizzano,AL,Piemonte,15023,44.899964,8.436212
006069,Fraconalto,AL,Piemonte,15060,44.591047,8.878456
006070,Francavilla Bisio,AL,Piemonte,15060,44.734649,8.731251
006071,Frascaro,AL,Piemonte,15010,44.826449,8.532245
006072,Frassinello Monferrato,AL,Piemonte,15035,45.031753,8.387638
006073,Frassineto Po,AL,Piemonte,15040,45.133411,8.533943
006074,Fresonara,AL,Piemonte,15064,44.78295,8.686149
006075,Frugarolo,AL,Piemonte,15065,44.837151,8.681548
006076,Fubine Monferrato,AL,Piemonte,15043,44.962752,8.42994
006077,Gabiano,AL,Piemonte,15020,45.156754,8.195231
006078,Gamalero,AL,Piemonte,15010,44.809049,8.541645
006079,Garbagna,AL,Piemonte,15050,44.780453,8.997856
006081,Gavi,AL,Piemonte,15066,44.687649,8.809353
006082,Giarole,AL,Piemonte,15036,45.060555,8.566541
006083,Gremiasco,AL,Piemonte,15056,44.796254,9.106858
006084,Grognardo,AL,Piemonte,15010,44.63055,8.492931
006085,Grondona,AL,Piemonte,15060,44.69645,8.965456
006086,Guazzora,AL,Piemonte,15050,45.0138,8.843573
006087,Isola Sant'Antonio,AL,Piemonte,15050,45.030501,8.848734
006088,Lerma,AL,Piemonte,15070,44.636047,8.715452
006090,Malvicino,AL,Piemonte,15015,44.559342,8.413147
006091,Masio,AL,Piemonte,15024,44.869649,8.407741
006092,Melazzo,AL,Piemonte,15010,44.643944,8.424946
006093,Merana,AL,Piemonte,15010,44.518798,8.298076
006094,Mirabello Monferrato,AL,Piemonte,15040,45.035552,8.523249
006095,Molare,AL,Piemonte,15074,44.618645,8.60055
006096,Molino dei Torti,AL,Piemonte,15050,45.023436,8.892237
006097,Mombello Monferrato,AL,Piemonte,15020,45.132854,8.250333
006098,Momperone,AL,Piemonte,15050,44.838445,9.035317
006099,Moncestino,AL,Piemonte,15020,45.15476,8.161422
006100,Mongiardino Ligure,AL,Piemonte,15060,44.640139,9.061854
006101,Monleale,AL,Piemonte,15059,44.887066,8.980251
006102,Montacuto,AL,Piemonte,15050,44.766453,9.104958
006103,Montaldeo,AL,Piemonte,15060,44.667147,8.730152
006104,Montaldo Bormida,AL,Piemonte,15010,44.682647,8.587848
006105,Montecastello,AL,Piemonte,15040,44.949452,8.685741
006106,Montechiaro d'Acqui,AL,Piemonte,15010,44.59494,8.37957
006107,Montegioco,AL,Piemonte,15050,44.841776,8.963008
006108,Montemarzino,AL,Piemonte,15050,44.848338,8.99361
006109,Morano sul Po,AL,Piemonte,15025,45.164222,8.365692
006110,Morbello,AL,Piemonte,15010,44.590801,8.518387
006111,Mornese,AL,Piemonte,15075,44.639247,8.756153
006112,Morsasco,AL,Piemonte,15010,44.665346,8.550848
006113,Murisengo,AL,Piemonte,15020,45.083776,8.137233
006114,Novi Ligure,AL,Piemonte,15067,44.76085,8.789551
006115,Occimiano,AL,Piemonte,15040,45.060255,8.50764
006116,Odalengo Grande,AL,Piemonte,15020,45.10976,8.166903
006117,Odalengo Piccolo,AL,Piemonte,15020,45.071652,8.206033
006118,Olivola,AL,Piemonte,15030,45.037388,8.367527
006119,Orsara Bormida,AL,Piemonte,15010,44.690146,8.562748
006120,Ottiglio,AL,Piemonte,15038,45.054321,8.338375
006121,Ovada,AL,Piemonte,15076,44.638346,8.64525
006122,Oviglio,AL,Piemonte,15026,44.86125,8.487743
006123,Ozzano Monferrato,AL,Piemonte,15039,45.108923,8.37023
006124,Paderna,AL,Piemonte,15050,44.820713,8.89163
006125,Pareto,AL,Piemonte,15010,44.516402,8.382161
006126,Parodi Ligure,AL,Piemonte,15060,44.669748,8.758652
006127,Pasturana,AL,Piemonte,15060,44.75085,8.749251
006128,Pecetto di Valenza,AL,Piemonte,15040,44.989755,8.670945
006129,Pietra Marazzi,AL,Piemonte,15040,44.943799,8.67014
006131,Pomaro Monferrato,AL,Piemonte,15040,45.062915,8.594743
006132,Pontecurone,AL,Piemonte,15055,44.960475,8.933609
006133,Pontestura,AL,Piemonte,15027,45.143284,8.333425
006134,Ponti,AL,Piemonte,15010,44.627476,8.36539
006135,Ponzano Monferrato,AL,Piemonte,15020,45.084853,8.265534
006136,Ponzone,AL,Piemonte,15010,44.588185,8.458654
006137,Pozzol Groppo,AL,Piemonte,15050,44.878055,9.029854
006138,Pozzolo Formigaro,AL,Piemonte,15068,44.795154,8.784849
006139,Prasco,AL,Piemonte,15010,44.639245,8.551948
006140,Predosa,AL,Piemonte,15077,44.752637,8.658324
006141,Quargnento,AL,Piemonte,15044,44.944966,8.487386
006142,Quattordio,AL,Piemonte,15028,44.89635,8.404941
006143,Ricaldone,AL,Piemonte,15010,44.731935,8.467775
006144,Rivalta Bormida,AL,Piemonte,15010,44.711375,8.550068
006145,Rivarone,AL,Piemonte,15040,44.976855,8.715646
006146,Roccaforte Ligure,AL,Piemonte,15060,44.677486,9.028695
006147,Rocca Grimalda,AL,Piemonte,15078,44.671447,8.64845
006148,Rocchetta Ligure,AL,Piemonte,15060,44.706551,9.050458
006149,Rosignano Monferrato,AL,Piemonte,15030,45.079878,8.398478
006150,Sala Monferrato,AL,Piemonte,15030,45.075154,8.358736
006151,Sale,AL,Piemonte,15045,44.980656,8.809348
006152,San Cristoforo,AL,Piemonte,15060,44.692248,8.750152
006153,San Giorgio Monferrato,AL,Piemonte,15020,45.107685,8.413055
006154,San Salvatore Monferrato,AL,Piemonte,15046,44.994154,8.565942
006155,San Sebastiano Curone,AL,Piemonte,15056,44.785816,9.064654
006156,Sant'Agata Fossili,AL,Piemonte,15050,44.784752,8.921154
006157,Sardigliano,AL,Piemonte,15060,44.752885,8.896325
006158,Sarezzano,AL,Piemonte,15050,44.867612,8.912663
006159,Serralunga di Crea,AL,Piemonte,15020,45.100254,8.282034
006160,Serravalle Scrivia,AL,Piemonte,15069,44.72558,8.8547
006161,Sezzadio,AL,Piemonte,15079,44.784849,8.572546
006162,Silvano d'Orba,AL,Piemonte,15060,44.686915,8.67496
006163,Solero,AL,Piemonte,15029,44.918498,8.511902
006164,Solonghello,AL,Piemonte,15020,45.129054,8.283234
006165,Spigno Monferrato,AL,Piemonte,15018,44.543141,8.333946
006166,Spineto Scrivia,AL,Piemonte,15050,44.837353,8.873752
006167,Stazzano,AL,Piemonte,15060,44.727394,8.867728
006168,Strevi,AL,Piemonte,15019,44.698146,8.521847
006169,Tagliolo Monferrato,AL,Piemonte,15070,44.638346,8.665851
006170,Tassarolo,AL,Piemonte,15060,44.728549,8.771552
006171,Terruggia,AL,Piemonte,15030,45.082255,8.443238
006172,Terzo,AL,Piemonte,15010,44.670445,8.421645
006173,Ticineto,AL,Piemonte,15040,45.098026,8.555658
006174,Tortona,AL,Piemonte,15057,44.89666,8.864128
006175,Treville,AL,Piemonte,15030,45.096854,8.359536
006176,Trisobbio,AL,Piemonte,15070,44.661646,8.586149
006177,Valenza,AL,Piemonte,15048,45.014025,8.645821
006178,Valmacca,AL,Piemonte,15040,45.100786,8.582789
006179,Vignale Monferrato,AL,Piemonte,15049,45.011253,8.396138
006180,Vignole Borbera,AL,Piemonte,15060,44.709948,8.891262
006181,Viguzzolo,AL,Piemonte,15058,44.905507,8.918616
006182,Villadeati,AL,Piemonte,15020,45.072252,8.167932
006183,Villalvernia,AL,Piemonte,15050,44.815352,8.857252
006184,Villamiroglio,AL,Piemonte,15020,45.134725,8.170291
006185,Villanova Monferrato,AL,Piemonte,15030,45.182857,8.479237
006186,Villaromagnano,AL,Piemonte,15050,44.849653,8.887752
006187,Visone,AL,Piemonte,15010,44.661845,8.500747
006188,Volpedo,AL,Piemonte,15059,44.890375,8.9823
006189,Volpeglino,AL,Piemonte,15050,44.892495,8.96006
006190,Voltaggio,AL,Piemonte,15060,44.620354,8.842748
006191,Cassano Spinola,AL,Piemonte,15063,44.766166,8.863175
006192,Alluvioni Piovera,AL,Piemonte,15047,44.982464,8.752398
006193,Lu e Cuccaro Monferrato,AL,Piemonte,15040,44.996613,8.474265
096001,Ailoche,BI,Piemonte,13861,45.698291,8.221213
096002,Andorno Micca,BI,Piemonte,13811,45.609264,8.05272
096003,Benna,BI,Piemonte,13871,45.513662,8.126623
096004,Biella,BI,Piemonte,13900,45.566954,8.086912
096005,Bioglio,BI,Piemonte,13841,45.606808,8.129709
096006,Borriana,BI,Piemonte,13872,45.506161,8.038621
096007,Brusnengo,BI,Piemonte,13862,45.593865,8.251924
096008,Callabiana,BI,Piemonte,13821,45.631365,8.09722
096009,Camandona,BI,Piemonte,13821,45.644165,8.09972
096010,Camburzano,BI,Piemonte,13891,45.543668,8.003131
096012,Candelo,BI,Piemonte,13878,45.546208,8.112599
096013,Caprile,BI,Piemonte,13864,45.689752,8.21626
096014,Casapinta,BI,Piemonte,13866,45.616096,8.195713
096015,Castelletto Cervo,BI,Piemonte,13851,45.516218,8.226654
096016,Cavaglià,BI,Piemonte,13881,45.407734,8.093429
096018,Cerrione,BI,Piemonte,13882,45.468361,8.068123
096019,Coggiola,BI,Piemonte,13863,45.688139,8.176264
096020,Cossato,BI,Piemonte,13836,45.569912,8.179988
096021,Crevacuore,BI,Piemonte,13864,45.686868,8.246722
096023,Curino,BI,Piemonte,13865,45.627597,8.23728
096024,Donato,BI,Piemonte,13893,45.528192,7.908557
096025,Dorzano,BI,Piemonte,13881,45.42606,8.098524
096026,Gaglianico,BI,Piemonte,13894,45.537862,8.075022
096027,Gifflenga,BI,Piemonte,13874,45.493063,8.232226
096028,Graglia,BI,Piemonte,13895,45.558562,7.978019
096030,Magnano,BI,Piemonte,13887,45.462058,8.004502
096031,Massazza,BI,Piemonte,13873,45.491362,8.164524
096032,Masserano,BI,Piemonte,13866,45.594632,8.224249
096033,Mezzana Mortigliengo,BI,Piemonte,13831,45.626566,8.189522
096034,Miagliano,BI,Piemonte,13816,45.613464,8.044719
096035,Mongrando,BI,Piemonte,13888,45.527732,8.010583
096037,Mottalciata,BI,Piemonte,13874,45.505063,8.206725
096038,Muzzano,BI,Piemonte,13895,45.560762,7.988919
096039,Netro,BI,Piemonte,13896,45.537929,7.945516
096040,Occhieppo Inferiore,BI,Piemonte,13897,45.55612,8.021519
096041,Occhieppo Superiore,BI,Piemonte,13898,45.565062,8.001319
096042,Pettinengo,BI,Piemonte,13843,45.613064,8.104221
096043,Piatto,BI,Piemonte,13844,45.589864,8.135322
096044,Piedicavallo,BI,Piemonte,13812,45.689803,7.95479
096046,Pollone,BI,Piemonte,13814,45.579763,8.005919
096047,Ponderano,BI,Piemonte,13875,45.538462,8.055921
096048,Portula,BI,Piemonte,13833,45.675283,8.179365
096049,Pralungo,BI,Piemonte,13899,45.592148,8.037924
096050,Pray,BI,Piemonte,13867,45.676196,8.208714
096053,Ronco Biellese,BI,Piemonte,13845,45.581354,8.098778
096054,Roppolo,BI,Piemonte,13883,45.420559,8.069724
096055,Rosazza,BI,Piemonte,13815,45.675765,7.977117
096056,Sagliano Micca,BI,Piemonte,13816,45.625764,8.043319
096057,Sala Biellese,BI,Piemonte,13884,45.50816,7.95842
096058,Salussola,BI,Piemonte,13885,45.449324,8.109157
096059,Sandigliano,BI,Piemonte,13876,45.518562,8.077522
096063,Sordevolo,BI,Piemonte,13817,45.573638,7.974245
096064,Sostegno,BI,Piemonte,13868,45.652854,8.269701
096065,Strona,BI,Piemonte,13823,45.616565,8.169122
096066,Tavigliano,BI,Piemonte,13811,45.623258,8.052881
096067,Ternengo,BI,Piemonte,13844,45.589748,8.116028
096068,Tollegno,BI,Piemonte,13818,45.593049,8.051676
096069,Torrazzo,BI,Piemonte,13884,45.49838,7.953648
096071,Valdengo,BI,Piemonte,13855,45.567322,8.136866
096072,Vallanzengo,BI,Piemonte,13847,45.603265,8.150422
096074,Valle San Nicolao,BI,Piemonte,13847,45.606969,8.141182
096075,Veglio,BI,Piemonte,13824,45.640565,8.11412
096076,Verrone,BI,Piemonte,13871,45.503662,8.119023
096077,Vigliano Biellese,BI,Piemonte,13856,45.564475,8.104537
096078,Villa del Bosco,BI,Piemonte,13868,45.620566,8.279624
096079,Villanova Biellese,BI,Piemonte,13877,45.481562,8.194325
096080,Viverone,BI,Piemonte,13886,45.425554,8.051215
096081,Zimone,BI,Piemonte,13887,45.44926,8.035808
096082,Zubiena,BI,Piemonte,13888,45.492752,7.997712
096083,Zumaglia,BI,Piemonte,13848,45.593864,8.089421
096085,Lessona,BI,Piemonte,13853,45.58727,8.194337
096086,Campiglia Cervo,BI,Piemonte,13812,45.662808,7.999942
096087,Quaregna Cerreto,BI,Piemonte,13854,45.575018,8.1614
096088,Valdilana,BI,Piemonte,13835,45.666126,8.144302
103001,Antrona Schieranco,VB,Piemonte,28841,46.05688,8.09646
103002,Anzola d'Ossola,VB,Piemonte,28877,45.988976,8.344519
103003,Arizzano,VB,Piemonte,28811,45.957377,8.582925
103004,Arola,VB,Piemonte,28899,45.808356,8.357465
103005,Aurano,VB,Piemonte,28812,45.999111,8.588311
103006,Baceno,VB,Piemonte,28861,46.260882,8.320213
103007,Bannio Anzino,VB,Piemonte,28871,45.959966,8.155128
103008,Baveno,VB,Piemonte,28831,45.908916,8.505017
103009,Bee,VB,Piemonte,28813,45.963268,8.575854
103010,Belgirate,VB,Piemonte,28832,45.838874,8.571427
103011,Beura-Cardezza,VB,Piemonte,28851,46.079578,8.299716
103012,Bognanco,VB,Piemonte,28842,46.126378,8.201113
103013,Brovello-Carpugnino,VB,Piemonte,28833,45.851801,8.539622
103014,Calasca-Castiglione,VB,Piemonte,28873,45.99173,8.193377
103015,Cambiasca,VB,Piemonte,28814,45.962377,8.544624
103016,Cannero Riviera,VB,Piemonte,28821,46.02125,8.681398
103017,Cannobio,VB,Piemonte,28822,46.061808,8.697639
103018,Caprezzo,VB,Piemonte,28815,45.981978,8.562824
103019,Casale Corte Cerro,VB,Piemonte,28881,45.915843,8.413678
103021,Ceppo Morelli,VB,Piemonte,28875,45.971773,8.067713
103022,Cesara,VB,Piemonte,28891,45.834472,8.366422
103023,Cossogno,VB,Piemonte,28801,45.964077,8.509623
103024,Craveggia,VB,Piemonte,28852,46.140377,8.489429
103025,Crevoladossola,VB,Piemonte,28865,46.148584,8.297416
103026,Crodo,VB,Piemonte,28862,46.223301,8.323936
103028,Domodossola,VB,Piemonte,28845,46.115245,8.292046
103029,Druogno,VB,Piemonte,28853,46.134537,8.436344
103031,Formazza,VB,Piemonte,28863,46.374475,8.421044
103032,Germagno,VB,Piemonte,28887,45.892281,8.388294
103033,Ghiffa,VB,Piemonte,28823,45.959122,8.619823
103034,Gignese,VB,Piemonte,28836,45.860769,8.509671
103035,Gravellona Toce,VB,Piemonte,28883,45.930175,8.431222
103036,Gurro,VB,Piemonte,28828,46.085676,8.570615
103037,Intragna,VB,Piemonte,28816,45.994151,8.572928
103038,Loreglia,VB,Piemonte,28893,45.906581,8.37119
103039,Macugnaga,VB,Piemonte,28876,45.969872,7.966011
103040,Madonna del Sasso,VB,Piemonte,28894,45.788014,8.346854
103041,Malesco,VB,Piemonte,28854,46.126618,8.500919
103042,Masera,VB,Piemonte,28855,46.139979,8.323415
103043,Massiola,VB,Piemonte,28895,45.91243,8.320078
103044,Mergozzo,VB,Piemonte,28802,45.96128,8.449525
103045,Miazzina,VB,Piemonte,28817,45.976377,8.522223
103046,Montecrestese,VB,Piemonte,28864,46.162833,8.329842
103047,Montescheno,VB,Piemonte,28843,46.06792,8.225245
103048,Nonio,VB,Piemonte,28891,45.845773,8.377522
103049,Oggebbio,VB,Piemonte,28824,45.997679,8.650425
103050,Omegna,VB,Piemonte,28887,45.879774,8.408022
103051,Ornavasso,VB,Piemonte,28877,45.962083,8.393624
103052,Pallanzeno,VB,Piemonte,28884,46.041976,8.258116
103053,Piedimulera,VB,Piemonte,28885,46.024238,8.259263
103054,Pieve Vergonte,VB,Piemonte,28886,46.012976,8.260816
103055,Premeno,VB,Piemonte,28818,45.978099,8.5961
103056,Premia,VB,Piemonte,28866,46.268144,8339
103057,Premosello-Chiovenda,VB,Piemonte,28803,46.003956,8.32759
103058,Quarna Sopra,VB,Piemonte,28898,45.871379,8.374771
103059,Quarna Sotto,VB,Piemonte,28896,45.868538,8.364781
103060,Re,VB,Piemonte,28856,46.129855,8.54415
103061,San Bernardino Verbano,VB,Piemonte,28804,45.995222,8.456146
103062,Santa Maria Maggiore,VB,Piemonte,28857,46.134955,8.467278
103064,Stresa,VB,Piemonte,28838,45.883728,8.539027
103065,Toceno,VB,Piemonte,28858,46.144097,8.468442
103066,Trarego Viggiona,VB,Piemonte,28826,46.038692,8.646128
103067,Trasquera,VB,Piemonte,28868,46.21338,8.212711
103068,Trontano,VB,Piemonte,28859,46.122479,8.333216
103069,Valstrona,VB,Piemonte,28897,45.922954,8.256255
103070,Vanzone con San Carlo,VB,Piemonte,28879,45.983239,8.110339
103071,Varzo,VB,Piemonte,28868,46.20668,8.252412
103072,Verbania,VB,Piemonte,28922,45.937663,8.52653
103074,Vignone,VB,Piemonte,28819,45.959773,8.566617
103075,Villadossola,VB,Piemonte,28844,46.066663,8.260717
103076,Villette,VB,Piemonte,28856,46.132203,8.535317
103077,Vogogna,VB,Piemonte,28805,46.008976,8.293017
103078,Borgomezzavalle,VB,Piemonte,28841,46.047315,8.199445
103079,Valle Cannobina,VB,Piemonte,28825,46.103002,8.599741
007001,Allein,AO,Valle d'Aosta/Vallée d'Aoste,11010,45.807839,7.272512
007002,Antey-Saint-André,AO,Valle d'Aosta/Vallée d'Aoste,11020,45.806525,7.598199
007003,Aosta,AO,Valle d'Aosta/Vallée d'Aoste,11100,45.737088,7.319665
007004,Arnad,AO,Valle d'Aosta/Vallée d'Aoste,11020,45.644475,7.722183
007005,Arvier,AO,Valle d'Aosta/Vallée d'Aoste,11011,45.702451,7.166471
007006,Avise,AO,Valle d'Aosta/Vallée d'Aoste,11010,45.708589,7.139746
007007,Ayas,AO,Valle d'Aosta/Vallée d'Aoste,11020,45.862633,7.731892
007008,Aymavilles,AO,Valle d'Aosta/Vallée d'Aoste,11010,45.701736,7.247656
007009,Bard,AO,Valle d'Aosta/Vallée d'Aoste,11020,45.609651,7.745729
007010,Bionaz,AO,Valle d'Aosta/Vallée d'Aoste,11010,45.913204,7.497951
007011,Brissogne,AO,Valle d'Aosta/Vallée d'Aoste,11020,45.72852,7.406663
007012,Brusson,AO,Valle d'Aosta/Vallée d'Aoste,11022,45.759342,7.730447
007013,Challand-Saint-Anselme,AO,Valle d'Aosta/Vallée d'Aoste,11020,45.715462,7.763044
007014,Challand-Saint-Victor,AO,Valle d'Aosta/Vallée d'Aoste,11020,45.683852,7.735185
007015,Chambave,AO,Valle d'Aosta/Vallée d'Aoste,11023,45.710478,7.550656
007016,Chamois,AO,Valle d'Aosta/Vallée d'Aoste,11020,45.838158,7.619692
007017,Champdepraz,AO,Valle d'Aosta/Vallée d'Aoste,11020,45.685332,7.657765
007018,Champorcher,AO,Valle d'Aosta/Vallée d'Aoste,11020,45.623874,7.621017
007019,Charvensod,AO,Valle d'Aosta/Vallée d'Aoste,11020,45.720879,7.326089
007020,Châtillon,AO,Valle d'Aosta/Vallée d'Aoste,11024,45.748786,7.612529
007021,Cogne,AO,Valle d'Aosta/Vallée d'Aoste,11012,45.608742,7.356023
007022,Courmayeur,AO,Valle d'Aosta/Vallée d'Aoste,11013,45.787425,6.973062
007023,Donnas,AO,Valle d'Aosta/Vallée d'Aoste,11020,45.603763,7.769697
007024,Doues,AO,Valle d'Aosta/Vallée d'Aoste,11010,45.819391,7.306582
007025,Emarèse,AO,Valle d'Aosta/Vallée d'Aoste,11020,45.724202,7.690159
007026,Etroubles,AO,Valle d'Aosta/Vallée d'Aoste,11014,45.820582,7.230574
007027,Fénis,AO,Valle d'Aosta/Vallée d'Aoste,11020,45.736013,7.494371
007028,Fontainemore,AO,Valle d'Aosta/Vallée d'Aoste,11020,45.64826,7.860256
007029,Gaby,AO,Valle d'Aosta/Vallée d'Aoste,11020,45.710652,7.890131
007030,Gignod,AO,Valle d'Aosta/Vallée d'Aoste,11010,45.779194,7.295678
007031,Gressan,AO,Valle d'Aosta/Vallée d'Aoste,11020,45.719173,7.285097
007032,Gressoney-La-Trinité,AO,Valle d'Aosta/Vallée d'Aoste,11020,45.829612,7.824127
007033,Gressoney-Saint-Jean,AO,Valle d'Aosta/Vallée d'Aoste,11025,45.779297,7.825032
007034,Hône,AO,Valle d'Aosta/Vallée d'Aoste,11020,45.613726,7.737831
007035,Introd,AO,Valle d'Aosta/Vallée d'Aoste,11010,45.690502,7.186625
007036,Issime,AO,Valle d'Aosta/Vallée d'Aoste,11020,45.686623,7.853814
007037,Issogne,AO,Valle d'Aosta/Vallée d'Aoste,11020,45.654378,7.684603
007038,Jovençan,AO,Valle d'Aosta/Vallée d'Aoste,11020,45.715086,7.276343
007039,La Magdeleine,AO,Valle d'Aosta/Vallée d'Aoste,11020,45.814054,7.621875
007040,La Salle,AO,Valle d'Aosta/Vallée d'Aoste,11015,45.745437,7.070565
007041,La Thuile,AO,Valle d'Aosta/Vallée d'Aoste,11016,45.716288,6.948612
007042,Lillianes,AO,Valle d'Aosta/Vallée d'Aoste,11020,45.632642,7.844605
007043,Montjovet,AO,Valle d'Aosta/Vallée d'Aoste,11020,45.712361,7.659041
007044,Morgex,AO,Valle d'Aosta/Vallée d'Aoste,11017,45.758022,7.035433
007045,Nus,AO,Valle d'Aosta/Vallée d'Aoste,11020,45.74124,7.469617
007046,Ollomont,AO,Valle d'Aosta/Vallée d'Aoste,11010,45.849655,7.310644
007047,Oyace,AO,Valle d'Aosta/Vallée d'Aoste,11010,45.850765,7.382866
007048,Perloz,AO,Valle d'Aosta/Vallée d'Aoste,11020,45.613845,7.808409
007049,Pollein,AO,Valle d'Aosta/Vallée d'Aoste,11020,45.727967,7.352221
007050,Pontboset,AO,Valle d'Aosta/Vallée d'Aoste,11020,45.607614,7.686379
007051,Pontey,AO,Valle d'Aosta/Vallée d'Aoste,11024,45.71744,7.583269
007052,Pont-Saint-Martin,AO,Valle d'Aosta/Vallée d'Aoste,11026,45.59944,7.799438
007053,Pré-Saint-Didier,AO,Valle d'Aosta/Vallée d'Aoste,11010,45.763942,6.985347
007054,Quart,AO,Valle d'Aosta/Vallée d'Aoste,11020,45.740958,7.414362
007055,Rhêmes-Notre-Dame,AO,Valle d'Aosta/Vallée d'Aoste,11010,45.568883,7.118171
007056,Rhêmes-Saint-Georges,AO,Valle d'Aosta/Vallée d'Aoste,11010,45.654901,7.155412
007057,Roisan,AO,Valle d'Aosta/Vallée d'Aoste,11010,45.784571,7.311283
007058,Saint-Christophe,AO,Valle d'Aosta/Vallée d'Aoste,11020,45.74742,7.356168
007059,Saint-Denis,AO,Valle d'Aosta/Vallée d'Aoste,11023,45.764714,7.571331
007060,Saint-Marcel,AO,Valle d'Aosta/Vallée d'Aoste,11020,45.73456,7.446196
007061,Saint-Nicolas,AO,Valle d'Aosta/Vallée d'Aoste,11010,45.716078,7.167982
007062,Saint-Oyen,AO,Valle d'Aosta/Vallée d'Aoste,11014,45.824644,7.213175
007063,Saint-Pierre,AO,Valle d'Aosta/Vallée d'Aoste,11010,45.709481,7.229142
007064,Saint-Rhémy-en-Bosses,AO,Valle d'Aosta/Vallée d'Aoste,11010,45.823744,7.182189
007065,Saint-Vincent,AO,Valle d'Aosta/Vallée d'Aoste,11027,45.750386,7.647884
007066,Sarre,AO,Valle d'Aosta/Vallée d'Aoste,11010,45.716798,7.259154
007067,Torgnon,AO,Valle d'Aosta/Vallée d'Aoste,11020,45.82396,7.565728
007068,Valgrisenche,AO,Valle d'Aosta/Vallée d'Aoste,11010,45.631169,7.064741
007069,Valpelline,AO,Valle d'Aosta/Vallée d'Aoste,11010,45.82446,7.324153
007070,Valsavarenche,AO,Valle d'Aosta/Vallée d'Aoste,11010,45.562003,7.226291
007071,Valtournenche,AO,Valle d'Aosta/Vallée d'Aoste,11028,45.911551,7.619255
007072,Verrayes,AO,Valle d'Aosta/Vallée d'Aoste,11020,45.769282,7.523777
007073,Verrès,AO,Valle d'Aosta/Vallée d'Aoste,11029,45.668718,7.690758
007074,Villeneuve,AO,Valle d'Aosta/Vallée d'Aoste,11018,45.702417,7.207496
012001,Agra,VA,Lombardia,21010,46.035046,8.77172
012002,Albizzate,VA,Lombardia,21041,45.723943,8.803131
012003,Angera,VA,Lombardia,21021,45.772188,8.575122
012004,Arcisate,VA,Lombardia,21051,45.860392,8.859618
012005,Arsago Seprio,VA,Lombardia,21010,45.688158,8.731452
012006,Azzate,VA,Lombardia,21022,45.780222,8.793769
012007,Azzio,VA,Lombardia,21030,45.885194,8.710637
012008,Barasso,VA,Lombardia,21020,45.840476,8.756831
012010,Bedero Valcuvia,VA,Lombardia,21039,45.914271,8.794198
012011,Besano,VA,Lombardia,21050,45.889039,8.890388
012012,Besnate,VA,Lombardia,21010,45.700165,8.768315
012013,Besozzo,VA,Lombardia,21023,45.845797,8.666495
012014,Biandronno,VA,Lombardia,21024,45.821512,8.713238
012015,Bisuschio,VA,Lombardia,21050,45.874873,8.871723
012016,Bodio Lomnago,VA,Lombardia,21020,45.791229,8.751004
012017,Brebbia,VA,Lombardia,21020,45.828539,8.650052
012019,Brenta,VA,Lombardia,21030,45.89318,8.685101
012020,Brezzo di Bedero,VA,Lombardia,21010,45.977696,8.717908
012021,Brinzio,VA,Lombardia,21030,45.88911,8.790413
012022,Brissago-Valtravaglia,VA,Lombardia,21030,45.948567,8.747233
012023,Brunello,VA,Lombardia,21020,45.765371,8.797365
012024,Brusimpiano,VA,Lombardia,21050,45.947756,8.889216
012025,Buguggiate,VA,Lombardia,21020,45.785997,8.80499
012026,Busto Arsizio,VA,Lombardia,21052,45.611906,8.852052
012027,Cadegliano-Viconago,VA,Lombardia,21031,45.9646,8.830903
012029,Cairate,VA,Lombardia,21050,45.690919,8.872461
012030,Cantello,VA,Lombardia,21050,45.819946,8.894712
012031,Caravate,VA,Lombardia,21032,45.877893,8.651989
012032,Cardano al Campo,VA,Lombardia,21010,45.645717,8.772498
012033,Carnago,VA,Lombardia,21040,45.722849,8.835848
012034,Caronno Pertusella,VA,Lombardia,21042,45.594935,9.050761
012035,Caronno Varesino,VA,Lombardia,21040,45.738636,8.831226
012036,Casale Litta,VA,Lombardia,21020,45.767332,8.740087
012037,Casalzuigno,VA,Lombardia,21030,45.911648,8.704052
012038,Casciago,VA,Lombardia,21020,45.832797,8.784327
012039,Casorate Sempione,VA,Lombardia,21011,45.673376,8.740521
012040,Cassano Magnago,VA,Lombardia,21012,45.675221,8.825584
012041,Cassano Valcuvia,VA,Lombardia,21030,45.932378,8.768429
012042,Castellanza,VA,Lombardia,21053,45.612374,8.897038
012043,Castello Cabiaglio,VA,Lombardia,21030,45.893405,8.75597
012044,Castelseprio,VA,Lombardia,21050,45.715977,8.862656
012045,Castelveccana,VA,Lombardia,21010,45.944923,8.659784
012046,Castiglione Olona,VA,Lombardia,21043,45.755476,8.866883
012047,Castronno,VA,Lombardia,21040,45.74683,8.814162
012048,Cavaria con Premezzo,VA,Lombardia,21044,45.692682,8.796529
012049,Cazzago Brabbia,VA,Lombardia,21020,45.797686,8.73319
012050,Cislago,VA,Lombardia,21040,45.658776,8.971932
012051,Cittiglio,VA,Lombardia,21033,45.898911,8.660738
012052,Clivio,VA,Lombardia,21050,45.864206,8.929329
012053,Cocquio-Trevisago,VA,Lombardia,21034,45.863436,8.695665
012054,Comabbio,VA,Lombardia,21020,45.77196,8.674392
012055,Comerio,VA,Lombardia,21025,45.839617,8.746441
012056,Cremenaga,VA,Lombardia,21030,45.988923,8.802184
012057,Crosio della Valle,VA,Lombardia,21020,45.759974,8.770432
012058,Cuasso al Monte,VA,Lombardia,21050,45.914773,8.87914
012059,Cugliate-Fabiasco,VA,Lombardia,21030,45.943544,8.818079
012060,Cunardo,VA,Lombardia,21035,45.937476,8.801245
012061,Curiglia con Monteviasco,VA,Lombardia,21010,46.059392,8.826491
012062,Cuveglio,VA,Lombardia,21030,45.911293,8.726136
012063,Cuvio,VA,Lombardia,21030,45.896177,8.734129
012064,Daverio,VA,Lombardia,21020,45.778403,8.771828
012065,Dumenza,VA,Lombardia,21010,46.019164,8.78712
012066,Duno,VA,Lombardia,21030,45.914064,8.737194
012067,Fagnano Olona,VA,Lombardia,21054,45.668948,8.872771
012068,Ferno,VA,Lombardia,21010,45.614147,8.754548
012069,Ferrera di Varese,VA,Lombardia,21030,45.934525,8.785824
012070,Gallarate,VA,Lombardia,21013,45.659895,8.793201
012071,Galliate Lombardo,VA,Lombardia,21020,45.784582,8.770894
012072,Gavirate,VA,Lombardia,21026,45.842826,8.717671
012073,Gazzada Schianno,VA,Lombardia,21045,45.781043,8.832404
012074,Gemonio,VA,Lombardia,21036,45.879217,8.675397
012075,Gerenzano,VA,Lombardia,21040,45.639516,8.998218
012076,Germignaga,VA,Lombardia,21010,45.993507,8.724159
012077,Golasecca,VA,Lombardia,21010,45.696899,8.65565
012078,Gorla Maggiore,VA,Lombardia,21050,45.664137,8.890948
012079,Gorla Minore,VA,Lombardia,21055,45.644331,8.897896
012080,Gornate Olona,VA,Lombardia,21040,45.739598,8.859798
012081,Grantola,VA,Lombardia,21030,45.949179,8.774329
012082,Inarzo,VA,Lombardia,21020,45.785316,8.734475
012083,Induno Olona,VA,Lombardia,21056,45.852448,8.839608
012084,Ispra,VA,Lombardia,21027,45.815457,8.610138
012085,Jerago con Orago,VA,Lombardia,21040,45.708033,8.793964
012086,Lavena Ponte Tresa,VA,Lombardia,21037,45.959734,8.861647
012087,Laveno-Mombello,VA,Lombardia,21014,45.9095,8.611986
012088,Leggiuno,VA,Lombardia,21038,45.875366,8.620454
012089,Lonate Ceppino,VA,Lombardia,21050,45.704503,8.874286
012090,Lonate Pozzolo,VA,Lombardia,21015,45.596772,8.754731
012091,Lozza,VA,Lombardia,21040,45.775675,8.857734
012092,Luino,VA,Lombardia,21016,45.998908,8.739907
012093,Luvinate,VA,Lombardia,21020,45.839307,8.769093
012096,Malnate,VA,Lombardia,21046,45.800092,8.878168
012097,Marchirolo,VA,Lombardia,21030,45.95005,8.832261
012098,Marnate,VA,Lombardia,21050,45.629323,8.901095
012099,Marzio,VA,Lombardia,21030,45.938681,8.859197
012100,Masciago Primo,VA,Lombardia,21030,45.917778,8.78113
012101,Mercallo,VA,Lombardia,21020,45.749866,8.669572
012102,Mesenzana,VA,Lombardia,21030,45.947817,8.757834
012103,Montegrino Valtravaglia,VA,Lombardia,21010,45.973207,8.768819
012104,Monvalle,VA,Lombardia,21020,45.856932,8.63373
012105,Morazzone,VA,Lombardia,21040,45.764961,8.8315
012106,Mornago,VA,Lombardia,21020,45.747541,8.752299
012107,Oggiona con Santo Stefano,VA,Lombardia,21040,45.699435,8.818381
012108,Olgiate Olona,VA,Lombardia,21057,45631,8.889841
012109,Origgio,VA,Lombardia,21040,45.597693,9.018061
012110,Orino,VA,Lombardia,21030,45.881634,8.715103
012113,Porto Ceresio,VA,Lombardia,21050,45.903067,8.904946
012114,Porto Valtravaglia,VA,Lombardia,21010,45.96137,8.681809
012115,Rancio Valcuvia,VA,Lombardia,21030,45.916006,8.771028
012116,Ranco,VA,Lombardia,21020,45.797591,8.571135
012117,Saltrio,VA,Lombardia,21050,45.873908,8.921668
012118,Samarate,VA,Lombardia,21017,45.628182,8.784305
012119,Saronno,VA,Lombardia,21047,45.625676,9.037328
012120,Sesto Calende,VA,Lombardia,21018,45.723955,8.634362
012121,Solbiate Arno,VA,Lombardia,21048,45.719056,8.814344
012122,Solbiate Olona,VA,Lombardia,21058,45.651379,8.887751
012123,Somma Lombardo,VA,Lombardia,21019,45.683621,8.707087
012124,Sumirago,VA,Lombardia,21040,45.739225,8.781004
012125,Taino,VA,Lombardia,21020,45.764344,8.615061
012126,Ternate,VA,Lombardia,21020,45.782286,8.690318
012127,Tradate,VA,Lombardia,21049,45.714293,8.904146
012128,Travedona-Monate,VA,Lombardia,21028,45.805066,8.674199
012129,Tronzano Lago Maggiore,VA,Lombardia,21010,46.088991,8.733941
012130,Uboldo,VA,Lombardia,21040,45.610905,9.003388
012131,Valganna,VA,Lombardia,21039,45.900037,8.820143
012132,Varano Borghi,VA,Lombardia,21020,45.77463,8.703666
012133,Varese,VA,Lombardia,21100,45.839713,8.754158
012134,Vedano Olona,VA,Lombardia,21040,45.776916,8.885596
012136,Venegono Inferiore,VA,Lombardia,21040,45.738376,8.901107
012137,Venegono Superiore,VA,Lombardia,21040,45.751383,8.90476
012138,Vergiate,VA,Lombardia,21029,45.724847,8.694023
012139,Viggiù,VA,Lombardia,21059,45.872238,8.905862
012140,Vizzola Ticino,VA,Lombardia,21010,45.625599,8.696243
012141,Sangiano,VA,Lombardia,21038,45.875076,8.633327
012142,Maccagno con Pino e Veddasca,VA,Lombardia,21061,46.073685,8.776408
012143,Cadrezzate con Osmate,VA,Lombardia,21062,45.789909,8.649289
012144,Bardello con Malgesso e Bregano,VA,Lombardia,,,
013003,Albavilla,CO,Lombardia,22031,45.803117,9.188483
013004,Albese con Cassano,CO,Lombardia,22032,45.797299,9.168256
013005,Albiolo,CO,Lombardia,22070,45.805577,8.939235
013006,Alserio,CO,Lombardia,22040,45.779103,9.199529
013007,Alzate Brianza,CO,Lombardia,22040,45.769778,9.182041
013009,Anzano del Parco,CO,Lombardia,22040,45.768478,9.195442
013010,Appiano Gentile,CO,Lombardia,22070,45.734637,8.979101
013011,Argegno,CO,Lombardia,22010,45.943274,9.128165
013012,Arosio,CO,Lombardia,22060,45.716977,9.208043
013013,Asso,CO,Lombardia,22033,45.860669,9.269749
013015,Barni,CO,Lombardia,22030,45.911283,9.26514
013021,Bene Lario,CO,Lombardia,22010,46.023388,9.171111
013022,Beregazzo con Figliaro,CO,Lombardia,22070,45.771006,8.958279
013023,Binago,CO,Lombardia,22070,45.784412,8.922159
013024,Bizzarone,CO,Lombardia,22020,45.834278,8.942735
013025,Blessagno,CO,Lombardia,22028,45.959522,9.09749
013026,Blevio,CO,Lombardia,22020,45.839942,9.10247
013028,Bregnano,CO,Lombardia,22070,45.698661,9.060961
013029,Brenna,CO,Lombardia,22040,45.742978,9.187142
013030,Brienno,CO,Lombardia,22010,45.91144,9.131272
013032,Brunate,CO,Lombardia,22034,45.81947,9.09599
013034,Bulgarograsso,CO,Lombardia,22070,45.747076,9.006438
013035,Cabiate,CO,Lombardia,22060,45.674176,9.173743
013036,Cadorago,CO,Lombardia,22071,45.724609,9.038219
013037,Caglio,CO,Lombardia,22030,45.87165,9.238268
013040,Campione d'Italia,CO,Lombardia,22060,45.968081,8.971033
013041,Cantù,CO,Lombardia,22063,45.739535,9.129103
013042,Canzo,CO,Lombardia,22035,45.850641,9.274802
013043,Capiago Intimiano,CO,Lombardia,22070,45.770802,9.130032
013044,Carate Urio,CO,Lombardia,22010,45.88052,9.110496
013045,Carbonate,CO,Lombardia,22070,45.683657,8.940016
013046,Carimate,CO,Lombardia,22060,45.702976,9.110641
013047,Carlazzo,CO,Lombardia,22010,46.050003,9.1545
013048,Carugo,CO,Lombardia,22060,45.709225,9.194574
013052,Caslino d'Erba,CO,Lombardia,22030,45.837589,9.23087
013053,Casnate con Bernate,CO,Lombardia,22070,45.760483,9.074278
013055,Cassina Rizzardi,CO,Lombardia,22070,45.75055,9.0312
013058,Castelmarte,CO,Lombardia,22030,45.833229,9.232703
013059,Castelnuovo Bozzente,CO,Lombardia,22070,45.764576,8.943536
013062,Cavargna,CO,Lombardia,22010,46.090086,9.111234
013063,Cerano d'Intelvi,CO,Lombardia,22020,45.943282,9.088836
013064,Cermenate,CO,Lombardia,22072,45.70008,9.080088
013065,Cernobbio,CO,Lombardia,22012,45.841394,9.075905
013068,Cirimido,CO,Lombardia,22070,45.699775,9.012539
013071,Claino con Osteno,CO,Lombardia,22010,46.009489,9.09009
013074,Colonno,CO,Lombardia,22010,45.957602,9.155571
013075,Como,CO,Lombardia,22100,45.939476,9.14941
013077,Corrido,CO,Lombardia,22010,46.045832,9.139771
013083,Cremia,CO,Lombardia,22010,46.087285,9.27148
013084,Cucciago,CO,Lombardia,22060,45.739876,9.095489
013085,Cusino,CO,Lombardia,22010,46.074584,9.152503
013087,Dizzasco,CO,Lombardia,22020,45.943782,9.099736
013089,Domaso,CO,Lombardia,22013,46.15099,9.328142
013090,Dongo,CO,Lombardia,22014,46.122936,9.279079
013092,Dosso del Liro,CO,Lombardia,22010,46.163989,9.272936
013095,Erba,CO,Lombardia,22036,45.80958,9.231242
013097,Eupilio,CO,Lombardia,22030,45.818252,9.264711
013098,Faggeto Lario,CO,Lombardia,22020,45.858079,9.170904
013099,Faloppio,CO,Lombardia,22020,45.808891,8.971173
013100,Fenegrò,CO,Lombardia,22070,45.701637,8.999679
013101,Figino Serenza,CO,Lombardia,22060,45.70978,9.128939
013102,Fino Mornasco,CO,Lombardia,22073,45.742876,9.047639
013106,Garzeno,CO,Lombardia,22010,46.134274,9.248345
013107,Gera Lario,CO,Lombardia,22010,46.171099,9.371899
013110,Grandate,CO,Lombardia,22070,45.775177,9.057838
013111,Grandola ed Uniti,CO,Lombardia,22010,46.050863,9.189892
013113,Griante,CO,Lombardia,22011,45.995284,9.235538
013114,Guanzate,CO,Lombardia,22070,45.723878,9.010799
013118,Inverigo,CO,Lombardia,22044,45.740484,9.223612
013119,Laglio,CO,Lombardia,22010,45.880967,9.138031
013120,Laino,CO,Lombardia,22020,45.984483,9.075435
013121,Lambrugo,CO,Lombardia,22045,45.759191,9.241845
013123,Lasnigo,CO,Lombardia,22030,45.882245,9.267118
013126,Lezzeno,CO,Lombardia,22025,45.945075,9.194112
013128,Limido Comasco,CO,Lombardia,22070,45.689174,8.979838
013129,Lipomo,CO,Lombardia,22030,45.794503,9.121646
013130,Livo,CO,Lombardia,22010,46.168845,9.30451
013131,Locate Varesino,CO,Lombardia,22070,45.688851,8.930679
013133,Lomazzo,CO,Lombardia,22074,45.69924,9.03436
013134,Longone al Segrino,CO,Lombardia,22030,45.819244,9.250424
013135,Luisago,CO,Lombardia,22070,45.762877,9.035438
013136,Lurago d'Erba,CO,Lombardia,22040,45.74864,9.213197
013137,Lurago Marinone,CO,Lombardia,22070,45.705775,8.981338
013138,Lurate Caccivio,CO,Lombardia,22075,45.764583,8.991472
013139,Magreglio,CO,Lombardia,22030,45.920747,9.262095
013143,Mariano Comense,CO,Lombardia,22066,45.697149,9.178344
013144,Maslianico,CO,Lombardia,22026,45.842827,9.047196
013145,Menaggio,CO,Lombardia,22017,46.022565,9.241433
013147,Merone,CO,Lombardia,22046,45.78774,9.246188
013152,Moltrasio,CO,Lombardia,22010,45.85998,9.098438
013153,Monguzzo,CO,Lombardia,22040,45.782867,9.232579
013154,Montano Lucino,CO,Lombardia,22070,45.790331,9.027521
013155,Montemezzo,CO,Lombardia,22010,46.178181,9.374485
013157,Montorfano,CO,Lombardia,22030,45.785458,9.146079
013159,Mozzate,CO,Lombardia,22076,45.675188,8.955762
013160,Musso,CO,Lombardia,22010,46.114256,9.276373
013161,Nesso,CO,Lombardia,22020,45.911422,9.157113
013163,Novedrate,CO,Lombardia,22060,45.698946,9.120498
013165,Olgiate Comasco,CO,Lombardia,22077,45.785326,8.967774
013169,Oltrona di San Mamette,CO,Lombardia,22070,45.756962,8.976296
013170,Orsenigo,CO,Lombardia,22030,45.777379,9.181741
013178,Peglio,CO,Lombardia,22010,46.160389,9.294736
013183,Pianello del Lario,CO,Lombardia,22010,46.102769,9.276633
013184,Pigra,CO,Lombardia,22020,45.957563,9.127695
013185,Plesio,CO,Lombardia,22010,46.046392,9.230285
013186,Pognana Lario,CO,Lombardia,22020,45.881934,9.164584
013187,Ponna,CO,Lombardia,22020,45.995654,9.110843
013188,Ponte Lambro,CO,Lombardia,22037,45.82658,9.225441
013189,Porlezza,CO,Lombardia,22018,46.036072,9.118392
013192,Proserpio,CO,Lombardia,22030,45.82828,9.245542
013193,Pusiano,CO,Lombardia,22030,45.81388,9.281843
013195,Rezzago,CO,Lombardia,22030,45.866781,9.249741
013197,Rodero,CO,Lombardia,22070,45.823977,8.915234
013201,Rovellasca,CO,Lombardia,22069,45.669411,9.050151
013202,Rovello Porro,CO,Lombardia,22070,45.654152,9.041161
013203,Sala Comacina,CO,Lombardia,22010,45.964424,9.166346
013204,San Bartolomeo Val Cavargna,CO,Lombardia,22010,46.083486,9.149127
013206,San Fermo della Battaglia,CO,Lombardia,22020,45.808678,9.047438
013207,San Nazzaro Val Cavargna,CO,Lombardia,22010,46.089386,9.127434
013211,Schignano,CO,Lombardia,22020,45.926245,9.103091
013212,Senna Comasco,CO,Lombardia,22070,45.762977,9.11104
013216,Sorico,CO,Lombardia,22010,46.172005,9.379666
013217,Sormano,CO,Lombardia,22030,45.877782,9.248741
013218,Stazzona,CO,Lombardia,22010,46.138485,9.274682
013222,Tavernerio,CO,Lombardia,22038,45.802426,9.146436
013223,Torno,CO,Lombardia,22020,45.857591,9.116294
013226,Trezzone,CO,Lombardia,22010,46.171143,9.351494
013227,Turate,CO,Lombardia,22078,45.654802,9.002287
013229,Valbrona,CO,Lombardia,22039,45.881055,9.301631
013232,Valmorea,CO,Lombardia,22070,45.817455,8.932232
013233,Val Rezzo,CO,Lombardia,22010,46.070258,9.100887
013234,Valsolda,CO,Lombardia,22010,46.029095,9.043912
013236,Veleso,CO,Lombardia,22020,45.908382,9.182139
013238,Veniano,CO,Lombardia,22070,45.71558,8.983074
013239,Vercana,CO,Lombardia,22013,46.159489,9.335137
013242,Vertemate con Minoprio,CO,Lombardia,22070,45.728215,9.078415
013245,Villa Guardia,CO,Lombardia,22079,45.773784,9.025297
013246,Zelbio,CO,Lombardia,22020,45.904582,9.180539
013248,San Siro,CO,Lombardia,22010,45.4782,9.123964
013249,Gravedona ed Uniti,CO,Lombardia,22015,46.157675,9.184376
013250,Bellagio,CO,Lombardia,22021,45.987255,9.2613
013251,Colverde,CO,Lombardia,22041,45.804718,9.001526
013252,Tremezzina,CO,Lombardia,22016,45.983524,9.191491
013253,Alta Valle Intelvi,CO,Lombardia,22014,45.980864,9.041875
013254,Centro Valle Intelvi,CO,Lombardia,22028,45.950461,9.063741
013255,Solbiate con Cagno,CO,Lombardia,22070,45.800442,8.915405
013256,Uggiate con Ronago,CO,Lombardia,,,
014001,Albaredo per San Marco,SO,Lombardia,23010,46.10349,9.590044
014002,Albosaggia,SO,Lombardia,23010,46.147232,9.85317
014003,Andalo Valtellino,SO,Lombardia,23014,46.133822,9.473806
014004,Aprica,SO,Lombardia,23031,46.152697,10.151656
014005,Ardenno,SO,Lombardia,23011,46.164292,9.644944
014006,Bema,SO,Lombardia,23010,46.108201,9.564166
014007,Berbenno di Valtellina,SO,Lombardia,23010,46.168878,9.742367
014008,Bianzone,SO,Lombardia,23030,46.188197,10.109354
014009,Bormio,SO,Lombardia,23032,46.469244,10.372216
014010,Buglio in Monte,SO,Lombardia,23010,46.182788,9.674828
014011,Caiolo,SO,Lombardia,23010,46.149994,9.814548
014012,Campodolcino,SO,Lombardia,23021,46.405986,9.351942
014013,Caspoggio,SO,Lombardia,23020,46.263526,9.862576
014014,Castello dell'Acqua,SO,Lombardia,23030,46.145995,10.013553
014015,Castione Andevenno,SO,Lombardia,23012,46.172794,9.800247
014016,Cedrasco,SO,Lombardia,23010,46.149293,9.767047
014017,Cercino,SO,Lombardia,23016,46.158091,9.508141
014018,Chiavenna,SO,Lombardia,23022,46.319979,9.398122
014019,Chiesa in Valmalenco,SO,Lombardia,23023,46.265097,9.848647
014020,Chiuro,SO,Lombardia,23030,46.170821,9.989355
014021,Cino,SO,Lombardia,23010,46.158149,9.486137
014022,Civo,SO,Lombardia,23010,46.154191,9.560642
014023,Colorina,SO,Lombardia,23010,46.153693,9.729346
014024,Cosio Valtellino,SO,Lombardia,23013,46.133741,9.529154
014025,Dazio,SO,Lombardia,23010,46.16127,9.600839
014026,Delebio,SO,Lombardia,23014,46.13609,9.46064
014027,Dubino,SO,Lombardia,23015,46.153343,9.461512
014028,Faedo Valtellino,SO,Lombardia,23020,46.152995,9.90605
014029,Forcola,SO,Lombardia,23010,46.158774,9.670848
014030,Fusine,SO,Lombardia,23010,46.149041,9.749098
014031,Gerola Alta,SO,Lombardia,23010,46.059382,9.550802
014032,Gordona,SO,Lombardia,23020,46.292293,9.365335
014033,Grosio,SO,Lombardia,23033,46.29893,10.274516
014034,Grosotto,SO,Lombardia,23034,46.279862,10.258441
014035,Madesimo,SO,Lombardia,23024,46.436316,9.358401
014036,Lanzada,SO,Lombardia,23020,46.269297,9.869247
014037,Livigno,SO,Lombardia,23041,46.537801,10.136316
014038,Lovero,SO,Lombardia,23030,46.2314,10.228556
014039,Mantello,SO,Lombardia,23016,46.152491,9.488941
014040,Mazzo di Valtellina,SO,Lombardia,23030,46.2586,10.256656
014041,Mello,SO,Lombardia,23010,46.155291,9.547242
014043,Mese,SO,Lombardia,23020,46.306294,9.382335
014044,Montagna in Valtellina,SO,Lombardia,23020,46.178495,9.90295
014045,Morbegno,SO,Lombardia,23017,46.132419,9.569474
014046,Novate Mezzola,SO,Lombardia,23025,46.221592,9.449839
014047,Pedesina,SO,Lombardia,23010,46.082574,9.550664
014048,Piantedo,SO,Lombardia,23010,46.13419,9.42934
014049,Piateda,SO,Lombardia,23020,46.159595,9.934951
014050,Piuro,SO,Lombardia,23020,46.330143,9.420908
014051,Poggiridenti,SO,Lombardia,23020,46.174795,9.92605
014052,Ponte in Valtellina,SO,Lombardia,23026,46.174996,9.977851
014053,Postalesio,SO,Lombardia,23010,46.174094,9.775447
014054,Prata Camportaccio,SO,Lombardia,23020,46.307194,9.395236
014055,Rasura,SO,Lombardia,23010,46.10059,9.552743
014056,Rogolo,SO,Lombardia,23010,46.135746,9.487317
014057,Samolaco,SO,Lombardia,23027,46.24616,9.395079
014058,San Giacomo Filippo,SO,Lombardia,23020,46.337694,9.371235
014059,Sernio,SO,Lombardia,23030,46.224535,10.204097
014060,Sondalo,SO,Lombardia,23035,46.331392,10.324863
014061,Sondrio,SO,Lombardia,23100,46.323362,10.258414
014062,Spriana,SO,Lombardia,23020,46.220302,9.864005
014063,Talamona,SO,Lombardia,23018,46.138492,9.612944
014064,Tartano,SO,Lombardia,23010,46.105891,9.678646
014065,Teglio,SO,Lombardia,23036,46.172675,10.064126
014066,Tirano,SO,Lombardia,23037,46.215672,10.173178
014067,Torre di Santa Maria,SO,Lombardia,23020,46.233529,9.851604
014068,Tovo di Sant'Agata,SO,Lombardia,23030,46.244779,10.246453
014069,Traona,SO,Lombardia,23019,46.14962,9.525796
014070,Tresivio,SO,Lombardia,23020,46.175695,9.942551
014071,Valdidentro,SO,Lombardia,23038,46.489037,10.292304
014072,Valdisotto,SO,Lombardia,23030,46.425215,10.357418
014073,Valfurva,SO,Lombardia,23030,46.416517,10.512516
014074,Val Masino,SO,Lombardia,23010,46.245866,9.637997
014075,Verceia,SO,Lombardia,23020,46.198692,9.454739
014076,Vervio,SO,Lombardia,23030,46.252835,10.240226
014077,Villa di Chiavenna,SO,Lombardia,23029,46.324494,9.493954
014078,Villa di Tirano,SO,Lombardia,23030,46.203898,10.133854
015002,Abbiategrasso,MI,Lombardia,20081,45.398733,8.91623
015005,Albairate,MI,Lombardia,20080,45.421126,8.938136
015007,Arconate,MI,Lombardia,20020,45.540664,8.848162
015009,Arese,MI,Lombardia,20020,45.54904,9.077895
015010,Arluno,MI,Lombardia,20010,45.50507,8.941541
015011,Assago,MI,Lombardia,20090,45.405397,9.131355
015012,Bareggio,MI,Lombardia,20010,45.477726,8.995973
015014,Basiano,MI,Lombardia,20060,45.573588,9.467854
015015,Basiglio,MI,Lombardia,20080,45.349152,9.164589
015016,Bellinzago Lombardo,MI,Lombardia,20060,45.542075,9.445951
015019,Bernate Ticino,MI,Lombardia,20010,45.479342,8.818039
015022,Besate,MI,Lombardia,20080,45.312965,8.969645
015024,Binasco,MI,Lombardia,20082,45.33197,9.099987
015026,Boffalora sopra Ticino,MI,Lombardia,20010,45.467278,8.830608
015027,Bollate,MI,Lombardia,20021,45.543835,9.117708
015032,Bresso,MI,Lombardia,20091,45.53668,9.18773
015035,Bubbiano,MI,Lombardia,20080,45.327266,9.014546
015036,Buccinasco,MI,Lombardia,20090,45.41715,9.109788
015038,Buscate,MI,Lombardia,20010,45.544916,8.812943
015040,Bussero,MI,Lombardia,20060,45.536676,9.372003
015041,Busto Garolfo,MI,Lombardia,20020,45.545558,8.88327
015042,Calvignasco,MI,Lombardia,20080,45.325966,9.027746
015044,Cambiago,MI,Lombardia,20040,45.572544,9.426842
015046,Canegrate,MI,Lombardia,20010,45.570538,8.926792
015050,Carpiano,MI,Lombardia,20080,45.340572,9.272733
015051,Carugate,MI,Lombardia,20061,45.549774,9.343749
015055,Casarile,MI,Lombardia,20080,45.317888,9.104903
015058,Casorezzo,MI,Lombardia,20010,45.52437,8.90154
015059,Cassano d'Adda,MI,Lombardia,20062,45.526333,9.521491
015060,Cassina de' Pecchi,MI,Lombardia,20060,45.519189,9.361976
015061,Cassinetta di Lugagnano,MI,Lombardia,20081,45.423576,8.908314
015062,Castano Primo,MI,Lombardia,20022,45.551594,8.776992
015070,Cernusco sul Naviglio,MI,Lombardia,20063,45.524558,9.330925
015071,Cerro al Lambro,MI,Lombardia,20070,45.329969,9.339053
015072,Cerro Maggiore,MI,Lombardia,20023,45.593012,8.951392
015074,Cesano Boscone,MI,Lombardia,20090,45.447112,9.094054
015076,Cesate,MI,Lombardia,20020,45.596474,9.077308
015077,Cinisello Balsamo,MI,Lombardia,20092,45.556059,9.214317
015078,Cisliano,MI,Lombardia,20080,45.444669,8.990243
015081,Cologno Monzese,MI,Lombardia,20093,45.528554,9.278224
015082,Colturano,MI,Lombardia,20060,45.37977,9.337852
015085,Corbetta,MI,Lombardia,20011,45.465937,8.92009
015086,Cormano,MI,Lombardia,20032,45.544513,9.167621
015087,Cornaredo,MI,Lombardia,20010,45.501685,9.025746
015093,Corsico,MI,Lombardia,20094,45.430722,9.110233
015096,Cuggiono,MI,Lombardia,20012,45.506239,8.815266
015097,Cusago,MI,Lombardia,20090,45.446245,9.033528
015098,Cusano Milanino,MI,Lombardia,20095,45.552184,9.183685
015099,Dairago,MI,Lombardia,20020,45.565972,8.863174
015101,Dresano,MI,Lombardia,20070,45.37297,9.360642
015103,Gaggiano,MI,Lombardia,20083,45.406461,9.034418
015105,Garbagnate Milanese,MI,Lombardia,20024,45.577145,9.080025
015106,Gessate,MI,Lombardia,20060,45.554388,9.435192
015108,Gorgonzola,MI,Lombardia,20064,45.531574,9.404651
015110,Grezzago,MI,Lombardia,20056,45.591865,9.495203
015112,Gudo Visconti,MI,Lombardia,20088,45.372872,8.998828
015113,Inveruno,MI,Lombardia,20010,45.51383,8.851954
015114,Inzago,MI,Lombardia,20065,45.540475,9.482052
015115,Lacchiarella,MI,Lombardia,20084,45.321848,9.137047
015116,Lainate,MI,Lombardia,20020,45.57173,9.028461
015118,Legnano,MI,Lombardia,20025,45.594698,8.91836
015122,Liscate,MI,Lombardia,20050,45.481549,9.409012
015125,Locate di Triulzi,MI,Lombardia,20085,45.357932,9.224641
015130,Magenta,MI,Lombardia,20013,45.465393,8.883843
015131,Magnago,MI,Lombardia,20020,45.578731,8.801851
015134,Marcallo con Casone,MI,Lombardia,20010,45.48722,8.873276
015136,Masate,MI,Lombardia,20060,45.567547,9.463821
015139,Mediglia,MI,Lombardia,20060,45.39537,9.331652
015140,Melegnano,MI,Lombardia,20077,45.358789,9.323976
015142,Melzo,MI,Lombardia,20066,45.498585,9.424251
015144,Mesero,MI,Lombardia,20010,45.501314,8.854202
015146,Milano,MI,Lombardia,20121,45.4668,9.1905
015150,Morimondo,MI,Lombardia,20081,45.352442,8.954811
015151,Motta Visconti,MI,Lombardia,20086,45.288179,8.992487
015154,Nerviano,MI,Lombardia,20014,45.553647,8.970719
015155,Nosate,MI,Lombardia,20020,45.550869,8.726535
015157,Novate Milanese,MI,Lombardia,20026,45.531939,9.140832
015158,Noviglio,MI,Lombardia,20082,45.360159,9.050375
015159,Opera,MI,Lombardia,20073,45.373069,9.211149
015164,Ossona,MI,Lombardia,20010,45.506211,8.901266
015165,Ozzero,MI,Lombardia,20080,45.365848,8.924514
015166,Paderno Dugnano,MI,Lombardia,20037,45.571903,9.168131
015167,Pantigliate,MI,Lombardia,20090,45.439548,9.352631
015168,Parabiago,MI,Lombardia,20015,45.558611,8.947888
015169,Paullo,MI,Lombardia,20067,45.416787,9.398241
015170,Pero,MI,Lombardia,20016,45.510236,9.089457
015171,Peschiera Borromeo,MI,Lombardia,20068,45.431795,9.31182
015172,Pessano con Bornago,MI,Lombardia,20060,45.548535,9.388324
015173,Pieve Emanuele,MI,Lombardia,20090,45.355913,9.202072
015175,Pioltello,MI,Lombardia,20096,45.501022,9.326335
015176,Pogliano Milanese,MI,Lombardia,20010,45.537305,8.991417
015177,Pozzo d'Adda,MI,Lombardia,20060,45.575666,9.500377
015178,Pozzuolo Martesana,MI,Lombardia,20060,45.513975,9.456252
015179,Pregnana Milanese,MI,Lombardia,20010,45.515849,9.008012
015181,Rescaldina,MI,Lombardia,20027,45.615974,8.948931
015182,Rho,MI,Lombardia,20017,45.528532,9.04018
015183,Robecchetto con Induno,MI,Lombardia,20020,45.532481,8.764558
015184,Robecco sul Naviglio,MI,Lombardia,20087,45.436507,8.887279
015185,Rodano,MI,Lombardia,20053,45.477658,9.353461
015188,Rosate,MI,Lombardia,20088,45.351992,9.017478
015189,Rozzano,MI,Lombardia,20089,45.383237,9.154131
015191,San Colombano al Lambro,MI,Lombardia,20078,45.181716,9.488578
015192,San Donato Milanese,MI,Lombardia,20097,45.41807,9.27165
015194,San Giorgio su Legnano,MI,Lombardia,20010,45.573771,8.913739
015195,San Giuliano Milanese,MI,Lombardia,20098,45.39427,9.291851
015200,Santo Stefano Ticino,MI,Lombardia,20010,45.487263,8.918626
015201,San Vittore Olona,MI,Lombardia,20028,45.586091,8.942696
015202,San Zenone al Lambro,MI,Lombardia,20070,45.327269,9.355253
015204,Sedriano,MI,Lombardia,20018,45.488333,8.968731
015205,Segrate,MI,Lombardia,20090,45.490735,9.29482
015206,Senago,MI,Lombardia,20030,45.576272,9.124548
015209,Sesto San Giovanni,MI,Lombardia,20099,45.535722,9.237655
015210,Settala,MI,Lombardia,20090,45.454413,9.386766
015211,Settimo Milanese,MI,Lombardia,20019,45.480309,9.055356
015213,Solaro,MI,Lombardia,20020,45.617526,9.081021
015219,Trezzano Rosa,MI,Lombardia,20060,45.582777,9.486652
015220,Trezzano sul Naviglio,MI,Lombardia,20090,45.417988,9.069116
015221,Trezzo sull'Adda,MI,Lombardia,20056,45.608718,9.519844
015222,Tribiano,MI,Lombardia,20067,45.413371,9.378952
015224,Truccazzano,MI,Lombardia,20060,45.483874,9.468553
015226,Turbigo,MI,Lombardia,20029,45.52915,8.736666
015229,Vanzago,MI,Lombardia,20010,45.526826,8.994955
015230,Vaprio d'Adda,MI,Lombardia,20069,45.576576,9.529174
015236,Vernate,MI,Lombardia,20080,45.316147,9.060968
015237,Vignate,MI,Lombardia,20060,45.496573,9.376651
015242,Vimodrone,MI,Lombardia,20055,45.512832,9.284672
015243,Vittuone,MI,Lombardia,20010,45.487969,8.952442
015244,Vizzolo Predabissi,MI,Lombardia,20070,45.35636,9.349762
015247,Zibido San Giacomo,MI,Lombardia,20080,45.36,9.106028
015248,Villa Cortese,MI,Lombardia,20035,45.566752,8.888903
015249,Vanzaghello,MI,Lombardia,20020,45.579253,8.782372
015250,Baranzate,MI,Lombardia,20021,45.527222,9.117601
015251,Vermezzo con Zelo,MI,Lombardia,20080,45.390781,8.982192
016001,Adrara San Martino,BG,Lombardia,24060,45.699945,9.948935
016002,Adrara San Rocco,BG,Lombardia,24060,45.713986,9.958705
016003,Albano Sant'Alessandro,BG,Lombardia,24061,45.686482,9.770656
016004,Albino,BG,Lombardia,24021,45.760814,9.79683
016005,Almè,BG,Lombardia,24011,45.73701,9.614785
016006,Almenno San Bartolomeo,BG,Lombardia,24030,45.742681,9.582251
016007,Almenno San Salvatore,BG,Lombardia,24031,45.749956,9.596368
016008,Alzano Lombardo,BG,Lombardia,24022,45.733603,9.730494
016009,Ambivere,BG,Lombardia,24030,45.71958,9.55015
016010,Antegnate,BG,Lombardia,24051,45.486477,9.79146
016011,Arcene,BG,Lombardia,24040,45.575577,9.614054
016012,Ardesio,BG,Lombardia,24020,45.937512,9.931158
016013,Arzago d'Adda,BG,Lombardia,24040,45.481513,9.561678
016014,Averara,BG,Lombardia,24010,45.98868,9.631398
016015,Aviatico,BG,Lombardia,24020,45.800307,9.771656
016016,Azzano San Paolo,BG,Lombardia,24052,45.661039,9.67518
016017,Azzone,BG,Lombardia,24020,45.978518,10.112647
016018,Bagnatica,BG,Lombardia,24060,45.660881,9.781057
016019,Barbata,BG,Lombardia,24040,45.474977,9.77736
016020,Bariano,BG,Lombardia,24050,45.512646,9.704925
016021,Barzana,BG,Lombardia,24030,45.733986,9.567264
016022,Bedulita,BG,Lombardia,24030,45.791652,9.55155
016023,Berbenno,BG,Lombardia,24030,45.814783,9.571049
016024,Bergamo,BG,Lombardia,24122,45.756656,9.754219
016025,Berzo San Fermo,BG,Lombardia,24060,45.719384,9.903158
016026,Bianzano,BG,Lombardia,24060,45.774503,9.920848
016027,Blello,BG,Lombardia,24010,45.837784,9.571049
016028,Bolgare,BG,Lombardia,24060,45.635081,9.812858
016029,Boltiere,BG,Lombardia,24040,45.600878,9.578453
016030,Bonate Sopra,BG,Lombardia,24040,45.68338,9.559751
016031,Bonate Sotto,BG,Lombardia,24040,45.666784,9.561388
016032,Borgo di Terzo,BG,Lombardia,24060,45.721786,9.894848
016033,Bossico,BG,Lombardia,24060,45.828388,10.045059
016034,Bottanuco,BG,Lombardia,24040,45.639878,9.506451
016035,Bracca,BG,Lombardia,24010,45.823886,9.707871
016036,Branzi,BG,Lombardia,24010,46.005377,9.759974
016037,Brembate,BG,Lombardia,24041,45.603928,9.555598
016038,Brembate di Sopra,BG,Lombardia,24030,45.716763,9.579416
016040,Brignano Gera d'Adda,BG,Lombardia,24053,45.545519,9.648953
016041,Brumano,BG,Lombardia,24037,45.855083,9.500547
016042,Brusaporto,BG,Lombardia,24060,45.670846,9.761354
016043,Calcinate,BG,Lombardia,24050,45.619721,9.798877
016044,Calcio,BG,Lombardia,24054,45.50921,9.850979
016046,Calusco d'Adda,BG,Lombardia,24033,45.691379,9.472649
016047,Calvenzano,BG,Lombardia,24040,45.494981,9.601286
016048,Camerata Cornello,BG,Lombardia,24010,45.898686,9.656349
016049,Canonica d'Adda,BG,Lombardia,24040,45.575677,9.541653
016050,Capizzone,BG,Lombardia,24030,45.784482,9.56775
016051,Capriate San Gervasio,BG,Lombardia,24042,45.612578,9.528752
016052,Caprino Bergamasco,BG,Lombardia,24030,45.74528,9.481748
016053,Caravaggio,BG,Lombardia,24043,45.49726,9.64374
016055,Carobbio degli Angeli,BG,Lombardia,24060,45.665182,9.829158
016056,Carona,BG,Lombardia,24010,46.141084,10.090007
016057,Carvico,BG,Lombardia,24030,45.703779,9.482249
016058,Casazza,BG,Lombardia,24060,45.749184,9.907258
016059,Casirate d'Adda,BG,Lombardia,24040,45.494124,9.567808
016060,Casnigo,BG,Lombardia,24020,45.815986,9.868556
016061,Cassiglio,BG,Lombardia,24010,45.966787,9.612147
016062,Castelli Calepio,BG,Lombardia,24060,45.631966,9.896063
016063,Castel Rozzone,BG,Lombardia,24040,45.552277,9.619855
016064,Castione della Presolana,BG,Lombardia,24020,45.907455,10.035059
016065,Castro,BG,Lombardia,24063,45.802987,10.06706
016066,Cavernago,BG,Lombardia,24050,45.625097,9.76164
016067,Cazzano Sant'Andrea,BG,Lombardia,24026,45.812733,9.884704
016068,Cenate Sopra,BG,Lombardia,24060,45.711865,9.823789
016069,Cenate Sotto,BG,Lombardia,24069,45.698864,9.825711
016070,Cene,BG,Lombardia,24020,45.78367,9.82546
016071,Cerete,BG,Lombardia,24020,45.854348,10.011019
016072,Chignolo d'Isola,BG,Lombardia,24040,45.667579,9.527651
016073,Chiuduno,BG,Lombardia,24060,45.650819,9.848016
016074,Cisano Bergamasco,BG,Lombardia,24034,45.74248,9.470248
016075,Ciserano,BG,Lombardia,24040,45.585281,9.60085
016076,Cividate al Piano,BG,Lombardia,24050,45.554879,9.83096
016077,Clusone,BG,Lombardia,24023,45.887088,9.949656
016078,Colere,BG,Lombardia,24020,45.974292,10.082757
016079,Cologno al Serio,BG,Lombardia,24055,45.579772,9.707725
016080,Colzate,BG,Lombardia,24020,45.816027,9.855865
016081,Comun Nuovo,BG,Lombardia,24040,45.622911,9.663127
016082,Corna Imagna,BG,Lombardia,24030,45.830683,9.544848
016083,Cortenuova,BG,Lombardia,24050,45.538978,9.787859
016084,Costa di Mezzate,BG,Lombardia,24060,45.661981,9.793957
016085,Costa Valle Imagna,BG,Lombardia,24030,45.80501,9.502141
016086,Costa Volpino,BG,Lombardia,24062,45.829888,10.098161
016087,Covo,BG,Lombardia,24050,45.500322,9.770107
016088,Credaro,BG,Lombardia,24060,45.660582,9.93106
016089,Curno,BG,Lombardia,24035,45.691514,9.610966
016090,Cusio,BG,Lombardia,24010,45.990888,9.601746
016091,Dalmine,BG,Lombardia,24044,45.649279,9.603953
016092,Dossena,BG,Lombardia,24010,45.880286,9.696751
016093,Endine Gaiano,BG,Lombardia,24060,45.792486,9.969058
016094,Entratico,BG,Lombardia,24060,45.705615,9.874626
016096,Fara Gera d'Adda,BG,Lombardia,24045,45.555676,9.537853
016097,Fara Olivana con Sola,BG,Lombardia,24058,45.49172,9.737362
016098,Filago,BG,Lombardia,24040,45.637578,9.556352
016099,Fino del Monte,BG,Lombardia,24020,45.892689,9.994057
016100,Fiorano al Serio,BG,Lombardia,24020,45.799841,9.842294
016101,Fontanella,BG,Lombardia,24056,45.469877,9.801961
016102,Fonteno,BG,Lombardia,24060,45.757803,10.020207
016103,Foppolo,BG,Lombardia,24010,46.04189,9.757449
016104,Foresto Sparso,BG,Lombardia,24060,45.690883,9.920059
016105,Fornovo San Giovanni,BG,Lombardia,24040,45.497925,9.676906
016106,Fuipiano Valle Imagna,BG,Lombardia,24030,45.854284,9.528447
016107,Gandellino,BG,Lombardia,24020,45.99155,9.946597
016108,Gandino,BG,Lombardia,24024,45.811533,9.903118
016109,Gandosso,BG,Lombardia,24060,45.658882,9.888859
016110,Gaverina Terme,BG,Lombardia,24060,45.755784,9.886657
016111,Gazzaniga,BG,Lombardia,24025,45.796642,9.834955
016113,Ghisalba,BG,Lombardia,24050,45.594193,9.753914
016114,Gorlago,BG,Lombardia,24060,45.676703,9.827054
016115,Gorle,BG,Lombardia,24020,45.703735,9.719022
016116,Gorno,BG,Lombardia,24020,45.862895,9.843416
016117,Grassobbio,BG,Lombardia,24050,45.65723,9.723107
016118,Gromo,BG,Lombardia,24020,45.96399,9.927054
016119,Grone,BG,Lombardia,24060,45.727504,9.911202
016120,Grumello del Monte,BG,Lombardia,24064,45.637181,9.876759
016121,Isola di Fondra,BG,Lombardia,24010,45.978491,9.746387
016122,Isso,BG,Lombardia,24040,45.476787,9.758419
016123,Lallio,BG,Lombardia,24040,45.66638,9.630053
016124,Leffe,BG,Lombardia,24026,45.800686,9.885456
016125,Lenna,BG,Lombardia,24010,45.943983,9.678696
016126,Levate,BG,Lombardia,24040,45.625179,9.624154
016127,Locatello,BG,Lombardia,24030,45.834502,9.53326
016128,Lovere,BG,Lombardia,24065,45.816882,10.075214
016129,Lurano,BG,Lombardia,24050,45.565677,9.640155
016130,Luzzana,BG,Lombardia,24069,45.716393,9.880496
016131,Madone,BG,Lombardia,24040,45.649957,9.547963
016132,Mapello,BG,Lombardia,24030,45.708965,9.547513
016133,Martinengo,BG,Lombardia,24057,45.570368,9.767376
016134,Mezzoldo,BG,Lombardia,24010,46.012403,9.664874
016135,Misano di Gera d'Adda,BG,Lombardia,24040,45.468775,9.621057
016136,Moio de' Calvi,BG,Lombardia,24010,45.952003,9.700212
016137,Monasterolo del Castello,BG,Lombardia,24060,45.763185,9.931658
016139,Montello,BG,Lombardia,24060,45.672082,9.805657
016140,Morengo,BG,Lombardia,24050,45.533604,9.705278
016141,Mornico al Serio,BG,Lombardia,24050,45.59138,9.809259
016142,Mozzanica,BG,Lombardia,24050,45.476076,9.689258
016143,Mozzo,BG,Lombardia,24030,45.69868,9.608652
016144,Nembro,BG,Lombardia,24027,45.743974,9.759275
016145,Olmo al Brembo,BG,Lombardia,24010,45.969676,9.648649
016146,Oltre il Colle,BG,Lombardia,24013,45.889487,9.769252
016147,Oltressenda Alta,BG,Lombardia,24020,45.916699,9.944232
016148,Oneta,BG,Lombardia,24020,45.871487,9.819354
016149,Onore,BG,Lombardia,24020,45.891169,10.009936
016150,Orio al Serio,BG,Lombardia,24050,45.676227,9.692956
016151,Ornica,BG,Lombardia,24010,45.988971,9.579479
016152,Osio Sopra,BG,Lombardia,24040,45.630787,9.591063
016153,Osio Sotto,BG,Lombardia,24046,45.616078,9.589053
016154,Pagazzano,BG,Lombardia,24040,45.534277,9.671157
016155,Paladina,BG,Lombardia,24030,45.730674,9.607994
016156,Palazzago,BG,Lombardia,24030,45.752115,9.535027
016157,Palosco,BG,Lombardia,24050,45.587549,9.835698
016158,Parre,BG,Lombardia,24020,45.874587,9.890855
016159,Parzanica,BG,Lombardia,24060,45.738026,10.034515
016160,Pedrengo,BG,Lombardia,24066,45.695982,9.734955
016161,Peia,BG,Lombardia,24020,45.799761,9.900355
016162,Pianico,BG,Lombardia,24060,45.809887,10.04306
016163,Piario,BG,Lombardia,24020,45.896488,9.927255
016164,Piazza Brembana,BG,Lombardia,24014,45.947786,9.675623
016165,Piazzatorre,BG,Lombardia,24010,45.989717,9.683798
016166,Piazzolo,BG,Lombardia,24010,45.979783,9.67197
016167,Pognano,BG,Lombardia,24040,45.586378,9.639955
016168,Ponte Nossa,BG,Lombardia,24028,45.866062,9.882974
016169,Ponteranica,BG,Lombardia,24010,45.732077,9.651987
016170,Ponte San Pietro,BG,Lombardia,24036,45.697819,9.587857
016171,Pontida,BG,Lombardia,24030,45.732311,9.498642
016172,Pontirolo Nuovo,BG,Lombardia,24040,45.569175,9.569345
016173,Pradalunga,BG,Lombardia,24020,45.746733,9.783129
016174,Predore,BG,Lombardia,24060,45.680784,10.014361
016175,Premolo,BG,Lombardia,24020,45.870187,9.874655
016176,Presezzo,BG,Lombardia,24030,45.69208,9.570351
016177,Pumenengo,BG,Lombardia,24050,45.479947,9.870128
016178,Ranica,BG,Lombardia,24020,45.726338,9.714663
016179,Ranzanico,BG,Lombardia,24060,45.789229,9.935725
016180,Riva di Solto,BG,Lombardia,24060,45.77357,10.039343
016182,Rogno,BG,Lombardia,24060,45.857665,10.133545
016183,Romano di Lombardia,BG,Lombardia,24058,45.518376,9.755087
016184,Roncobello,BG,Lombardia,24010,45.955688,9.75235
016185,Roncola,BG,Lombardia,24030,45.768007,9.561298
016186,Rota d'Imagna,BG,Lombardia,24037,45.830854,9.512792
016187,Rovetta,BG,Lombardia,24020,45.892989,9.983457
016188,San Giovanni Bianco,BG,Lombardia,24015,45.874075,9.653022
016189,San Paolo d'Argon,BG,Lombardia,24060,45.688557,9.804066
016190,San Pellegrino Terme,BG,Lombardia,24016,45.838631,9.664731
016191,Santa Brigida,BG,Lombardia,24010,45.984547,9.621791
016193,Sarnico,BG,Lombardia,24067,45.670143,9.963513
016194,Scanzorosciate,BG,Lombardia,24020,45.710782,9.735055
016195,Schilpario,BG,Lombardia,24020,46.008793,10.157759
016196,Sedrina,BG,Lombardia,24010,45.781783,9.624051
016197,Selvino,BG,Lombardia,24020,45.781144,9.751675
016198,Seriate,BG,Lombardia,24068,45.684371,9.717998
016199,Serina,BG,Lombardia,24017,45.871941,9.729336
016200,Solto Collina,BG,Lombardia,24060,45.781784,10.025203
016201,Songavazzo,BG,Lombardia,24020,45.879525,9.989516
016202,Sorisole,BG,Lombardia,24010,45.744579,9.661195
016203,Sotto il Monte Giovanni XXIII,BG,Lombardia,24039,45.705467,9.503737
016204,Sovere,BG,Lombardia,24060,45.820724,10.023098
016205,Spinone al Lago,BG,Lombardia,24060,45.767485,9.924158
016206,Spirano,BG,Lombardia,24050,45.582078,9.668856
016207,Stezzano,BG,Lombardia,24040,45.65138,9.65351
016208,Strozza,BG,Lombardia,24030,45.773082,9.57745
016209,Suisio,BG,Lombardia,24040,45.655902,9.500154
016210,Taleggio,BG,Lombardia,24010,45.894385,9.562672
016211,Tavernola Bergamasca,BG,Lombardia,24060,45.709385,10.046262
016212,Telgate,BG,Lombardia,24060,45.628881,9.851659
016213,Terno d'Isola,BG,Lombardia,24030,45.685479,9.530951
016214,Torre Boldone,BG,Lombardia,24020,45.716272,9.708189
016215,Torre de' Busi,BG,Lombardia,23806,45.774566,9.480377
016216,Torre de' Roveri,BG,Lombardia,24060,45.700822,9.773514
016217,Torre Pallavicina,BG,Lombardia,24050,45.446377,9.877063
016218,Trescore Balneario,BG,Lombardia,24069,45.696483,9.842557
016219,Treviglio,BG,Lombardia,24047,45.521724,9.593148
016220,Treviolo,BG,Lombardia,24048,45.671543,9.611742
016221,Ubiale Clanezzo,BG,Lombardia,24010,45.780936,9.605822
016222,Urgnano,BG,Lombardia,24059,45.597197,9.694856
016223,Valbondione,BG,Lombardia,24020,46.034193,10.005855
016224,Valbrembo,BG,Lombardia,24030,45.717833,9.607536
016225,Valgoglio,BG,Lombardia,24020,45.97489,9.913554
016226,Valleve,BG,Lombardia,24010,46.02819,9.743749
016227,Valnegra,BG,Lombardia,24010,45.94941,9.690018
016229,Valtorta,BG,Lombardia,24010,45.977787,9.534945
016230,Vedeseta,BG,Lombardia,24010,45.89087,9.540057
016232,Verdellino,BG,Lombardia,24040,45.603136,9.61561
016233,Verdello,BG,Lombardia,24049,45.604778,9.628954
016234,Vertova,BG,Lombardia,24029,45.810219,9.853507
016235,Viadanica,BG,Lombardia,24060,45.684342,9.962284
016236,Vigano San Martino,BG,Lombardia,24060,45.726531,9.89399
016237,Vigolo,BG,Lombardia,24060,45.715775,10.022717
016238,Villa d'Adda,BG,Lombardia,24030,45.71398,9.461649
016239,Villa d'Almè,BG,Lombardia,24018,45.749682,9.614451
016240,Villa di Serio,BG,Lombardia,24020,45.722665,9.732378
016241,Villa d'Ogna,BG,Lombardia,24020,45.904689,9.930855
016242,Villongo,BG,Lombardia,24060,45.673042,9.933834
016243,Vilminore di Scalve,BG,Lombardia,24020,45.997675,10.09248
016244,Zandobbio,BG,Lombardia,24060,45.687882,9.853358
016245,Zanica,BG,Lombardia,24050,45.63946,9.684126
016246,Zogno,BG,Lombardia,24019,45.793706,9.666203
016247,Costa Serina,BG,Lombardia,24010,45.83242,9.741937
016248,Algua,BG,Lombardia,24010,45.826185,9.722152
016249,Cornalba,BG,Lombardia,24017,45.851729,9.743234
016250,Medolago,BG,Lombardia,24030,45.668579,9.49565
016251,Solza,BG,Lombardia,24030,45.677143,9.488937
016252,Sant'Omobono Terme,BG,Lombardia,24038,45.811687,9.535963
016253,Val Brembilla,BG,Lombardia,24012,45.824643,9.601566
017001,Acquafredda,BS,Lombardia,25010,45.307378,10.414677
017002,Adro,BS,Lombardia,25030,45.622402,9.961376
017003,Agnosine,BS,Lombardia,25071,45.650676,10.353335
017004,Alfianello,BS,Lombardia,25020,45.266975,10.148172
017005,Anfo,BS,Lombardia,25070,45.76639,10.493771
017006,Angolo Terme,BS,Lombardia,25040,45.891036,10.146099
017007,Artogne,BS,Lombardia,25040,45.848982,10.164556
017008,Azzano Mella,BS,Lombardia,25020,45.454722,10.116823
017009,Bagnolo Mella,BS,Lombardia,25021,45.429079,10.18437
017010,Bagolino,BS,Lombardia,25072,45.823561,10.462731
017011,Barbariga,BS,Lombardia,25030,45.405077,10.054367
017012,Barghe,BS,Lombardia,25070,45.681887,10.41217
017013,Bassano Bresciano,BS,Lombardia,25020,45.327176,10.12837
017014,Bedizzole,BS,Lombardia,25081,45.510571,10.423032
017015,Berlingo,BS,Lombardia,25030,45.50298,10.043665
017016,Berzo Demo,BS,Lombardia,25040,46.093418,10.336266
017017,Berzo Inferiore,BS,Lombardia,25040,45.931693,10.280587
017018,Bienno,BS,Lombardia,25040,45.935562,10.294791
017019,Bione,BS,Lombardia,25070,45.672786,10.338869
017020,Borgo San Giacomo,BS,Lombardia,25022,45.346975,9.968467
017021,Borgosatollo,BS,Lombardia,25010,45.477262,10.240811
017022,Borno,BS,Lombardia,25042,45.94733,10.206404
017023,Botticino,BS,Lombardia,25082,45.543262,10.323184
017024,Bovegno,BS,Lombardia,25061,45.793307,10.273756
017025,Bovezzo,BS,Lombardia,25073,45.593137,10.24348
017026,Brandico,BS,Lombardia,25030,45.454178,10.052666
017027,Braone,BS,Lombardia,25040,45.990034,10.34319
017028,Breno,BS,Lombardia,25043,45.956324,10.30404
017029,Brescia,BS,Lombardia,25121,45.77958,10.425873
017030,Brione,BS,Lombardia,25060,45.642923,10.146156
017031,Caino,BS,Lombardia,25070,45.612677,10.315085
017032,Calcinato,BS,Lombardia,25011,45.457182,10.413574
017033,Calvagese della Riviera,BS,Lombardia,25080,45.54004,10.445833
017034,Calvisano,BS,Lombardia,25012,45.348052,10.345921
017035,Capo di Ponte,BS,Lombardia,25044,46.030996,10.345862
017036,Capovalle,BS,Lombardia,25070,45.754435,10.54469
017037,Capriano del Colle,BS,Lombardia,25020,45.454869,10.130348
017038,Capriolo,BS,Lombardia,25031,45.637256,9.933605
017039,Carpenedolo,BS,Lombardia,25013,45.364606,10.429385
017040,Castegnato,BS,Lombardia,25045,45.560714,10.115309
017041,Castelcovati,BS,Lombardia,25030,45.498413,9.943282
017042,Castel Mella,BS,Lombardia,25030,45.499592,10.145008
017043,Castenedolo,BS,Lombardia,25014,45.471576,10.29831
017044,Casto,BS,Lombardia,25070,45.69455,10.321243
017045,Castrezzato,BS,Lombardia,25030,45.512505,9.977855
017046,Cazzago San Martino,BS,Lombardia,25046,45.580508,10.026215
017047,Cedegolo,BS,Lombardia,25051,46.076646,10.350068
017048,Cellatica,BS,Lombardia,25060,45.584106,10.180245
017049,Cerveno,BS,Lombardia,25040,46.002509,10.325791
017050,Ceto,BS,Lombardia,25040,46.002595,10.351963
017051,Cevo,BS,Lombardia,25040,46.081397,10.368562
017052,Chiari,BS,Lombardia,25032,45.536462,9.928846
017053,Cigole,BS,Lombardia,25020,45.308636,10.189375
017054,Cimbergo,BS,Lombardia,25050,46.024096,10.365663
017055,Cividate Camuno,BS,Lombardia,25040,45.942493,10.277462
017056,Coccaglio,BS,Lombardia,25030,45.563448,9.978272
017057,Collebeato,BS,Lombardia,25060,45.581315,10.210271
017058,Collio,BS,Lombardia,25060,45.809312,10.332872
017059,Cologne,BS,Lombardia,25033,45.58152,9.941172
017060,Comezzano-Cizzago,BS,Lombardia,25030,45.471278,9.950064
017061,Concesio,BS,Lombardia,25062,45.605184,10.216967
017062,Corte Franca,BS,Lombardia,25040,45.637417,10.006468
017063,Corteno Golgi,BS,Lombardia,25040,46.166198,10.243457
017064,Corzano,BS,Lombardia,25030,45.443778,10.007366
017065,Darfo Boario Terme,BS,Lombardia,25047,45.883486,10.180707
017066,Dello,BS,Lombardia,25020,45.41811,10.075203
017067,Desenzano del Garda,BS,Lombardia,25015,45.469485,10.538947
017068,Edolo,BS,Lombardia,25048,46.179375,10.330757
017069,Erbusco,BS,Lombardia,25030,45.5985,9.972216
017070,Esine,BS,Lombardia,25040,45.925692,10.250862
017071,Fiesse,BS,Lombardia,25020,45.231475,10.324177
017072,Flero,BS,Lombardia,25020,45.482887,10.175008
017073,Gambara,BS,Lombardia,25020,45.255246,10.293411
017074,Gardone Riviera,BS,Lombardia,25083,45.618785,10.559101
017075,Gardone Val Trompia,BS,Lombardia,25063,45.687914,10.183724
017076,Gargnano,BS,Lombardia,25084,45.688138,10.663501
017077,Gavardo,BS,Lombardia,25085,45.584627,10.438237
017078,Ghedi,BS,Lombardia,25016,45.401081,10.279276
017079,Gianico,BS,Lombardia,25040,45.86453,10.183653
017080,Gottolengo,BS,Lombardia,25023,45.291033,10.269829
017081,Gussago,BS,Lombardia,25064,45.592664,10.15345
017082,Idro,BS,Lombardia,25074,45.737745,10.478326
017083,Incudine,BS,Lombardia,25040,46.2203,10.358759
017084,Irma,BS,Lombardia,25061,45.771317,10.284168
017085,Iseo,BS,Lombardia,25049,45.659555,10.051049
017086,Isorella,BS,Lombardia,25010,45.309153,10.322164
017087,Lavenone,BS,Lombardia,25074,45.739689,10.43907
017088,Leno,BS,Lombardia,25024,45.367012,10.218452
017089,Limone sul Garda,BS,Lombardia,25010,45.814119,10.791579
017090,Lodrino,BS,Lombardia,25060,45.719687,10.277667
017091,Lograto,BS,Lombardia,25030,45.484238,10.053276
017092,Lonato del Garda,BS,Lombardia,25017,45.461039,10.484535
017093,Longhena,BS,Lombardia,25030,45.437678,10.059667
017094,Losine,BS,Lombardia,25050,45.983494,10.316163
017095,Lozio,BS,Lombardia,25040,45.986103,10.26036
017096,Lumezzane,BS,Lombardia,25065,45.648258,10.264546
017097,Maclodio,BS,Lombardia,25030,45.476998,10.042715
017098,Magasa,BS,Lombardia,25080,45.781392,10.615973
017099,Mairano,BS,Lombardia,25030,45.449179,10.079567
017100,Malegno,BS,Lombardia,25053,45.950602,10.273339
017101,Malonno,BS,Lombardia,25040,46.122581,10.319212
017102,Manerba del Garda,BS,Lombardia,25080,45.556043,10.562593
017103,Manerbio,BS,Lombardia,25025,45.355777,10.13517
017104,Marcheno,BS,Lombardia,25060,45.709374,10.215326
017105,Marmentino,BS,Lombardia,25060,45.75545,10.287315
017106,Marone,BS,Lombardia,25054,45.736086,10.093762
017107,Mazzano,BS,Lombardia,25080,45.518804,10.354162
017108,Milzano,BS,Lombardia,25020,45.273575,10.199273
017109,Moniga del Garda,BS,Lombardia,25080,45.528523,10.537573
017110,Monno,BS,Lombardia,25040,46.211571,10.339878
017111,Monte Isola,BS,Lombardia,25050,45.716536,10.080176
017112,Monticelli Brusati,BS,Lombardia,25040,45.63219,10.09857
017113,Montichiari,BS,Lombardia,25018,45.415181,10.390675
017114,Montirone,BS,Lombardia,25010,45.44638,10.228771
017115,Mura,BS,Lombardia,25070,45.71398,10.34365
017116,Muscoline,BS,Lombardia,25080,45.562485,10.461874
017117,Nave,BS,Lombardia,25075,45.587727,10.289235
017118,Niardo,BS,Lombardia,25050,45.975994,10.333263
017119,Nuvolento,BS,Lombardia,25080,45.545784,10.386772
017120,Nuvolera,BS,Lombardia,25080,45.532183,10.369172
017121,Odolo,BS,Lombardia,25076,45.64685,10.388448
017122,Offlaga,BS,Lombardia,25020,45.386133,10.117457
017123,Ome,BS,Lombardia,25050,45.627283,10.121365
017124,Ono San Pietro,BS,Lombardia,25040,46.016895,10.328362
017125,Orzinuovi,BS,Lombardia,25034,45.403976,9.921564
017126,Orzivecchi,BS,Lombardia,25030,45.42066,9.961729
017127,Ospitaletto,BS,Lombardia,25035,45.555222,10.073946
017128,Ossimo,BS,Lombardia,25050,45.946192,10.230561
017129,Padenghe sul Garda,BS,Lombardia,25080,45.509584,10.506376
017130,Paderno Franciacorta,BS,Lombardia,25050,45.589187,10.076411
017131,Paisco Loveno,BS,Lombardia,25050,46.078305,10.290733
017132,Paitone,BS,Lombardia,25080,45.553076,10.401255
017133,Palazzolo sull'Oglio,BS,Lombardia,25036,45.599069,9.884966
017134,Paratico,BS,Lombardia,25030,45.659876,9.95507
017135,Paspardo,BS,Lombardia,25050,46.030996,10.370963
017136,Passirano,BS,Lombardia,25050,45.599487,10.064918
017137,Pavone del Mella,BS,Lombardia,25020,45.301256,10.208401
017138,San Paolo,BS,Lombardia,25020,45.370576,10.026767
017139,Pertica Alta,BS,Lombardia,25070,45.744402,10.343936
017140,Pertica Bassa,BS,Lombardia,25078,45.754489,10.37467
017141,Pezzaze,BS,Lombardia,25060,45.774127,10.237377
017142,Pian Camuno,BS,Lombardia,25050,45.843752,10.157887
017143,Pisogne,BS,Lombardia,25055,45.805731,10.10819
017144,Polaveno,BS,Lombardia,25060,45.661484,10.123964
017145,Polpenazze del Garda,BS,Lombardia,25080,45.551185,10.504875
017146,Pompiano,BS,Lombardia,25030,45.431977,9.989265
017147,Poncarale,BS,Lombardia,25020,45.460663,10.173909
017148,Ponte di Legno,BS,Lombardia,25056,46.258603,10.508662
017149,Pontevico,BS,Lombardia,25026,45.274374,10.092471
017150,Pontoglio,BS,Lombardia,25037,45.56938,9.85346
017151,Pozzolengo,BS,Lombardia,25010,45.40597,10.631373
017152,Pralboino,BS,Lombardia,25020,45.267999,10.217413
017153,Preseglie,BS,Lombardia,25070,45.668287,10.39677
017155,Prevalle,BS,Lombardia,25080,45.551482,10.421857
017156,Provaglio d'Iseo,BS,Lombardia,25050,45.635971,10.044167
017157,Provaglio Val Sabbia,BS,Lombardia,25070,45.684864,10.436601
017158,Puegnago del Garda,BS,Lombardia,25080,45.565692,10.51147
017159,Quinzano d'Oglio,BS,Lombardia,25027,45.310875,10.008568
017160,Remedello,BS,Lombardia,25010,45.279498,10.371743
017161,Rezzato,BS,Lombardia,25086,45.514182,10.316671
017162,Roccafranca,BS,Lombardia,25030,45.4643,9.914056
017163,Rodengo Saiano,BS,Lombardia,25050,45.597646,10.109468
017164,Roè Volciano,BS,Lombardia,25077,45.616764,10.49587
017165,Roncadelle,BS,Lombardia,25030,45.527608,10.149701
017166,Rovato,BS,Lombardia,25038,45.567038,9.998601
017167,Rudiano,BS,Lombardia,25030,45.488578,9.887062
017168,Sabbio Chiese,BS,Lombardia,25070,45.658587,10.420571
017169,Sale Marasino,BS,Lombardia,25057,45.715453,10.111139
017170,Salò,BS,Lombardia,25087,45.605678,10.520069
017171,San Felice del Benaco,BS,Lombardia,25010,45.589546,10.551733
017172,San Gervasio Bresciano,BS,Lombardia,25020,45.307376,10.148671
017173,San Zeno Naviglio,BS,Lombardia,25010,45.491572,10.217058
017174,Sarezzo,BS,Lombardia,25068,45.66187,10.195876
017175,Saviore dell'Adamello,BS,Lombardia,25040,46.080497,10.399663
017176,Sellero,BS,Lombardia,25050,46.055989,10.34399
017177,Seniga,BS,Lombardia,25020,45.242674,10.177973
017178,Serle,BS,Lombardia,25080,45.570284,10.366071
017179,Sirmione,BS,Lombardia,25019,45.468849,10.607824
017180,Soiano del Lago,BS,Lombardia,25080,45.527784,10.512675
017181,Sonico,BS,Lombardia,25048,46.165499,10.35286
017182,Sulzano,BS,Lombardia,25058,45.690385,10.100963
017183,Tavernole sul Mella,BS,Lombardia,25060,45.746987,10.240565
017184,Temù,BS,Lombardia,25050,46.249214,10.46805
017185,Tignale,BS,Lombardia,25080,45.739781,10.721765
017186,Torbole Casaglia,BS,Lombardia,25030,45.50531,10.102464
017187,Toscolano-Maderno,BS,Lombardia,25088,45.63453,10.609521
017188,Travagliato,BS,Lombardia,25039,45.523906,10.079783
017189,Tremosine sul Garda,BS,Lombardia,25010,45.771079,10.760773
017190,Trenzano,BS,Lombardia,25030,45.477279,10.010665
017191,Treviso Bresciano,BS,Lombardia,25070,45.713126,10.463664
017192,Urago d'Oglio,BS,Lombardia,25030,45.515978,9.869661
017193,Vallio Terme,BS,Lombardia,25080,45.610193,10.390175
017194,Valvestino,BS,Lombardia,25080,45.762092,10.594646
017195,Verolanuova,BS,Lombardia,25028,45.328581,10.076086
017196,Verolavecchia,BS,Lombardia,25029,45.327012,10.057256
017197,Vestone,BS,Lombardia,25078,45.710641,10.403471
017198,Vezza d'Oglio,BS,Lombardia,25059,46.240213,10.399732
017199,Villa Carcina,BS,Lombardia,25069,45.632214,10.194442
017200,Villachiara,BS,Lombardia,25030,45.355375,9.930966
017201,Villanuova sul Clisi,BS,Lombardia,25089,45.60168,10.453872
017202,Vione,BS,Lombardia,25050,46.248402,10.447161
017203,Visano,BS,Lombardia,25010,45.318378,10.372376
017204,Vobarno,BS,Lombardia,25079,45.643643,10.499454
017205,Zone,BS,Lombardia,25050,45.763445,10.115882
017206,Piancogno,BS,Lombardia,25052,45.919692,10.225262
018001,Alagna,PV,Lombardia,27020,45.169861,8.889846
018003,Albonese,PV,Lombardia,27020,45.294438,8.706322
018004,Albuzzano,PV,Lombardia,27010,45.186626,9.27504
018005,Arena Po,PV,Lombardia,27040,45.096606,9.362846
018006,Badia Pavese,PV,Lombardia,27010,45.120328,9.468797
018007,Bagnaria,PV,Lombardia,27050,44.827262,9.122605
018008,Barbianello,PV,Lombardia,27041,45.076662,9.205155
018009,Bascapè,PV,Lombardia,27010,45.308268,9.313453
018011,Bastida Pancarana,PV,Lombardia,27050,45.086061,9.085152
018012,Battuda,PV,Lombardia,27020,45.274665,9.078048
018013,Belgioioso,PV,Lombardia,27011,45.158565,9.313756
018014,Bereguardo,PV,Lombardia,27021,45.257378,9.027957
018015,Borgarello,PV,Lombardia,27010,45.240665,9.14055
018016,Borgo Priolo,PV,Lombardia,27040,44.966449,9.148504
018017,Borgoratto Mormorolo,PV,Lombardia,27040,44.930658,9.193257
018018,Borgo San Siro,PV,Lombardia,27020,45.234969,8.913361
018019,Bornasco,PV,Lombardia,27010,45.266566,9.217951
018020,Bosnasco,PV,Lombardia,27040,45.064363,9.358477
018021,Brallo di Pregola,PV,Lombardia,27050,44.738186,9.28137
018022,Breme,PV,Lombardia,27020,45.126922,8.623567
018023,Bressana Bottarone,PV,Lombardia,27042,45.083601,9.122253
018024,Broni,PV,Lombardia,27043,45.062162,9.261191
018025,Calvignano,PV,Lombardia,27040,44.982744,9.168163
018026,Campospinoso,PV,Lombardia,27040,45.094424,9.244955
018027,Candia Lomellina,PV,Lombardia,27031,45.178758,8.59484
018029,Canneto Pavese,PV,Lombardia,27044,45.050462,9.278757
018030,Carbonara al Ticino,PV,Lombardia,27020,45.165422,9.061957
018031,Casanova Lonati,PV,Lombardia,27041,45.094464,9.213452
018032,Casatisma,PV,Lombardia,27040,45.04906,9.131954
018033,Casei Gerola,PV,Lombardia,27050,45.006146,8.926989
018034,Casorate Primo,PV,Lombardia,27022,45.312366,9.016846
018035,Cassolnovo,PV,Lombardia,27023,45.36556,8.810088
018036,Castana,PV,Lombardia,27040,45.026761,9.272457
018037,Casteggio,PV,Lombardia,27045,45.014114,9.123578
018038,Castelletto di Branduzzo,PV,Lombardia,27040,45.071839,9.090044
018039,Castello d'Agogna,PV,Lombardia,27030,45.234561,8.68714
018040,Castelnovetto,PV,Lombardia,27030,45.25476,8.611838
018041,Cava Manara,PV,Lombardia,27051,45.140173,9.10686
018042,Cecima,PV,Lombardia,27050,44.850969,9.080238
018043,Ceranova,PV,Lombardia,27010,45.260266,9.243152
018044,Ceretto Lomellina,PV,Lombardia,27030,45.244961,8.67244
018045,Cergnago,PV,Lombardia,27020,45.198201,8.772843
018046,Certosa di Pavia,PV,Lombardia,27012,45.257015,9.148114
018047,Cervesina,PV,Lombardia,27050,45.061259,9.016151
018048,Chignolo Po,PV,Lombardia,27013,45.148166,9.481559
018049,Cigognola,PV,Lombardia,27040,45.032761,9.244856
018050,Cilavegna,PV,Lombardia,27024,45.309752,8.743348
018051,Codevilla,PV,Lombardia,27050,44.963288,9.057385
018052,Confienza,PV,Lombardia,27030,45.332162,8.556336
018053,Copiano,PV,Lombardia,27010,45.196266,9.322455
018054,Corana,PV,Lombardia,27050,45.061659,8.96835
018057,Corvino San Quirico,PV,Lombardia,27050,45.010186,9.162397
018058,Costa de' Nobili,PV,Lombardia,27010,45.132054,9.378904
018059,Cozzo,PV,Lombardia,27030,45.192659,8.61104
018060,Cura Carpignano,PV,Lombardia,27010,45.212072,9.255463
018061,Dorno,PV,Lombardia,27020,45.155085,8.951882
018062,Ferrera Erbognone,PV,Lombardia,27032,45.115059,8.864347
018063,Filighera,PV,Lombardia,27010,45.177065,9.315955
018064,Fortunago,PV,Lombardia,27040,44.921176,9.183875
018065,Frascarolo,PV,Lombardia,27030,45.046656,8.682044
018066,Galliavola,PV,Lombardia,27034,45.097559,8.818846
018067,Gambarana,PV,Lombardia,27030,45.028959,8.762538
018068,Gambolò,PV,Lombardia,27025,45.25903,8.85906
018069,Garlasco,PV,Lombardia,27026,45.197362,8.923746
018071,Gerenzago,PV,Lombardia,27010,45.206566,9.359656
018072,Giussago,PV,Lombardia,27010,45.284766,9.140749
018073,Godiasco Salice Terme,PV,Lombardia,27052,44.890183,9.065673
018074,Golferenzo,PV,Lombardia,27047,44.962021,9.306952
018075,Gravellona Lomellina,PV,Lombardia,27020,45.327664,8.76414
018076,Gropello Cairoli,PV,Lombardia,27027,45.178609,8.994031
018077,Inverno e Monteleone,PV,Lombardia,27010,45.197866,9.385256
018078,Landriano,PV,Lombardia,27015,45.311968,9.260052
018079,Langosco,PV,Lombardia,27030,45.214367,8.56373
018080,Lardirago,PV,Lombardia,27016,45.235341,9.233213
018081,Linarolo,PV,Lombardia,27010,45.160981,9.27091
018082,Lirio,PV,Lombardia,27040,44.993982,9.255568
018083,Lomello,PV,Lombardia,27034,45.121059,8.796245
018084,Lungavilla,PV,Lombardia,27053,45.04066,9.081353
018085,Magherno,PV,Lombardia,27010,45.223566,9.329355
018086,Marcignago,PV,Lombardia,27020,45.253065,9.079349
018087,Marzano,PV,Lombardia,27010,45.247967,9.295054
018088,Mede,PV,Lombardia,27035,45.097858,8.735944
018089,Menconico,PV,Lombardia,27050,44.796364,9.27928
018090,Mezzana Bigli,PV,Lombardia,27030,45.059858,8.848447
018091,Mezzana Rabattone,PV,Lombardia,27030,45.094863,9.031254
018092,Mezzanino,PV,Lombardia,27040,45.124654,9.205338
018093,Miradolo Terme,PV,Lombardia,27010,45.171966,9.445558
018094,Montalto Pavese,PV,Lombardia,27040,44.979273,9.209761
018095,Montebello della Battaglia,PV,Lombardia,27054,45.000959,9.103454
018096,Montecalvo Versiggia,PV,Lombardia,27047,44.971268,9.285541
018097,Montescano,PV,Lombardia,27040,45.032644,9.296167
018098,Montesegale,PV,Lombardia,27052,44.906251,9.127073
018099,Monticelli Pavese,PV,Lombardia,27010,45.110731,9.515049
018100,Montù Beccaria,PV,Lombardia,27040,45.036946,9.315538
018101,Mornico Losana,PV,Lombardia,27040,45.010331,9.205113
018102,Mortara,PV,Lombardia,27036,45.247922,8.736385
018103,Nicorvo,PV,Lombardia,27020,45.285662,8.667939
018104,Olevano di Lomellina,PV,Lombardia,27020,45.21296,8.717269
018105,Oliva Gessi,PV,Lombardia,27050,45.00356,9.179355
018106,Ottobiano,PV,Lombardia,27030,45.152816,8.829209
018107,Palestro,PV,Lombardia,27030,45.301761,8.533436
018108,Pancarana,PV,Lombardia,27050,45.074928,9.05079
018109,Parona,PV,Lombardia,27020,45.282602,8.750845
018110,Pavia,PV,Lombardia,27100,45.036855,9.137825
018111,Pietra de' Giorgi,PV,Lombardia,27040,45.020704,9.230576
018112,Pieve Albignola,PV,Lombardia,27030,45.113111,8.9588
018113,Pieve del Cairo,PV,Lombardia,27037,45.049957,8.804146
018114,Pieve Porto Morone,PV,Lombardia,27017,45.109364,9.435759
018115,Pinarolo Po,PV,Lombardia,27040,45.069861,9.167254
018116,Pizzale,PV,Lombardia,27050,45.036505,9.048212
018117,Ponte Nizza,PV,Lombardia,27050,44.851548,9.097243
018118,Portalbera,PV,Lombardia,27040,45.097563,9.318857
018119,Rea,PV,Lombardia,27040,45.113365,9.154658
018120,Redavalle,PV,Lombardia,27050,45.037446,9.203918
018121,Retorbido,PV,Lombardia,27050,44.9493,9.036174
018122,Rivanazzano Terme,PV,Lombardia,27055,44.930767,9.014159
018123,Robbio,PV,Lombardia,27038,45.289971,8.593278
018124,Robecco Pavese,PV,Lombardia,27042,45.048364,9.15016
018125,Rocca de' Giorgi,PV,Lombardia,27040,44.951562,9.253644
018126,Rocca Susella,PV,Lombardia,27052,44.919153,9.094131
018127,Rognano,PV,Lombardia,27010,45.288466,9.090248
018128,Romagnese,PV,Lombardia,27050,44.83948,9.330068
018129,Roncaro,PV,Lombardia,27010,45.228166,9.275453
018130,Rosasco,PV,Lombardia,27030,45.25106,8.578938
018131,Rovescala,PV,Lombardia,27040,45.011421,9.348753
018133,San Cipriano Po,PV,Lombardia,27043,45.108679,9.282905
018134,San Damiano al Colle,PV,Lombardia,27040,45.024862,9.346559
018135,San Genesio ed Uniti,PV,Lombardia,27010,45.234765,9.178551
018136,San Giorgio di Lomellina,PV,Lombardia,27020,45.174413,8.790098
018137,San Martino Siccomario,PV,Lombardia,27028,45.160963,9.135952
018138,Sannazzaro de' Burgondi,PV,Lombardia,27039,45.102259,8.906348
018139,Santa Cristina e Bissone,PV,Lombardia,27010,45.154392,9.418996
018140,Santa Giuletta,PV,Lombardia,27046,45.033836,9.181503
018141,Sant'Alessio con Vialone,PV,Lombardia,27016,45.224687,9.229855
018142,Santa Margherita di Staffora,PV,Lombardia,27050,44.76484,9.254617
018143,Santa Maria della Versa,PV,Lombardia,27047,44.986177,9.300198
018144,Sant'Angelo Lomellina,PV,Lombardia,27030,45.247061,8.644439
018145,San Zenone al Po,PV,Lombardia,27010,45.108564,9.361758
018146,Sartirana Lomellina,PV,Lombardia,27020,45.113845,8.664244
018147,Scaldasole,PV,Lombardia,27020,45.124984,8.909653
018148,Semiana,PV,Lombardia,27020,45.137475,8.729267
018149,Silvano Pietra,PV,Lombardia,27050,45.04037,8.947606
018150,Siziano,PV,Lombardia,27010,45.314367,9.20315
018151,Sommo,PV,Lombardia,27048,45.13065,9.083384
018152,Spessa,PV,Lombardia,27010,45.112728,9.34943
018153,Stradella,PV,Lombardia,27049,45.077356,9.295017
018154,Suardi,PV,Lombardia,27030,45.034656,8.742945
018155,Torrazza Coste,PV,Lombardia,27050,44.975948,9.087823
018156,Torre Beretti e Castellaro,PV,Lombardia,27030,45.075614,8.690528
018157,Torre d'Arese,PV,Lombardia,27010,45.242767,9.317354
018158,Torre de' Negri,PV,Lombardia,27011,45.149665,9.334556
018159,Torre d'Isola,PV,Lombardia,27020,45.217464,9.076149
018160,Torrevecchia Pia,PV,Lombardia,27010,45.283242,9.29665
018161,Torricella Verzate,PV,Lombardia,27050,45.017926,9.175582
018162,Travacò Siccomario,PV,Lombardia,27020,45.149067,9.159647
018163,Trivolzio,PV,Lombardia,27020,45.258464,9.042748
018164,Tromello,PV,Lombardia,27020,45.20913,8.871731
018165,Trovo,PV,Lombardia,27020,45.282965,9.035447
018166,Val di Nizza,PV,Lombardia,27050,44.870977,9.175823
018167,Valeggio,PV,Lombardia,27020,45.15066,8.859946
018168,Valle Lomellina,PV,Lombardia,27020,45.153058,8.668542
018169,Valle Salimbene,PV,Lombardia,27010,45.171612,9.234493
018171,Varzi,PV,Lombardia,27057,44.82354,9.196904
018172,Velezzo Lomellina,PV,Lombardia,27020,45.163359,8.737243
018173,Vellezzo Bellini,PV,Lombardia,27010,45.270665,9.099249
018174,Verretto,PV,Lombardia,27053,45.039234,9.108476
018175,Verrua Po,PV,Lombardia,27040,45.109649,9.17556
018176,Vidigulfo,PV,Lombardia,27018,45.292267,9.236651
018177,Vigevano,PV,Lombardia,27029,45.317094,8.858603
018178,Villa Biscossi,PV,Lombardia,27035,45.090658,8.787145
018179,Villanova d'Ardenghi,PV,Lombardia,27030,45.171662,9.042349
018180,Villanterio,PV,Lombardia,27019,45.219467,9.364356
018181,Vistarino,PV,Lombardia,27010,45.210766,9.308254
018182,Voghera,PV,Lombardia,27058,44.99284,9.008593
018183,Volpara,PV,Lombardia,27047,44.953036,9.297097
018184,Zavattarello,PV,Lombardia,27059,44.868476,9.26523
018185,Zeccone,PV,Lombardia,27010,45.257869,9.201144
018186,Zeme,PV,Lombardia,27030,45.197302,8.66592
018187,Zenevredo,PV,Lombardia,27049,45.054262,9.325658
018188,Zerbo,PV,Lombardia,27017,45.110464,9.396058
018189,Zerbolò,PV,Lombardia,27020,45.207166,9.012955
018190,Zinasco,PV,Lombardia,27030,45.112799,9.003176
018191,Cornale e Bastida,PV,Lombardia,27056,45.045405,8.912614
018192,Corteolona e Genzone,PV,Lombardia,27014,45.166777,9.364813
018193,Colli Verdi,PV,Lombardia,27061,44.916917,9.24869
019001,Acquanegra Cremonese,CR,Lombardia,26020,45.168436,9.890147
019002,Agnadello,CR,Lombardia,26020,45.444374,9.557056
019003,Annicco,CR,Lombardia,26021,45.244572,9.879466
019004,Azzanello,CR,Lombardia,26010,45.312869,9.921597
019005,Bagnolo Cremasco,CR,Lombardia,26010,45.361172,9.612958
019006,Bonemerse,CR,Lombardia,26040,45.11367,10.077473
019007,Bordolano,CR,Lombardia,26020,45.293985,9.98671
019009,Calvatone,CR,Lombardia,26030,45.128574,10.441281
019010,Camisano,CR,Lombardia,26010,45.443275,9.74576
019011,Campagnola Cremasca,CR,Lombardia,26010,45.398474,9.669459
019012,Capergnanica,CR,Lombardia,26010,45.337572,9.64336
019013,Cappella Cantone,CR,Lombardia,26020,45.246858,9.838366
019014,Cappella de' Picenardi,CR,Lombardia,26030,45.158573,10.229976
019015,Capralba,CR,Lombardia,26010,45.444075,9.643258
019016,Casalbuttano ed Uniti,CR,Lombardia,26011,45.245645,9.973919
019017,Casale Cremasco-Vidolasco,CR,Lombardia,26010,45.436968,9.720895
019018,Casaletto Ceredano,CR,Lombardia,26010,45.318071,9.617559
019019,Casaletto di Sopra,CR,Lombardia,26014,45.419175,9.782561
019020,Casaletto Vaprio,CR,Lombardia,26010,45.408174,9.628758
019021,Casalmaggiore,CR,Lombardia,26041,44.986386,10.41535
019022,Casalmorano,CR,Lombardia,26020,45.286373,9.899666
019023,Casteldidone,CR,Lombardia,26030,45.069472,10.406281
019024,Castel Gabbiano,CR,Lombardia,26010,45.468276,9.716459
019025,Castelleone,CR,Lombardia,26012,45.293813,9.764302
019026,Castelverde,CR,Lombardia,26022,45.188771,9.99557
019027,Castelvisconti,CR,Lombardia,26010,45.305374,9.941067
019028,Cella Dati,CR,Lombardia,26040,45.095271,10.221477
019029,Chieve,CR,Lombardia,26010,45.340472,9.616459
019030,Cicognolo,CR,Lombardia,26030,45.164573,10.194575
019031,Cingia de' Botti,CR,Lombardia,26042,45.085071,10.275478
019032,Corte de' Cortesi con Cignone,CR,Lombardia,26020,45.267444,10.003095
019033,Corte de' Frati,CR,Lombardia,26010,45.220029,10.096684
019034,Credera Rubbiano,CR,Lombardia,26010,45.296063,9.650529
019035,Crema,CR,Lombardia,26013,45.362828,9.687457
019036,Cremona,CR,Lombardia,26100,45.220864,10.037038
019037,Cremosano,CR,Lombardia,26010,45.394917,9.639553
019038,Crotta d'Adda,CR,Lombardia,26020,45.158491,9.854158
019039,Cumignano sul Naviglio,CR,Lombardia,26020,45.355503,9.835562
019040,Derovere,CR,Lombardia,26040,45.109972,10.247977
019041,Dovera,CR,Lombardia,26010,45.365153,9.541688
019043,Fiesco,CR,Lombardia,26010,45.336361,9.77761
019044,Formigara,CR,Lombardia,26020,45.223221,9.771767
019045,Gabbioneta-Binanuova,CR,Lombardia,26030,45.218437,10.207747
019046,Gadesco-Pieve Delmona,CR,Lombardia,26030,45.167703,10.114948
019047,Genivolta,CR,Lombardia,26020,45.332574,9.877265
019048,Gerre de' Caprioli,CR,Lombardia,26040,45.090209,10.051407
019049,Gombito,CR,Lombardia,26020,45.261556,9728
019050,Grontardo,CR,Lombardia,26044,45.201873,10.150773
019051,Grumello Cremonese ed Uniti,CR,Lombardia,26023,45.20073,9.866095
019052,Gussola,CR,Lombardia,26040,45.011263,10.350137
019053,Isola Dovarese,CR,Lombardia,26031,45.176269,10.312957
019054,Izano,CR,Lombardia,26010,45.355385,9.750043
019055,Madignano,CR,Lombardia,26020,45.3443,9.726703
019056,Malagnino,CR,Lombardia,26030,45.134771,10.114774
019057,Martignana di Po,CR,Lombardia,26040,45.011112,10.379751
019058,Monte Cremasco,CR,Lombardia,26010,45.373482,9.572766
019059,Montodine,CR,Lombardia,26010,45.285171,9.707262
019060,Moscazzano,CR,Lombardia,26010,45.292271,9.683461
019061,Motta Baluffi,CR,Lombardia,26045,45.055097,10.259247
019062,Offanengo,CR,Lombardia,26010,45.378874,9.742361
019063,Olmeneta,CR,Lombardia,26010,45.235873,10.02227
019064,Ostiano,CR,Lombardia,26032,45.220775,10.252075
019065,Paderno Ponchielli,CR,Lombardia,26024,45.238872,9.930268
019066,Palazzo Pignano,CR,Lombardia,26020,45.390073,9.569557
019067,Pandino,CR,Lombardia,26025,45.407073,9.553456
019068,Persico Dosimo,CR,Lombardia,26043,45.181365,10.076639
019069,Pescarolo ed Uniti,CR,Lombardia,26033,45.195148,10.187717
019070,Pessina Cremonese,CR,Lombardia,26030,45.185474,10.248676
019072,Pianengo,CR,Lombardia,26010,45.402174,9.694759
019073,Pieranica,CR,Lombardia,26017,45.425794,9.610376
019074,Pieve d'Olmi,CR,Lombardia,26040,45.08957,10.123675
019075,Pieve San Giacomo,CR,Lombardia,26035,45.130272,10.186275
019076,Pizzighettone,CR,Lombardia,26026,45.18907,9.789865
019077,Pozzaglio ed Uniti,CR,Lombardia,26010,45.211016,10.0462
019078,Quintano,CR,Lombardia,26017,45.420474,9.618557
019079,Ricengo,CR,Lombardia,26010,45.405674,9.72396
019080,Ripalta Arpina,CR,Lombardia,26010,45.301872,9.728962
019081,Ripalta Cremasca,CR,Lombardia,26010,45.32856,9.679244
019082,Ripalta Guerina,CR,Lombardia,26010,45.306008,9.70514
019083,Rivarolo del Re ed Uniti,CR,Lombardia,26036,45.027972,10.469783
019084,Rivolta d'Adda,CR,Lombardia,26027,45.470659,9.512551
019085,Robecco d'Oglio,CR,Lombardia,26010,45.259374,10.076571
019086,Romanengo,CR,Lombardia,26014,45.377177,9.784985
019087,Salvirola,CR,Lombardia,26010,45.355543,9.780243
019088,San Bassano,CR,Lombardia,26020,45.243546,9.807876
019089,San Daniele Po,CR,Lombardia,26046,45.06377,10.182276
019090,San Giovanni in Croce,CR,Lombardia,26037,45.078872,10.37518
019091,San Martino del Lago,CR,Lombardia,26040,45.073248,10.31686
019092,Scandolara Ravara,CR,Lombardia,26040,45.05312,10.3017
019093,Scandolara Ripa d'Oglio,CR,Lombardia,26047,45.221074,10.159773
019094,Sergnano,CR,Lombardia,26010,45.428875,9.701659
019095,Sesto ed Uniti,CR,Lombardia,26028,45.186436,9.935128
019096,Solarolo Rainerio,CR,Lombardia,26030,45.081572,10.35628
019097,Soncino,CR,Lombardia,26029,45.398975,9.874424
019098,Soresina,CR,Lombardia,26015,45.286473,9.856965
019099,Sospiro,CR,Lombardia,26048,45.108571,10.157675
019100,Spinadesco,CR,Lombardia,26020,45.148751,9.929672
019101,Spineda,CR,Lombardia,26030,45.060301,10.513381
019102,Spino d'Adda,CR,Lombardia,26016,45.398872,9.492255
019103,Stagno Lombardo,CR,Lombardia,26049,45.073157,10.089205
019104,Ticengo,CR,Lombardia,26020,45.369274,9.827663
019105,Torlino Vimercati,CR,Lombardia,26017,45.417962,9.594702
019106,Tornata,CR,Lombardia,26030,45.104373,10.430781
019107,Torre de' Picenardi,CR,Lombardia,26038,45.143573,10.286877
019108,Torricella del Pizzo,CR,Lombardia,26040,45.019602,10.292653
019109,Trescore Cremasco,CR,Lombardia,26017,45.401573,9.624958
019110,Trigolo,CR,Lombardia,26018,45.329394,9.816401
019111,Vaiano Cremasco,CR,Lombardia,26010,45.371972,9.587158
019112,Vailate,CR,Lombardia,26019,45.46331,9.602816
019113,Vescovato,CR,Lombardia,26039,45.175073,10.164574
019114,Volongo,CR,Lombardia,26030,45.212247,10.301874
019115,Voltido,CR,Lombardia,26030,45.111973,10.332979
019116,Piadena Drizzona,CR,Lombardia,26034,45.135779,10.358068
020001,Acquanegra sul Chiese,MN,Lombardia,46011,45.162475,10.43468
020002,Asola,MN,Lombardia,46041,45.22112,10.413065
020003,Bagnolo San Vito,MN,Lombardia,46031,45.092253,10.880429
020007,Bozzolo,MN,Lombardia,46012,45.102474,10.483982
020008,Canneto sull'Oglio,MN,Lombardia,46013,45.149405,10.379736
020010,Casalmoro,MN,Lombardia,46040,45.259577,10.404478
020011,Casaloldo,MN,Lombardia,46040,45.254777,10.474379
020012,Casalromano,MN,Lombardia,46040,45.200675,10.369378
020013,Castelbelforte,MN,Lombardia,46032,45.214712,10.892761
020014,Castel d'Ario,MN,Lombardia,46033,45.189008,10.97513
020015,Castel Goffredo,MN,Lombardia,46042,45.295278,10.472982
020016,Castellucchio,MN,Lombardia,46014,45.147276,10.648485
020017,Castiglione delle Stiviere,MN,Lombardia,46043,45.389677,10.488874
020018,Cavriana,MN,Lombardia,46040,45.347559,10.598522
020019,Ceresara,MN,Lombardia,46040,45.26513,10.567035
020020,Commessaggio,MN,Lombardia,46010,45.034443,10.545345
020021,Curtatone,MN,Lombardia,46010,45.109553,10.715842
020022,Dosolo,MN,Lombardia,46030,44.953372,10.637588
020024,Gazoldo degli Ippoliti,MN,Lombardia,46040,45.200277,10.579383
020025,Gazzuolo,MN,Lombardia,46010,45.069175,10.583113
020026,Goito,MN,Lombardia,46044,45.254507,10.672941
020027,Gonzaga,MN,Lombardia,46023,44.952488,10.822623
020028,Guidizzolo,MN,Lombardia,46040,45.32068,10.580481
020029,Magnacavallo,MN,Lombardia,46020,45.005578,11.1811
020030,Mantova,MN,Lombardia,46100,45.169362,10.670616
020031,Marcaria,MN,Lombardia,46010,45.120575,10.532783
020032,Mariana Mantovana,MN,Lombardia,46010,45.192876,10.486881
020033,Marmirolo,MN,Lombardia,46045,45.220563,10.756393
020034,Medole,MN,Lombardia,46046,45.324254,10.514405
020035,Moglia,MN,Lombardia,46024,44.937174,10.913395
020036,Monzambano,MN,Lombardia,46040,45.386139,10.692404
020037,Motteggiana,MN,Lombardia,46020,45.03494,10.764023
020038,Ostiglia,MN,Lombardia,46035,45.07039,11.13641
020039,Pegognaga,MN,Lombardia,46020,44.995988,10.858772
020041,Piubega,MN,Lombardia,46040,45.227309,10.534508
020042,Poggio Rusco,MN,Lombardia,46025,44.975558,11.114649
020043,Pomponesco,MN,Lombardia,46030,44.928756,10.591879
020044,Ponti sul Mincio,MN,Lombardia,46040,45.412515,10.687221
020045,Porto Mantovano,MN,Lombardia,46047,45.192526,10.755221
020046,Quingentole,MN,Lombardia,46020,45.039077,11.045796
020047,Quistello,MN,Lombardia,46026,45.006579,10.98046
020048,Redondesco,MN,Lombardia,46010,45.166376,10.512282
020050,Rivarolo Mantovano,MN,Lombardia,46017,45.070309,10.432104
020051,Rodigo,MN,Lombardia,46040,45.199577,10.624984
020052,Roncoferraro,MN,Lombardia,46037,45.135929,10.951354
020053,Roverbella,MN,Lombardia,46048,45.26578,10.767527
020054,Sabbioneta,MN,Lombardia,46018,44.998436,10.488587
020055,San Benedetto Po,MN,Lombardia,46027,45.041924,10.928295
020056,San Giacomo delle Segnate,MN,Lombardia,46020,44.972575,11.033097
020057,San Giorgio Bigarello,MN,Lombardia,46030,45.18053,10.871789
020058,San Giovanni del Dosso,MN,Lombardia,46020,44.966893,11.081617
020059,San Martino dall'Argine,MN,Lombardia,46010,45.099056,10.518348
020060,Schivenoglia,MN,Lombardia,46020,44.995094,11.072981
020061,Sermide e Felonica,MN,Lombardia,46028,44.97833,11.29043
020062,Serravalle a Po,MN,Lombardia,46030,45.072885,11.100535
020063,Solferino,MN,Lombardia,46040,45.368581,10.566679
020064,Sustinente,MN,Lombardia,46030,45.069272,11.019604
020065,Suzzara,MN,Lombardia,46029,44.991873,10.74309
020066,Viadana,MN,Lombardia,46019,44.926786,10.520223
020068,Villimpenta,MN,Lombardia,46039,45.144747,11.030232
020070,Volta Mantovana,MN,Lombardia,46049,45.321302,10.659224
020071,Borgo Virgilio,MN,Lombardia,46034,45.088107,10.785801
020072,Borgo Mantovano,MN,Lombardia,46036,45.026484,11.121971
020073,Borgocarbonara,MN,Lombardia,46020,45.034383,11.214786
097001,Abbadia Lariana,LC,Lombardia,23821,45.900045,9.334056
097002,Airuno,LC,Lombardia,23881,45.75388,9.424247
097003,Annone di Brianza,LC,Lombardia,23841,45.807621,9.332414
097004,Ballabio,LC,Lombardia,23811,45.898184,9.423444
097005,Barzago,LC,Lombardia,23890,45.755479,9.314244
097006,Barzanò,LC,Lombardia,23891,45.733474,9.312813
097007,Barzio,LC,Lombardia,23816,45.946095,9.468765
097008,Bellano,LC,Lombardia,23822,46.042957,9.304032
097009,Bosisio Parini,LC,Lombardia,23842,45.80228,9.290743
097010,Brivio,LC,Lombardia,23883,45.741969,9.444142
097011,Bulciago,LC,Lombardia,23892,45.754703,9.291047
097012,Calco,LC,Lombardia,23885,45.724868,9.415905
097013,Calolziocorte,LC,Lombardia,23801,45.801472,9.432979
097014,Carenno,LC,Lombardia,23802,45.803482,9.462047
097015,Casargo,LC,Lombardia,23831,46.03952,9.388244
097016,Casatenovo,LC,Lombardia,23880,45.696378,9.311646
097017,Cassago Brianza,LC,Lombardia,23893,45.738206,9.291088
097018,Cassina Valsassina,LC,Lombardia,23817,45.932085,9.478945
097019,Castello di Brianza,LC,Lombardia,23884,45.756471,9.345355
097020,Cernusco Lombardone,LC,Lombardia,23870,45.69286,9.400698
097021,Cesana Brianza,LC,Lombardia,23861,45.816781,9.299543
097022,Civate,LC,Lombardia,23862,45.828081,9.342944
097023,Colico,LC,Lombardia,23823,46.116215,9.314998
097024,Colle Brianza,LC,Lombardia,23886,45.761661,9.362425
097025,Cortenova,LC,Lombardia,23813,45.999922,9.383165
097026,Costa Masnaga,LC,Lombardia,23845,45.767002,9.278316
097027,Crandola Valsassina,LC,Lombardia,23832,46.022892,9.378763
097028,Cremella,LC,Lombardia,23894,45.74168,9.299885
097029,Cremeno,LC,Lombardia,23814,45.93485,9.473729
097030,Dervio,LC,Lombardia,23824,46.076574,9.304528
097031,Dolzago,LC,Lombardia,23843,45.76698,9.339345
097032,Dorio,LC,Lombardia,23824,46.101812,9.31927
097033,Ello,LC,Lombardia,23848,45.78568,9.365345
097034,Erve,LC,Lombardia,23805,45.821582,9.452846
097035,Esino Lario,LC,Lombardia,23825,45.993939,9.3332
097036,Galbiate,LC,Lombardia,23851,45.817534,9.375015
097037,Garbagnate Monastero,LC,Lombardia,23846,45.772926,9.302566
097038,Garlate,LC,Lombardia,23852,45.80604,9.40197
097039,Imbersago,LC,Lombardia,23898,45.705873,9.444549
097040,Introbio,LC,Lombardia,23815,45.972641,9.45307
097042,Lecco,LC,Lombardia,23900,45.900548,9.412025
097043,Lierna,LC,Lombardia,23827,45.959202,9.302478
097044,Lomagna,LC,Lombardia,23871,45.667978,9.376047
097045,Malgrate,LC,Lombardia,23864,45.8526,9.375298
097046,Mandello del Lario,LC,Lombardia,23826,45.919183,9.319341
097047,Margno,LC,Lombardia,23832,46.030987,9.381641
097048,Merate,LC,Lombardia,23807,45.698679,9.411648
097049,Missaglia,LC,Lombardia,23873,45.708717,9.335754
097050,Moggio,LC,Lombardia,23817,45.932266,9.487907
097051,Molteno,LC,Lombardia,23847,45.78038,9.307444
097052,Monte Marenzo,LC,Lombardia,23804,45.770781,9.454647
097053,Montevecchia,LC,Lombardia,23874,45.705744,9.375436
097054,Monticello Brianza,LC,Lombardia,23876,45.70878,9.314141
097055,Morterone,LC,Lombardia,23811,45.879515,9.486227
097056,Nibionno,LC,Lombardia,23895,45.746479,9.268944
097057,Oggiono,LC,Lombardia,23848,45.79188,9.346745
097058,Olgiate Molgora,LC,Lombardia,23887,45.730279,9.403347
097059,Olginate,LC,Lombardia,23854,45.800938,9.413279
097060,Oliveto Lario,LC,Lombardia,23865,45.929247,9.285912
097061,Osnago,LC,Lombardia,23875,45.675678,9.391148
097062,Paderno d'Adda,LC,Lombardia,23877,45.681458,9.44456
097063,Pagnona,LC,Lombardia,23833,46.059741,9.402893
097064,Parlasco,LC,Lombardia,23837,46.017886,9.34494
097065,Pasturo,LC,Lombardia,23818,45.951783,9.442169
097067,Perledo,LC,Lombardia,23828,46.012835,9.29632
097068,Pescate,LC,Lombardia,23855,45.833482,9.393945
097069,Premana,LC,Lombardia,23834,46.05173,9.423463
097070,Primaluna,LC,Lombardia,23819,45.986971,9.429608
097071,Robbiate,LC,Lombardia,23899,45.691134,9.441322
097072,Rogeno,LC,Lombardia,23849,45.782379,9.274043
097074,Santa Maria Hoè,LC,Lombardia,23889,45.744389,9.375011
097075,Sirone,LC,Lombardia,23844,45.77268,9.322144
097076,Sirtori,LC,Lombardia,23896,45.736579,9.330845
097077,Sueglio,LC,Lombardia,23835,46.086061,9.33236
097078,Suello,LC,Lombardia,23867,45.816781,9.311543
097079,Taceno,LC,Lombardia,23837,46.024486,9.36394
097082,Valgreghentino,LC,Lombardia,23857,45.769871,9.412168
097083,Valmadrera,LC,Lombardia,23868,45.846282,9.358244
097084,Varenna,LC,Lombardia,23829,46.009978,9.283159
097086,Vercurago,LC,Lombardia,23808,45.812946,9.424433
097090,Viganò,LC,Lombardia,23897,45.724635,9.32456
097091,Verderio,LC,Lombardia,23879,45.665698,9.43761
097092,La Valletta Brianza,LC,Lombardia,23888,45.728714,9.3692
097093,Valvarrone,LC,Lombardia,23836,46.08489,9.361448
098001,Abbadia Cerreto,LO,Lombardia,26834,45.311912,9.594212
098002,Bertonico,LO,Lombardia,26821,45.23307,9.668062
098003,Boffalora d'Adda,LO,Lombardia,26811,45.359771,9.494156
098004,Borghetto Lodigiano,LO,Lombardia,26812,45.213268,9.499683
098005,Borgo San Giovanni,LO,Lombardia,26851,45.278042,9.435836
098006,Brembio,LO,Lombardia,26822,45.214568,9.57146
098008,Casaletto Lodigiano,LO,Lombardia,26852,45.293568,9.361954
098009,Casalmaiocco,LO,Lombardia,26831,45.35387,9.374353
098010,Casalpusterlengo,LO,Lombardia,26841,45.179329,9.648396
098011,Caselle Landi,LO,Lombardia,26842,45.102568,9.795567
098012,Caselle Lurani,LO,Lombardia,26853,45.280388,9.360225
098013,Castelnuovo Bocca d'Adda,LO,Lombardia,26843,45.112842,9.867959
098014,Castiglione d'Adda,LO,Lombardia,26823,45.218912,9.694111
098015,Castiraga Vidardo,LO,Lombardia,26866,45.264809,9.392875
098017,Cavenago d'Adda,LO,Lombardia,26824,45.28401,9.601442
098018,Cervignano d'Adda,LO,Lombardia,26832,45.373871,9.424054
098019,Codogno,LO,Lombardia,26845,45.160066,9.70437
098020,Comazzo,LO,Lombardia,26833,45.440973,9.464654
098021,Cornegliano Laudense,LO,Lombardia,26854,45.286169,9.487957
098022,Corno Giovine,LO,Lombardia,26846,45.133291,9.758512
098023,Cornovecchio,LO,Lombardia,26842,45.136668,9.799367
098024,Corte Palasio,LO,Lombardia,26834,45.30961,9.564308
098025,Crespiatica,LO,Lombardia,26835,45.356672,9.575158
098026,Fombio,LO,Lombardia,26861,45.136629,9.684479
098027,Galgagnano,LO,Lombardia,26832,45.357971,9.445355
098028,Graffignana,LO,Lombardia,26813,45.209188,9.452577
098029,Guardamiglio,LO,Lombardia,26862,45.109902,9.679791
098030,Livraga,LO,Lombardia,26814,45.192268,9.54646
098031,Lodi,LO,Lombardia,26900,45.26131,9.491678
098032,Lodi Vecchio,LO,Lombardia,26855,45.301075,9.416599
098033,Maccastorna,LO,Lombardia,26843,45.14433,9.855215
098034,Mairago,LO,Lombardia,26825,45.251769,9.57836
098035,Maleo,LO,Lombardia,26847,45.168938,9.7635
098036,Marudo,LO,Lombardia,26866,45.252967,9.377155
098037,Massalengo,LO,Lombardia,26815,45.26472,9.490245
098038,Meleti,LO,Lombardia,26843,45.118868,9.836968
098039,Merlino,LO,Lombardia,26833,45.433372,9.429853
098040,Montanaso Lombardo,LO,Lombardia,26836,45.33577,9.468656
098041,Mulazzano,LO,Lombardia,26837,45.373492,9.397993
098042,Orio Litta,LO,Lombardia,26863,45.160313,9.554207
098043,Ospedaletto Lodigiano,LO,Lombardia,26864,45.168767,9.578661
098044,Ossago Lodigiano,LO,Lombardia,26816,45.245669,9.537059
098045,Pieve Fissiraga,LO,Lombardia,26854,45.263268,9.458357
098046,Salerano sul Lambro,LO,Lombardia,26857,45.296569,9.385155
098047,San Fiorano,LO,Lombardia,26848,45.136368,9.722165
098048,San Martino in Strada,LO,Lombardia,26817,45.271532,9.528032
098049,San Rocco al Porto,LO,Lombardia,26865,45.081966,9.697165
098050,Sant'Angelo Lodigiano,LO,Lombardia,26866,45.238067,9.408656
098051,Santo Stefano Lodigiano,LO,Lombardia,26849,45.120066,9.735614
098052,Secugnago,LO,Lombardia,26826,45.232869,9.59346
098053,Senna Lodigiana,LO,Lombardia,26856,45.151667,9.593862
098054,Somaglia,LO,Lombardia,26867,45.14672,9.637931
098055,Sordio,LO,Lombardia,26858,45.341143,9.365693
098056,Tavazzano con Villavesco,LO,Lombardia,26838,45.334092,9.403652
098057,Terranova dei Passerini,LO,Lombardia,26827,45.19832,9.677121
098058,Turano Lodigiano,LO,Lombardia,26828,45.24887,9.621461
098059,Valera Fratta,LO,Lombardia,26859,45.256932,9.336008
098060,Villanova del Sillaro,LO,Lombardia,26818,45.237968,9.481858
098061,Zelo Buon Persico,LO,Lombardia,26839,45.41106,9.431757
098062,Castelgerundo,LO,Lombardia,26844,45.200297,9.743802
108001,Agrate Brianza,MB,Lombardia,20864,45.576173,9.350948
108002,Aicurzio,MB,Lombardia,20886,45.639977,9.414949
108003,Albiate,MB,Lombardia,20847,45.65899,9.255796
108004,Arcore,MB,Lombardia,20862,45.626556,9.321465
108005,Barlassina,MB,Lombardia,20825,45.656416,9.130101
108006,Bellusco,MB,Lombardia,20882,45.618748,9.418633
108007,Bernareggio,MB,Lombardia,20881,45.647508,9.406138
108008,Besana in Brianza,MB,Lombardia,20842,45.701804,9.288298
108009,Biassono,MB,Lombardia,20853,45.630987,9.27512
108010,Bovisio-Masciago,MB,Lombardia,20813,45.6109,9.151857
108011,Briosco,MB,Lombardia,20836,45.710077,9.240644
108012,Brugherio,MB,Lombardia,20861,45.550749,9.301222
108013,Burago di Molgora,MB,Lombardia,20875,45.59666,9.377706
108014,Camparada,MB,Lombardia,20857,45.655977,9.319646
108015,Carate Brianza,MB,Lombardia,20841,45.676549,9.237162
108016,Carnate,MB,Lombardia,20866,45.647281,9.379087
108017,Cavenago di Brianza,MB,Lombardia,20873,45.584917,9.416059
108018,Ceriano Laghetto,MB,Lombardia,20816,45.628349,9.080797
108019,Cesano Maderno,MB,Lombardia,20811,45.628189,9.14624
108020,Cogliate,MB,Lombardia,20815,45.64548,9.080732
108021,Concorezzo,MB,Lombardia,20863,45.589675,9.335948
108022,Correzzana,MB,Lombardia,20856,45.665689,9.303626
108023,Desio,MB,Lombardia,20832,45.61831,9.208124
108024,Giussano,MB,Lombardia,20833,45.699381,9.209729
108025,Lazzate,MB,Lombardia,20824,45.672326,9.08522
108026,Lesmo,MB,Lombardia,20855,45.648974,9.305652
108027,Limbiate,MB,Lombardia,20812,45.598605,9.119731
108028,Lissone,MB,Lombardia,20851,45.61077,9.240841
108029,Macherio,MB,Lombardia,20846,45.640116,9.269371
108030,Meda,MB,Lombardia,20821,45.662505,9.156753
108031,Mezzago,MB,Lombardia,20883,45.628977,9.44485
108032,Misinto,MB,Lombardia,20826,45.662375,9.083941
108033,Monza,MB,Lombardia,20900,45.583442,9.273526
108034,Muggiò,MB,Lombardia,20835,45.593195,9.227138
108035,Nova Milanese,MB,Lombardia,20834,45.58929,9.20034
108036,Ornago,MB,Lombardia,20876,45.598404,9.422214
108037,Renate,MB,Lombardia,20838,45.724378,9.279944
108038,Ronco Briantino,MB,Lombardia,20885,45.667563,9.400698
108039,Seregno,MB,Lombardia,20831,45.649723,9.205392
108040,Seveso,MB,Lombardia,20822,45.643466,9.137379
108041,Sovico,MB,Lombardia,20845,45.648556,9.264837
108042,Sulbiate,MB,Lombardia,20884,45.633999,9.420684
108043,Triuggio,MB,Lombardia,20844,45.661364,9.267441
108044,Usmate Velate,MB,Lombardia,20865,45.652458,9.354342
108045,Varedo,MB,Lombardia,20814,45.597444,9.156293
108046,Vedano al Lambro,MB,Lombardia,20854,45.611508,9.275072
108047,Veduggio con Colzano,MB,Lombardia,20837,45.73363,9.262513
108048,Verano Brianza,MB,Lombardia,20843,45.688186,9.230477
108049,Villasanta,MB,Lombardia,20852,45.603981,9.300571
108050,Vimercate,MB,Lombardia,20871,45.613963,9.37006
108051,Busnago,MB,Lombardia,20874,45.616184,9.46567
108052,Caponago,MB,Lombardia,20867,45.565438,9.375441
108053,Cornate d'Adda,MB,Lombardia,20872,45.646699,9.465939
108054,Lentate sul Seveso,MB,Lombardia,20823,45.678405,9.11817
108055,Roncello,MB,Lombardia,20877,45.602443,9.457611
021001,Aldino,BZ,Trentino-Alto Adige/Südtirol,39040,46.368675,11.354324
021002,Andriano,BZ,Trentino-Alto Adige/Südtirol,39010,46.517616,11.231373
021003,Anterivo,BZ,Trentino-Alto Adige/Südtirol,39040,46.279747,11.367961
021004,Appiano sulla strada del vino,BZ,Trentino-Alto Adige/Südtirol,39057,46.461908,11.260867
021005,Avelengo,BZ,Trentino-Alto Adige/Südtirol,39010,46.644615,11.224384
021006,Badia,BZ,Trentino-Alto Adige/Südtirol,39036,46.610124,11.893487
021007,Barbiano,BZ,Trentino-Alto Adige/Südtirol,39040,46.603257,11.519816
021008,Bolzano,BZ,Trentino-Alto Adige/Südtirol,39100,46.655942,11.229637
021009,Braies,BZ,Trentino-Alto Adige/Südtirol,39030,46.688625,12.103757
021010,Brennero,BZ,Trentino-Alto Adige/Südtirol,39041,47.00378,11.504557
021011,Bressanone,BZ,Trentino-Alto Adige/Südtirol,39042,46.716549,11.657851
021012,Bronzolo,BZ,Trentino-Alto Adige/Südtirol,39051,46.404262,11.320055
021013,Brunico,BZ,Trentino-Alto Adige/Südtirol,39031,46.796319,11.935512
021014,Caines,BZ,Trentino-Alto Adige/Südtirol,39010,46.69948,11.169487
021015,Caldaro sulla strada del vino,BZ,Trentino-Alto Adige/Südtirol,39052,46.413259,11.246202
021016,Campo di Trens,BZ,Trentino-Alto Adige/Südtirol,39040,46.857187,11.508955
021017,Campo Tures,BZ,Trentino-Alto Adige/Südtirol,39032,46.919236,11.955182
021018,Castelbello-Ciardes,BZ,Trentino-Alto Adige/Südtirol,39020,46.622161,10.923999
021019,Castelrotto,BZ,Trentino-Alto Adige/Südtirol,39040,46.547539,11.608297
021020,Cermes,BZ,Trentino-Alto Adige/Südtirol,39010,46.634619,11.146564
021021,Chienes,BZ,Trentino-Alto Adige/Südtirol,39030,46.809381,11.840872
021022,Chiusa,BZ,Trentino-Alto Adige/Südtirol,39043,46.639687,11.566643
021023,Cornedo all'Isarco,BZ,Trentino-Alto Adige/Südtirol,39053,46.489912,11.408388
021024,Cortaccia sulla strada del vino,BZ,Trentino-Alto Adige/Südtirol,39040,46.313473,11.223501
021025,Cortina sulla strada del vino,BZ,Trentino-Alto Adige/Südtirol,39040,46.268702,11.222685
021026,Corvara in Badia,BZ,Trentino-Alto Adige/Südtirol,39033,46.549574,11.874034
021027,Curon Venosta,BZ,Trentino-Alto Adige/Südtirol,39027,46.803738,10.555045
021028,Dobbiaco,BZ,Trentino-Alto Adige/Südtirol,39034,46.735636,12.223958
021029,Egna,BZ,Trentino-Alto Adige/Südtirol,39044,46.316916,11.27257
021030,Falzes,BZ,Trentino-Alto Adige/Südtirol,39030,46.81198,11.884006
021031,Fiè allo Sciliar,BZ,Trentino-Alto Adige/Südtirol,39050,46.517598,11.502614
021032,Fortezza,BZ,Trentino-Alto Adige/Südtirol,39045,46.789626,11.609977
021033,Funes,BZ,Trentino-Alto Adige/Südtirol,39040,46.6451,11.696841
021034,Gais,BZ,Trentino-Alto Adige/Südtirol,39030,46.833156,11.947484
021035,Gargazzone,BZ,Trentino-Alto Adige/Südtirol,39010,46.584781,11.20273
021036,Glorenza,BZ,Trentino-Alto Adige/Südtirol,39020,46.671492,10.553913
021037,Laces,BZ,Trentino-Alto Adige/Südtirol,39021,46.617344,10.859539
021038,Lagundo,BZ,Trentino-Alto Adige/Südtirol,39022,46.682519,11.123069
021039,Laion,BZ,Trentino-Alto Adige/Südtirol,39040,46.609229,11.564263
021040,Laives,BZ,Trentino-Alto Adige/Südtirol,39055,46.422819,11.334771
021041,Lana,BZ,Trentino-Alto Adige/Südtirol,39011,46.616019,11.144859
021042,Lasa,BZ,Trentino-Alto Adige/Südtirol,39023,46.616614,10.700159
021043,Lauregno,BZ,Trentino-Alto Adige/Südtirol,39040,46.454414,11.062015
021044,Luson,BZ,Trentino-Alto Adige/Südtirol,39040,46.746466,11.761084
021045,Magrè sulla strada del vino,BZ,Trentino-Alto Adige/Südtirol,39040,46.287388,11.209846
021046,Malles Venosta,BZ,Trentino-Alto Adige/Südtirol,39024,46.687919,10.546549
021047,Marebbe,BZ,Trentino-Alto Adige/Südtirol,39030,46.648879,12.026938
021048,Marlengo,BZ,Trentino-Alto Adige/Südtirol,39020,46.655561,11.140291
021049,Martello,BZ,Trentino-Alto Adige/Südtirol,39020,46.515319,10.721431
021050,Meltina,BZ,Trentino-Alto Adige/Südtirol,39010,46.586392,11.256156
021051,Merano,BZ,Trentino-Alto Adige/Südtirol,39012,46.669555,11.159418
021052,Monguelfo-Tesido,BZ,Trentino-Alto Adige/Südtirol,39035,46.781145,12.118922
021053,Montagna,BZ,Trentino-Alto Adige/Südtirol,39040,46.330836,11.304634
021054,Moso in Passiria,BZ,Trentino-Alto Adige/Südtirol,39013,46.831832,11.167293
021055,Nalles,BZ,Trentino-Alto Adige/Südtirol,39010,46.543487,11.204627
021056,Naturno,BZ,Trentino-Alto Adige/Südtirol,39025,46.649886,11.004195
021057,Naz-Sciaves,BZ,Trentino-Alto Adige/Südtirol,39040,46.763074,11.677935
021058,Nova Levante,BZ,Trentino-Alto Adige/Südtirol,39056,46.430234,11.53895
021059,Nova Ponente,BZ,Trentino-Alto Adige/Südtirol,39050,46.413993,11.425181
021060,Ora,BZ,Trentino-Alto Adige/Südtirol,39040,46.346595,11.298634
021061,Ortisei,BZ,Trentino-Alto Adige/Südtirol,39046,46.590462,11.684557
021062,Parcines,BZ,Trentino-Alto Adige/Südtirol,39020,46.683848,11.07352
021063,Perca,BZ,Trentino-Alto Adige/Südtirol,39030,46.794307,11.982383
021064,Plaus,BZ,Trentino-Alto Adige/Südtirol,39025,46.656575,11.041498
021065,Ponte Gardena,BZ,Trentino-Alto Adige/Südtirol,39040,46.598216,11.53251
021066,Postal,BZ,Trentino-Alto Adige/Südtirol,39014,46.607583,11.193324
021067,Prato allo Stelvio,BZ,Trentino-Alto Adige/Südtirol,39026,46.603767,10.581909
021068,Predoi,BZ,Trentino-Alto Adige/Südtirol,39030,47.040741,12.105891
021069,Proves,BZ,Trentino-Alto Adige/Südtirol,39040,46.477426,11.022437
021070,Racines,BZ,Trentino-Alto Adige/Südtirol,39040,46.880128,11.376056
021071,Rasun-Anterselva,BZ,Trentino-Alto Adige/Südtirol,39030,46.839015,12.111611
021072,Renon,BZ,Trentino-Alto Adige/Südtirol,39054,46.562935,11.441435
021073,Rifiano,BZ,Trentino-Alto Adige/Südtirol,39010,46.70364,11.181443
021074,Rio di Pusteria,BZ,Trentino-Alto Adige/Südtirol,39037,46.795946,11.666827
021075,Rodengo,BZ,Trentino-Alto Adige/Südtirol,39037,46.780775,11.689757
021076,Salorno sulla strada del vino,BZ,Trentino-Alto Adige/Südtirol,39040,46.239608,11.211075
021077,San Candido,BZ,Trentino-Alto Adige/Südtirol,39038,46.732863,12.282416
021079,San Genesio Atesino,BZ,Trentino-Alto Adige/Südtirol,39050,46.535035,11.331384
021080,San Leonardo in Passiria,BZ,Trentino-Alto Adige/Südtirol,39015,46.811893,11.247136
021081,San Lorenzo di Sebato,BZ,Trentino-Alto Adige/Südtirol,39030,46.783424,11.90264
021082,San Martino in Badia,BZ,Trentino-Alto Adige/Südtirol,39030,46.650928,11.841677
021083,San Martino in Passiria,BZ,Trentino-Alto Adige/Südtirol,39010,46.783939,11.226799
021084,San Pancrazio,BZ,Trentino-Alto Adige/Südtirol,39010,46.586514,11.086361
021085,Santa Cristina Valgardena,BZ,Trentino-Alto Adige/Südtirol,39047,46.558875,11.720036
021086,Sarentino,BZ,Trentino-Alto Adige/Südtirol,39058,46.695259,11.387379
021087,Scena,BZ,Trentino-Alto Adige/Südtirol,39017,46.690046,11.186563
021088,Selva dei Molini,BZ,Trentino-Alto Adige/Südtirol,39030,46.890747,11.85666
021089,Selva di Val Gardena,BZ,Trentino-Alto Adige/Südtirol,39048,46.552588,11.766541
021091,Senales,BZ,Trentino-Alto Adige/Südtirol,39020,46.727724,10.862756
021092,Sesto,BZ,Trentino-Alto Adige/Südtirol,39030,46.702743,12.350544
021093,Silandro,BZ,Trentino-Alto Adige/Südtirol,39028,46.628069,10.773476
021094,Sluderno,BZ,Trentino-Alto Adige/Südtirol,39020,46.664538,10.584817
021095,Stelvio,BZ,Trentino-Alto Adige/Südtirol,39029,46.542439,10.557829
021096,Terento,BZ,Trentino-Alto Adige/Südtirol,39030,46.8288,11.776016
021097,Terlano,BZ,Trentino-Alto Adige/Südtirol,39018,46.529301,11.248678
021098,Termeno sulla strada del vino,BZ,Trentino-Alto Adige/Südtirol,39040,46.341512,11.242272
021099,Tesimo,BZ,Trentino-Alto Adige/Südtirol,39010,46.563898,11.169497
021100,Tires,BZ,Trentino-Alto Adige/Südtirol,39050,46.467348,11.52748
021101,Tirolo,BZ,Trentino-Alto Adige/Südtirol,39019,46.708518,11.142386
021102,Trodena nel parco naturale,BZ,Trentino-Alto Adige/Südtirol,39040,46.322143,11.349812
021103,Tubre,BZ,Trentino-Alto Adige/Südtirol,39020,46.645612,10.464153
021104,Ultimo,BZ,Trentino-Alto Adige/Südtirol,39016,46.511994,10.899493
021105,Vadena,BZ,Trentino-Alto Adige/Südtirol,39051,46.413995,11.305077
021106,Valdaora,BZ,Trentino-Alto Adige/Südtirol,39030,46.759829,12.030987
021107,Val di Vizze,BZ,Trentino-Alto Adige/Südtirol,39049,46.948993,11.577499
021108,Valle Aurina,BZ,Trentino-Alto Adige/Südtirol,39030,46.988356,11.942898
021109,Valle di Casies,BZ,Trentino-Alto Adige/Südtirol,39030,46.824096,12.232504
021110,Vandoies,BZ,Trentino-Alto Adige/Südtirol,39030,46.876036,11.720904
021111,Varna,BZ,Trentino-Alto Adige/Südtirol,39040,46.740386,11.634569
021112,Verano,BZ,Trentino-Alto Adige/Südtirol,39010,46.605366,11.226271
021113,Villabassa,BZ,Trentino-Alto Adige/Südtirol,39039,46.739482,12.170006
021114,Villandro,BZ,Trentino-Alto Adige/Südtirol,39040,46.632934,11.540101
021115,Vipiteno,BZ,Trentino-Alto Adige/Südtirol,39049,46.896324,11.43194
021116,Velturno,BZ,Trentino-Alto Adige/Südtirol,39040,46.668674,11.598439
021117,La Valle,BZ,Trentino-Alto Adige/Südtirol,39030,46.657719,11.924326
021118,Senale-San Felice,BZ,Trentino-Alto Adige/Südtirol,39010,46.509531,11.137327
022001,Ala,TN,Trentino-Alto Adige/Südtirol,38061,45.757901,11.001818
022002,Albiano,TN,Trentino-Alto Adige/Südtirol,38041,46.144906,11.193479
022003,Aldeno,TN,Trentino-Alto Adige/Südtirol,38060,45.97678,11.090857
022005,Andalo,TN,Trentino-Alto Adige/Südtirol,38010,46.166136,11.003402
022006,Arco,TN,Trentino-Alto Adige/Südtirol,38062,45.918133,10.886095
022007,Avio,TN,Trentino-Alto Adige/Südtirol,38063,45.733793,10.937181
022009,Baselga di Pinè,TN,Trentino-Alto Adige/Südtirol,38042,46.131281,11.256837
022011,Bedollo,TN,Trentino-Alto Adige/Südtirol,38043,46.167698,11.301589
022013,Besenello,TN,Trentino-Alto Adige/Südtirol,38060,45.941922,11.109544
022015,Bieno,TN,Trentino-Alto Adige/Südtirol,38050,46.080679,11.554041
022017,Bleggio Superiore,TN,Trentino-Alto Adige/Südtirol,38071,46.006942,10.789644
022018,Bocenago,TN,Trentino-Alto Adige/Südtirol,38080,46.119103,10.758862
022021,Bondone,TN,Trentino-Alto Adige/Südtirol,38080,45.80623,10.551537
022022,Borgo Valsugana,TN,Trentino-Alto Adige/Südtirol,38051,46.053346,11.4566
022025,Brentonico,TN,Trentino-Alto Adige/Südtirol,38060,45.818774,10.956013
022026,Bresimo,TN,Trentino-Alto Adige/Südtirol,38020,46.423298,10.92869
022029,Caderzone Terme,TN,Trentino-Alto Adige/Südtirol,38080,46.130202,10.75747
022032,Calceranica al Lago,TN,Trentino-Alto Adige/Südtirol,38050,46.004241,11.242883
022033,Caldes,TN,Trentino-Alto Adige/Südtirol,38022,46.365389,10.94258
022034,Caldonazzo,TN,Trentino-Alto Adige/Südtirol,38052,45.991523,11.262133
022035,Calliano,TN,Trentino-Alto Adige/Südtirol,14031,45.933851,11.093758
022036,Campitello di Fassa,TN,Trentino-Alto Adige/Südtirol,38031,46.476168,11.741525
022037,Campodenno,TN,Trentino-Alto Adige/Südtirol,38010,46.257827,11.0332
022038,Canal San Bovo,TN,Trentino-Alto Adige/Südtirol,38050,46.154846,11.732955
022039,Canazei,TN,Trentino-Alto Adige/Südtirol,38032,46.476881,11.771075
022040,Capriana,TN,Trentino-Alto Adige/Südtirol,38030,46.261913,11.338584
022042,Carisolo,TN,Trentino-Alto Adige/Südtirol,38080,46.168776,10.759159
022043,Carzano,TN,Trentino-Alto Adige/Südtirol,38050,46.070325,11.493343
022045,Castel Condino,TN,Trentino-Alto Adige/Südtirol,38082,45.914395,10.60277
022047,Castello-Molina di Fiemme,TN,Trentino-Alto Adige/Südtirol,38030,46.256056,11.404439
022048,Castello Tesino,TN,Trentino-Alto Adige/Südtirol,38053,46.064175,11.632171
022049,Castelnuovo,TN,Trentino-Alto Adige/Südtirol,38050,46.052859,11.493282
022050,Cavalese,TN,Trentino-Alto Adige/Südtirol,38033,46.291187,11.460468
022051,Cavareno,TN,Trentino-Alto Adige/Südtirol,38011,46.408412,11.138073
022052,Cavedago,TN,Trentino-Alto Adige/Südtirol,38010,46.184698,11.031416
022053,Cavedine,TN,Trentino-Alto Adige/Südtirol,38073,45.9952,10.973577
022054,Cavizzana,TN,Trentino-Alto Adige/Südtirol,38022,46.367501,10.957923
022058,Cimone,TN,Trentino-Alto Adige/Südtirol,38060,45.97985,11.063017
022059,Cinte Tesino,TN,Trentino-Alto Adige/Südtirol,38050,46.056768,11.614868
022060,Cis,TN,Trentino-Alto Adige/Südtirol,38020,46.399187,11.00296
022061,Civezzano,TN,Trentino-Alto Adige/Südtirol,38045,46.089367,11.180026
022062,Cles,TN,Trentino-Alto Adige/Südtirol,38023,46.365262,11.033245
022064,Commezzadura,TN,Trentino-Alto Adige/Südtirol,38020,46.31299,10.832832
022068,Croviana,TN,Trentino-Alto Adige/Südtirol,38027,46.344779,10.903423
022071,Dambel,TN,Trentino-Alto Adige/Südtirol,38010,46.404712,11.093072
022074,Denno,TN,Trentino-Alto Adige/Südtirol,38010,46.275008,11.049074
022078,Drena,TN,Trentino-Alto Adige/Südtirol,38074,45.969299,10.944477
022079,Dro,TN,Trentino-Alto Adige/Südtirol,38074,45.961471,10.91111
022081,Fai della Paganella,TN,Trentino-Alto Adige/Südtirol,38010,46.179331,11.06893
022083,Fiavè,TN,Trentino-Alto Adige/Südtirol,38075,46.00458,10.842052
022085,Fierozzo,TN,Trentino-Alto Adige/Südtirol,38050,46.108087,11.34631
022087,Folgaria,TN,Trentino-Alto Adige/Südtirol,38064,45.914973,11.173015
022089,Fornace,TN,Trentino-Alto Adige/Südtirol,38040,46.118196,11.206501
022090,Frassilongo,TN,Trentino-Alto Adige/Südtirol,38050,46.080854,11.319519
022091,Garniga Terme,TN,Trentino-Alto Adige/Südtirol,38060,46.002649,11.087054
022092,Giovo,TN,Trentino-Alto Adige/Südtirol,38030,46.185824,11.146814
022093,Giustino,TN,Trentino-Alto Adige/Südtirol,38086,46.14844,10.769479
022095,Grigno,TN,Trentino-Alto Adige/Südtirol,38055,46.017035,11.635942
022097,Imer,TN,Trentino-Alto Adige/Südtirol,38050,46.15106,11.796303
022098,Isera,TN,Trentino-Alto Adige/Südtirol,38060,45.88527,11.009311
022102,Lavarone,TN,Trentino-Alto Adige/Südtirol,38046,45.941289,11.288638
022103,Lavis,TN,Trentino-Alto Adige/Südtirol,38015,46.139742,11.110227
022104,Levico Terme,TN,Trentino-Alto Adige/Südtirol,38056,46.009126,11.301777
022106,Livo,TN,Trentino-Alto Adige/Südtirol,22010,46.404711,11.019271
022108,Lona-Lases,TN,Trentino-Alto Adige/Südtirol,38040,46.149818,11.219168
022109,Luserna,TN,Trentino-Alto Adige/Südtirol,38040,45.921665,11.32429
022110,Malé,TN,Trentino-Alto Adige/Südtirol,38027,46.351607,10.912876
022112,Massimeno,TN,Trentino-Alto Adige/Südtirol,38086,46.141756,10.773134
022113,Mazzin,TN,Trentino-Alto Adige/Südtirol,38030,46.468805,11.700375
022114,Mezzana,TN,Trentino-Alto Adige/Südtirol,38020,46.317316,10.801007
022115,Mezzano,TN,Trentino-Alto Adige/Südtirol,38050,46.154712,11.807993
022116,Mezzocorona,TN,Trentino-Alto Adige/Südtirol,38016,46.215436,11.120786
022117,Mezzolombardo,TN,Trentino-Alto Adige/Südtirol,38017,46.212094,11.093509
022118,Moena,TN,Trentino-Alto Adige/Südtirol,38035,46.376943,11.659266
022120,Molveno,TN,Trentino-Alto Adige/Südtirol,38018,46.142106,10.963777
022123,Mori,TN,Trentino-Alto Adige/Südtirol,38065,45.852444,10.978275
022124,Nago-Torbole,TN,Trentino-Alto Adige/Südtirol,38069,45.851159,10.885079
022127,Nogaredo,TN,Trentino-Alto Adige/Südtirol,38060,45.912089,11.023046
022128,Nomi,TN,Trentino-Alto Adige/Südtirol,38060,45.928599,11.071881
022129,Novaledo,TN,Trentino-Alto Adige/Südtirol,38050,46.022818,11.366434
022130,Ospedaletto,TN,Trentino-Alto Adige/Südtirol,38050,46.043569,11.552958
022131,Ossana,TN,Trentino-Alto Adige/Südtirol,38026,46.306453,10.737701
022133,Palù del Fersina,TN,Trentino-Alto Adige/Südtirol,38050,46.130737,11.366488
022134,Panchià,TN,Trentino-Alto Adige/Südtirol,38030,46.285653,11.542587
022135,Ronzo-Chienis,TN,Trentino-Alto Adige/Südtirol,38060,45.889597,10.950079
022136,Peio,TN,Trentino-Alto Adige/Südtirol,38024,46.362886,10.673244
022137,Pellizzano,TN,Trentino-Alto Adige/Südtirol,38020,46.309824,10.760451
022138,Pelugo,TN,Trentino-Alto Adige/Südtirol,38079,46.0885,10.72387
022139,Pergine Valsugana,TN,Trentino-Alto Adige/Südtirol,38057,46.060529,11.240675
022142,Pieve Tesino,TN,Trentino-Alto Adige/Südtirol,38050,46.069309,11.608091
022143,Pinzolo,TN,Trentino-Alto Adige/Südtirol,38086,46.161732,10.765004
022144,Pomarolo,TN,Trentino-Alto Adige/Südtirol,38060,45.928099,11.04308
022147,Predazzo,TN,Trentino-Alto Adige/Südtirol,38037,46.312361,11.602694
022150,Rabbi,TN,Trentino-Alto Adige/Südtirol,38020,46.400901,10.824948
022153,Riva del Garda,TN,Trentino-Alto Adige/Südtirol,38066,45.884771,10.839694
022155,Romeno,TN,Trentino-Alto Adige/Südtirol,38010,46.393997,11.120273
022156,Roncegno Terme,TN,Trentino-Alto Adige/Südtirol,38050,46.051623,11.410302
022157,Ronchi Valsugana,TN,Trentino-Alto Adige/Südtirol,38050,46.068406,11.435186
022159,Ronzone,TN,Trentino-Alto Adige/Südtirol,38010,46.423073,11.148899
022160,Roverè della Luna,TN,Trentino-Alto Adige/Südtirol,38030,46.249988,11.169348
022161,Rovereto,TN,Trentino-Alto Adige/Südtirol,38068,45.886548,11.045237
022162,Ruffrè-Mendola,TN,Trentino-Alto Adige/Südtirol,38010,46.42463,11.1941
022163,Rumo,TN,Trentino-Alto Adige/Südtirol,38020,46.461057,10.988246
022164,Sagron Mis,TN,Trentino-Alto Adige/Südtirol,38050,46.191396,11.933561
022165,Samone,TN,Trentino-Alto Adige/Südtirol,38059,46.081607,11.522588
022167,San Michele all'Adige,TN,Trentino-Alto Adige/Südtirol,38010,46.192907,11.133577
022168,Sant'Orsola Terme,TN,Trentino-Alto Adige/Südtirol,38050,46.108138,11.302706
022169,Sanzeno,TN,Trentino-Alto Adige/Südtirol,38010,46.379233,11.071511
022170,Sarnonico,TN,Trentino-Alto Adige/Südtirol,38011,46.418728,11.140792
022171,Scurelle,TN,Trentino-Alto Adige/Südtirol,38050,46.064466,11.505931
022172,Segonzano,TN,Trentino-Alto Adige/Südtirol,38047,46.192637,11.281873
022173,Sfruz,TN,Trentino-Alto Adige/Südtirol,38010,46.337155,11.115757
022176,Soraga di Fassa,TN,Trentino-Alto Adige/Südtirol,38030,46.394607,11.666168
022177,Sover,TN,Trentino-Alto Adige/Südtirol,38048,46.221709,11.315681
022179,Spiazzo,TN,Trentino-Alto Adige/Südtirol,38088,46.103601,10.73937
022180,Spormaggiore,TN,Trentino-Alto Adige/Südtirol,38010,46.217752,11.048268
022181,Sporminore,TN,Trentino-Alto Adige/Südtirol,38010,46.236807,11.030274
022182,Stenico,TN,Trentino-Alto Adige/Südtirol,38070,46.052168,10.854089
022183,Storo,TN,Trentino-Alto Adige/Südtirol,38089,45.849075,10.579914
022184,Strembo,TN,Trentino-Alto Adige/Südtirol,38080,46.119912,10.751452
022188,Telve,TN,Trentino-Alto Adige/Südtirol,38050,46.071328,11.479592
022189,Telve di Sopra,TN,Trentino-Alto Adige/Südtirol,38050,46.071352,11.471672
022190,Tenna,TN,Trentino-Alto Adige/Südtirol,38050,46.015703,11.264283
022191,Tenno,TN,Trentino-Alto Adige/Südtirol,38060,45.918797,10.832775
022193,Terragnolo,TN,Trentino-Alto Adige/Südtirol,38060,45.865249,11.177422
022195,Terzolas,TN,Trentino-Alto Adige/Südtirol,38027,46.361605,10.926088
022196,Tesero,TN,Trentino-Alto Adige/Südtirol,38038,46.290416,11.511977
022199,Tione di Trento,TN,Trentino-Alto Adige/Südtirol,38079,46.036304,10.726909
022200,Ton,TN,Trentino-Alto Adige/Südtirol,38010,46.259156,11.101655
022202,Torcegno,TN,Trentino-Alto Adige/Südtirol,38050,46.074307,11.449787
022203,Trambileno,TN,Trentino-Alto Adige/Südtirol,38068,45.834845,11.139211
022205,Trento,TN,Trentino-Alto Adige/Südtirol,38121,46.066423,11.12576
022209,Valfloriana,TN,Trentino-Alto Adige/Südtirol,38040,46.246883,11.348673
022210,Vallarsa,TN,Trentino-Alto Adige/Südtirol,38060,45.803355,11.10511
022213,Vermiglio,TN,Trentino-Alto Adige/Südtirol,38029,46.296905,10.691365
022216,Vignola-Falesina,TN,Trentino-Alto Adige/Südtirol,38057,46.05522,11.281637
022222,Villa Lagarina,TN,Trentino-Alto Adige/Südtirol,38060,45.91499,11.033002
022224,Volano,TN,Trentino-Alto Adige/Südtirol,38060,45.917179,11.060803
022226,Ziano di Fiemme,TN,Trentino-Alto Adige/Südtirol,38030,46.286517,11.565976
022228,Comano Terme,TN,Trentino-Alto Adige/Südtirol,38077,46.009118,10.883621
022229,Ledro,TN,Trentino-Alto Adige/Südtirol,38067,45.886414,10.715385
022230,Predaia,TN,Trentino-Alto Adige/Südtirol,38012,46.335273,11.0897
022231,San Lorenzo Dorsino,TN,Trentino-Alto Adige/Südtirol,38078,46.112129,10.900078
022232,Valdaone,TN,Trentino-Alto Adige/Südtirol,,46.024913,10.52513
022233,Dimaro Folgarida,TN,Trentino-Alto Adige/Südtirol,38025,46.302192,10.886908
022234,Pieve di Bono-Prezzo,TN,Trentino-Alto Adige/Südtirol,38085,45.9452,10.673201
022235,Altavalle,TN,Trentino-Alto Adige/Südtirol,38092,46.216653,11.25295
022236,Altopiano della Vigolana,TN,Trentino-Alto Adige/Südtirol,38049,45.984533,11.199754
022237,Amblar-Don,TN,Trentino-Alto Adige/Südtirol,38011,46.385024,11.172159
022238,Borgo Chiese,TN,Trentino-Alto Adige/Südtirol,38083,45.892362,10.561974
022239,Borgo Lares,TN,Trentino-Alto Adige/Südtirol,38079,46.00461,10.72732
022240,Castel Ivano,TN,Trentino-Alto Adige/Südtirol,38059,46.063059,11.541825
022241,Cembra Lisignago,TN,Trentino-Alto Adige/Südtirol,38034,46.180668,11.200776
022242,Contà,TN,Trentino-Alto Adige/Südtirol,38010,46.295114,11.018913
022243,Madruzzo,TN,Trentino-Alto Adige/Südtirol,38076,46.032884,11.003484
022244,Porte di Rendena,TN,Trentino-Alto Adige/Südtirol,38094,46.073237,10.673098
022245,Primiero San Martino di Castrozza,TN,Trentino-Alto Adige/Südtirol,38054,46.243723,11.836028
022246,Sella Giudicarie,TN,Trentino-Alto Adige/Südtirol,38087,46.022676,10.633704
022247,Tre Ville,TN,Trentino-Alto Adige/Südtirol,38070,46.074324,10.7711
022248,Vallelaghi,TN,Trentino-Alto Adige/Südtirol,38070,46.099827,11.016219
022249,Ville d'Anaunia,TN,Trentino-Alto Adige/Südtirol,38019,46.273817,10.940222
022250,San Giovanni di Fassa,TN,Trentino-Alto Adige/Südtirol,38039,46.422876,11.72076
022251,Terre d'Adige,TN,Trentino-Alto Adige/Südtirol,38010,46.163901,11.06924
022252,Borgo d'Anaunia,TN,Trentino-Alto Adige/Südtirol,,46.463185,11.149124
022253,Novella,TN,Trentino-Alto Adige/Südtirol,38028,46.436999,11.078127
022254,Ville di Fiemme,TN,Trentino-Alto Adige/Südtirol,38030,46.31643,11.445446
023001,Affi,VR,Veneto,37010,45.554091,10.776424
023002,Albaredo d'Adige,VR,Veneto,37041,45.317046,11.274488
023003,Angiari,VR,Veneto,37050,45.218142,11.283908
023004,Arcole,VR,Veneto,37040,45.358211,11.286092
023005,Badia Calavena,VR,Veneto,37030,45.566086,11.152393
023006,Bardolino,VR,Veneto,37011,45.54756,10.724214
023007,Belfiore,VR,Veneto,37050,45.379623,11.208976
023008,Bevilacqua,VR,Veneto,37040,45.231785,11.3925
023009,Bonavigo,VR,Veneto,37040,45.257573,11.279332
023010,Boschi Sant'Anna,VR,Veneto,37040,45.21891,11.358328
023011,Bosco Chiesanuova,VR,Veneto,37021,45.622102,11.029517
023012,Bovolone,VR,Veneto,37051,45.25781,11.120366
023013,Brentino Belluno,VR,Veneto,37020,45.667941,10.881419
023014,Brenzone sul Garda,VR,Veneto,37010,45.692861,10.772012
023015,Bussolengo,VR,Veneto,37012,45.474131,10.846248
023016,Buttapietra,VR,Veneto,37060,45.34209,10.99859
023017,Caldiero,VR,Veneto,37042,45.414388,11.177392
023018,Caprino Veronese,VR,Veneto,37013,45.605938,10.795132
023019,Casaleone,VR,Veneto,37052,45.170669,11.199365
023020,Castagnaro,VR,Veneto,37043,45.120755,11.41075
023021,Castel d'Azzano,VR,Veneto,37060,45.355884,10.952988
023022,Castelnuovo del Garda,VR,Veneto,37014,45.4384,10.760479
023023,Cavaion Veronese,VR,Veneto,37010,45.540293,10.770187
023024,Cazzano di Tramigna,VR,Veneto,37030,45.473089,11.202892
023025,Cerea,VR,Veneto,37053,45.192043,11.212924
023026,Cerro Veronese,VR,Veneto,37020,45.575292,11.041086
023027,Cologna Veneta,VR,Veneto,37044,45.310287,11.384399
023028,Colognola ai Colli,VR,Veneto,37030,45.434631,11.186701
023029,Concamarise,VR,Veneto,37050,45.207283,11.138501
023030,Costermano sul Garda,VR,Veneto,37010,45.585664,10.739974
023031,Dolcè,VR,Veneto,37020,45.600689,10.852482
023032,Erbè,VR,Veneto,37060,45.240929,10.968485
023033,Erbezzo,VR,Veneto,37020,45.639788,11.00141
023034,Ferrara di Monte Baldo,VR,Veneto,37020,45.676916,10.85434
023035,Fumane,VR,Veneto,37022,45.542953,10.883974
023036,Garda,VR,Veneto,37016,45.575651,10.70853
023037,Gazzo Veronese,VR,Veneto,37060,45.130336,11.096079
023038,Grezzana,VR,Veneto,37023,45.518531,11.016159
023039,Illasi,VR,Veneto,37031,45.465933,11.180021
023040,Isola della Scala,VR,Veneto,37063,45.273105,11.006889
023041,Isola Rizza,VR,Veneto,37050,45.291198,11.19818
023042,Lavagno,VR,Veneto,37030,45.447398,11.134941
023043,Lazise,VR,Veneto,37017,45.5052,10.733024
023044,Legnago,VR,Veneto,37045,45.192498,11.311127
023045,Malcesine,VR,Veneto,37018,45.764344,10.81006
023046,Marano di Valpolicella,VR,Veneto,37020,45.556047,10.915684
023047,Mezzane di Sotto,VR,Veneto,37030,45.482006,11.128153
023048,Minerbe,VR,Veneto,37046,45.240862,11.334839
023049,Montecchia di Crosara,VR,Veneto,37030,45.484518,11.253425
023050,Monteforte d'Alpone,VR,Veneto,37032,45.417254,11.283666
023051,Mozzecane,VR,Veneto,37060,45.309983,10.818531
023052,Negrar di Valpolicella,VR,Veneto,37024,45.529671,10.940022
023053,Nogara,VR,Veneto,37054,45.179012,11.063733
023054,Nogarole Rocca,VR,Veneto,37060,45.291882,10.883788
023055,Oppeano,VR,Veneto,37050,45.306214,11.18234
023056,Palù,VR,Veneto,37050,45.325834,11.155173
023057,Pastrengo,VR,Veneto,37010,45.492457,10.799713
023058,Pescantina,VR,Veneto,37026,45.483372,10.869101
023059,Peschiera del Garda,VR,Veneto,37019,45.438945,10.692017
023060,Povegliano Veronese,VR,Veneto,37064,45.348398,10.882438
023061,Pressana,VR,Veneto,37040,45.284749,11.40209
023062,Rivoli Veronese,VR,Veneto,37010,45.571982,10.811761
023063,Roncà,VR,Veneto,37030,45.478892,11.288918
023064,Ronco all'Adige,VR,Veneto,37055,45.337766,11.242452
023065,Roverchiara,VR,Veneto,37050,45.272316,11.2478
023066,Roveredo di Guà,VR,Veneto,37040,45.273751,11.444988
023067,Roverè Veronese,VR,Veneto,37028,45.593326,11.065709
023068,Salizzole,VR,Veneto,37056,45.24279,11.084444
023069,San Bonifacio,VR,Veneto,37047,45.395642,11.270082
023070,San Giovanni Ilarione,VR,Veneto,37035,45.524054,11.234894
023071,San Giovanni Lupatoto,VR,Veneto,37057,45.381968,11.044886
023072,Sanguinetto,VR,Veneto,37058,45.184501,11.151136
023073,San Martino Buon Albergo,VR,Veneto,37036,45.421687,11.09689
023074,San Mauro di Saline,VR,Veneto,37030,45.565796,11.114376
023075,San Pietro di Morubio,VR,Veneto,37050,45.242986,11.228187
023076,San Pietro in Cariano,VR,Veneto,37029,45.520913,10.886377
023077,Sant'Ambrogio di Valpolicella,VR,Veneto,37015,45.522113,10.834443
023078,Sant'Anna d'Alfaedo,VR,Veneto,37020,45.627457,10.95155
023079,San Zeno di Montagna,VR,Veneto,37010,45.631445,10.725449
023080,Selva di Progno,VR,Veneto,37030,45.61139,11.138603
023081,Soave,VR,Veneto,37038,45.42023,11.247722
023082,Sommacampagna,VR,Veneto,37066,45.407784,10.840853
023083,Sona,VR,Veneto,37060,45.433438,10.832737
023084,Sorgà,VR,Veneto,37060,45.2134,10.979362
023085,Terrazzo,VR,Veneto,37040,45.173309,11.398613
023086,Torri del Benaco,VR,Veneto,37010,45.609449,10.687387
023087,Tregnago,VR,Veneto,37039,45.513977,11.165641
023088,Trevenzuolo,VR,Veneto,37060,45.268649,10.932184
023089,Valeggio sul Mincio,VR,Veneto,37067,45.353751,10.734546
023090,Velo Veronese,VR,Veneto,37030,45.60515,11.095691
023091,Verona,VR,Veneto,37121,45.438496,10.992412
023092,Veronella,VR,Veneto,37040,45.324969,11.322261
023093,Vestenanova,VR,Veneto,37030,45.573467,11.227722
023094,Vigasio,VR,Veneto,37068,45.31703,10.942198
023095,Villa Bartolomea,VR,Veneto,37049,45.158717,11.353377
023096,Villafranca di Verona,VR,Veneto,37069,45.350928,10.845996
023097,Zevio,VR,Veneto,37059,45.375131,11.135882
023098,Zimella,VR,Veneto,37040,45.343627,11.352305
024001,Agugliaro,VI,Veneto,36020,45.325389,11.584203
024002,Albettone,VI,Veneto,36020,45.35815,11.581474
024003,Alonte,VI,Veneto,36045,45.365037,11.427363
024004,Altavilla Vicentina,VI,Veneto,36077,45.508429,11.470686
024005,Altissimo,VI,Veneto,36070,45.614739,11.251258
024006,Arcugnano,VI,Veneto,36057,45.500472,11.535699
024007,Arsiero,VI,Veneto,36011,45.803517,11.350404
024008,Arzignano,VI,Veneto,36071,45.519292,11.338594
024009,Asiago,VI,Veneto,36012,45.875377,11.5107
024010,Asigliano Veneto,VI,Veneto,36020,45.304512,11.446266
024012,Bassano del Grappa,VI,Veneto,36061,45.766911,11.734347
024013,Bolzano Vicentino,VI,Veneto,36050,45.60071,11.622101
024014,Breganze,VI,Veneto,36042,45.708144,11.564767
024015,Brendola,VI,Veneto,36040,45.472122,11.44697
024016,Bressanvido,VI,Veneto,36050,45.645976,11.632999
024017,Brogliano,VI,Veneto,36070,45.588786,11.364543
024018,Caldogno,VI,Veneto,36030,45.611836,11.50758
024019,Caltrano,VI,Veneto,36030,45.770615,11.460801
024020,Calvene,VI,Veneto,36030,45.766846,11.513017
024021,Camisano Vicentino,VI,Veneto,36043,45.522021,11.713344
024022,Campiglia dei Berici,VI,Veneto,36020,45.336242,11.539489
024024,Carrè,VI,Veneto,36010,45.748384,11.459298
024025,Cartigliano,VI,Veneto,36050,45.713054,11.694064
024026,Cassola,VI,Veneto,36022,45.732407,11.794256
024027,Castegnero,VI,Veneto,36020,45.442475,11.584448
024028,Castelgomberto,VI,Veneto,36070,45.585285,11.394497
024029,Chiampo,VI,Veneto,36072,45.544573,11.280896
024030,Chiuppano,VI,Veneto,36010,45.762173,11.465076
024032,Cogollo del Cengio,VI,Veneto,36010,45.785221,11.426095
024034,Cornedo Vicentino,VI,Veneto,36073,45.611106,11.343405
024035,Costabissara,VI,Veneto,36030,45.585542,11.487744
024036,Creazzo,VI,Veneto,36051,45.532053,11.478581
024037,Crespadoro,VI,Veneto,36070,45.620193,11.22589
024038,Dueville,VI,Veneto,36031,45.635517,11.548598
024039,Enego,VI,Veneto,36052,45.940493,11.709612
024040,Fara Vicentino,VI,Veneto,36030,45.739593,11.548287
024041,Foza,VI,Veneto,36010,45.896266,11.630726
024042,Gallio,VI,Veneto,36032,45.892626,11.547102
024043,Gambellara,VI,Veneto,36053,45.462509,11.33984
024046,Grisignano di Zocco,VI,Veneto,36040,45.47534,11.69895
024047,Grumolo delle Abbadesse,VI,Veneto,36040,45.516264,11.658742
024048,Isola Vicentina,VI,Veneto,36033,45.628668,11.443148
024049,Laghi,VI,Veneto,36010,45.824387,11.272312
024050,Lastebasse,VI,Veneto,36040,45.915101,11.273886
024051,Longare,VI,Veneto,36023,45.474634,11.611049
024052,Lonigo,VI,Veneto,36045,45.388116,11.38799
024053,Lugo di Vicenza,VI,Veneto,36030,45.751391,11.522901
024055,Malo,VI,Veneto,36034,45.660296,11.407493
024056,Marano Vicentino,VI,Veneto,36035,45.692549,11.428756
024057,Marostica,VI,Veneto,36063,45.745392,11.656894
024060,Montebello Vicentino,VI,Veneto,36054,45.457216,11.385366
024061,Montecchio Maggiore,VI,Veneto,36075,45.505079,11.408445
024062,Montecchio Precalcino,VI,Veneto,36030,45.665781,11.563302
024063,Monte di Malo,VI,Veneto,36030,45.660464,11.362566
024064,Montegalda,VI,Veneto,36047,45.443775,11.673211
024065,Montegaldella,VI,Veneto,36047,45.436355,11.670826
024066,Monteviale,VI,Veneto,36050,45.560525,11.458072
024067,Monticello Conte Otto,VI,Veneto,36010,45.59518,11.580579
024068,Montorso Vicentino,VI,Veneto,36050,45.489834,11.362271
024070,Mussolente,VI,Veneto,36065,45.778952,11.801272
024071,Nanto,VI,Veneto,36024,45.421995,11.605006
024072,Nogarole Vicentino,VI,Veneto,36070,45.55936,11.28843
024073,Nove,VI,Veneto,36055,45.725675,11.680058
024074,Noventa Vicentina,VI,Veneto,36025,45.290628,11.539884
024075,Orgiano,VI,Veneto,36040,45.351043,11.466029
024076,Pedemonte,VI,Veneto,36040,45.503234,10.91872
024077,Pianezze,VI,Veneto,36060,45.739997,11.626747
024078,Piovene Rocchette,VI,Veneto,36013,45.758826,11.430127
024079,Pojana Maggiore,VI,Veneto,36026,45.291381,11.501347
024080,Posina,VI,Veneto,36010,45.791088,11.262517
024081,Pove del Grappa,VI,Veneto,36020,45.799117,11.729102
024082,Pozzoleone,VI,Veneto,36050,45.648956,11.67909
024083,Quinto Vicentino,VI,Veneto,36050,45.573798,11.627719
024084,Recoaro Terme,VI,Veneto,36076,45.705171,11.224935
024085,Roana,VI,Veneto,36010,45.875619,11.462687
024086,Romano d'Ezzelino,VI,Veneto,36060,45.796237,11.758391
024087,Rosà,VI,Veneto,36027,45.724416,11.762686
024088,Rossano Veneto,VI,Veneto,36028,45.705273,11.799787
024089,Rotzo,VI,Veneto,36010,45.863467,11.399382
024090,Salcedo,VI,Veneto,36040,45.75878,11.564978
024091,Sandrigo,VI,Veneto,36066,45.660608,11.602928
024094,San Pietro Mussolino,VI,Veneto,36070,45.586304,11.256077
024095,Santorso,VI,Veneto,36014,45.737299,11.390321
024096,San Vito di Leguzzano,VI,Veneto,36030,45.681552,11.37629
024097,Sarcedo,VI,Veneto,36030,45.707921,11.526038
024098,Sarego,VI,Veneto,36040,45.408121,11.405559
024099,Schiavon,VI,Veneto,36060,45.697709,11.644283
024100,Schio,VI,Veneto,36015,45.711351,11.355359
024101,Solagna,VI,Veneto,36020,45.816721,11.71817
024102,Sossano,VI,Veneto,36040,45.358777,11.510029
024104,Tezze sul Brenta,VI,Veneto,36056,45.686178,11.704184
024105,Thiene,VI,Veneto,36016,45.705767,11.480256
024106,Tonezza del Cimone,VI,Veneto,36040,45.85719,11.346038
024107,Torrebelvicino,VI,Veneto,36036,45.718939,11.308834
024108,Torri di Quartesolo,VI,Veneto,36040,45.519266,11.61712
024110,Trissino,VI,Veneto,36070,45.564041,11.374852
024111,Valdagno,VI,Veneto,36078,45.641321,11.30406
024112,Valdastico,VI,Veneto,36040,45.882447,11.344561
024113,Valli del Pasubio,VI,Veneto,36030,45.740774,11.262167
024115,Velo d'Astico,VI,Veneto,36010,45.788399,11.36769
024116,Vicenza,VI,Veneto,36100,45.634859,11.406354
024117,Villaga,VI,Veneto,36021,45.402477,11.53372
024118,Villaverla,VI,Veneto,36030,45.65121,11.494074
024119,Zanè,VI,Veneto,36010,45.720119,11.460827
024120,Zermeghedo,VI,Veneto,36050,45.474991,11.369496
024121,Zovencedo,VI,Veneto,36020,45.428491,11.503199
024122,Zugliano,VI,Veneto,36030,45.733953,11.524736
024123,Val Liona,VI,Veneto,36040,45.410202,11.472079
024124,Barbarano Mossano,VI,Veneto,36048,45.408342,11.567659
024125,Valbrenta,VI,Veneto,36020,45.881372,11.701764
024126,Colceresa,VI,Veneto,36064,45.718116,11.607036
024127,Lusiana Conco,VI,Veneto,36046,45.808073,11.587935
024128,Sovizzo,VI,Veneto,,,
025001,Agordo,BL,Veneto,32021,46.282147,12.034981
025003,Alleghe,BL,Veneto,32022,46.406637,12.021464
025004,Arsiè,BL,Veneto,32030,45.983519,11.75778
025005,Auronzo di Cadore,BL,Veneto,32041,46.551169,12.443206
025006,Belluno,BL,Veneto,32100,46.280541,12.078914
025007,Borca di Cadore,BL,Veneto,32040,46.436423,12.219598
025008,Calalzo di Cadore,BL,Veneto,32042,46.446715,12.380385
025010,Cencenighe Agordino,BL,Veneto,32020,46.352309,11.967348
025011,Cesiomaggiore,BL,Veneto,32030,46.088816,11.987639
025012,Chies d'Alpago,BL,Veneto,32010,46.165328,12.392472
025013,Cibiana di Cadore,BL,Veneto,32040,46.391613,12.2908
025014,Colle Santa Lucia,BL,Veneto,32020,46.447046,12.014025
025015,Comelico Superiore,BL,Veneto,32040,46.626931,12.469051
025016,Cortina d'Ampezzo,BL,Veneto,32043,46.538333,12.137351
025017,Danta di Cadore,BL,Veneto,32040,46.566029,12.517302
025018,Domegge di Cadore,BL,Veneto,32040,46.460376,12.415824
025019,Falcade,BL,Veneto,32020,46.358029,11.872136
025021,Feltre,BL,Veneto,32032,46.016376,11.906254
025022,Fonzaso,BL,Veneto,32030,46.017903,11.799754
025023,Canale d'Agordo,BL,Veneto,32020,46.360668,11.914832
025025,Gosaldo,BL,Veneto,32020,46.212841,11.974516
025026,Lamon,BL,Veneto,32033,46.047151,11.748632
025027,La Valle Agordina,BL,Veneto,32020,46.282273,12.06951
025029,Limana,BL,Veneto,32020,46.102814,12.186303
025030,Livinallongo del Col di Lana,BL,Veneto,32020,46.506634,11.936812
025032,Lorenzago di Cadore,BL,Veneto,32040,46.479626,12.459403
025033,Lozzo di Cadore,BL,Veneto,32040,46.484572,12.443341
025035,Ospitale di Cadore,BL,Veneto,32010,46.330524,12.322888
025036,Pedavena,BL,Veneto,32034,46.039624,11.880433
025037,Perarolo di Cadore,BL,Veneto,32010,46.397031,12.35555
025039,Pieve di Cadore,BL,Veneto,32044,46.428709,12.375297
025040,Ponte nelle Alpi,BL,Veneto,32014,46.16178,12.298805
025043,Rivamonte Agordino,BL,Veneto,32020,46.251887,12.023608
025044,Rocca Pietore,BL,Veneto,32020,46.433868,11.977162
025045,San Gregorio nelle Alpi,BL,Veneto,32030,46.103065,12.025584
025046,San Nicolò di Comelico,BL,Veneto,32040,46.582529,12.527302
025047,San Pietro di Cadore,BL,Veneto,32040,46.571176,12.586118
025048,Santa Giustina,BL,Veneto,32035,46.083884,12.043238
025049,San Tomaso Agordino,BL,Veneto,32020,46.388481,11.972806
025050,Santo Stefano di Cadore,BL,Veneto,32045,46.557938,12.549142
025051,San Vito di Cadore,BL,Veneto,32046,46.458966,12.205742
025053,Sedico,BL,Veneto,32036,46.11098,12.097154
025054,Selva di Cadore,BL,Veneto,32020,46.451386,12.034525
025055,Seren del Grappa,BL,Veneto,32030,45.989755,11.8449
025056,Sospirolo,BL,Veneto,32037,46.142372,12.074176
025057,Soverzene,BL,Veneto,32010,46.203575,12.303055
025058,Sovramonte,BL,Veneto,32030,46.056824,11.788162
025059,Taibon Agordino,BL,Veneto,32027,46.298782,12.012654
025060,Tambre,BL,Veneto,32010,46.129473,12.422713
025062,Vallada Agordina,BL,Veneto,32020,46.375603,11.936955
025063,Valle di Cadore,BL,Veneto,32040,46.417356,12.331983
025065,Vigo di Cadore,BL,Veneto,32040,46.500273,12.472522
025066,Vodo Cadore,BL,Veneto,32040,46.420006,12.246864
025067,Voltago Agordino,BL,Veneto,32020,46.272016,12.005196
025069,Zoppè di Cadore,BL,Veneto,32010,46.386081,12.17394
025071,Longarone,BL,Veneto,32013,46.265786,12.299937
025072,Alpago,BL,Veneto,32010,46.130668,12.354894
025073,Val di Zoldo,BL,Veneto,32010,46.342294,12.156312
025074,Borgo Valbelluna,BL,Veneto,32026,46.061795,12.079349
025075,Setteville,BL,Veneto,,,
026001,Altivole,TV,Veneto,31030,45.754003,11.955362
026002,Arcade,TV,Veneto,31030,45.785053,12.219408
026003,Asolo,TV,Veneto,31011,45.800726,11.914244
026004,Borso del Grappa,TV,Veneto,31030,45.821025,11.799316
026005,Breda di Piave,TV,Veneto,31030,45.723727,12.331235
026006,Caerano di San Marco,TV,Veneto,31031,45.78591,12.001038
026007,Cappella Maggiore,TV,Veneto,31012,45.96954,12.361669
026008,Carbonera,TV,Veneto,31030,45.684838,12.285944
026009,Casale sul Sile,TV,Veneto,31032,45.597766,12.325734
026010,Casier,TV,Veneto,31030,45.628336,12.26516
026011,Castelcucco,TV,Veneto,31030,45.833324,11.883969
026012,Castelfranco Veneto,TV,Veneto,31033,45.672811,11.925245
026013,Castello di Godego,TV,Veneto,31030,45.69238,11.881044
026014,Cavaso del Tomba,TV,Veneto,31034,45.8584,11.90898
026015,Cessalto,TV,Veneto,31040,45.712596,12.612314
026016,Chiarano,TV,Veneto,31040,45.730041,12.581279
026017,Cimadolmo,TV,Veneto,31010,45.787138,12.361633
026018,Cison di Valmarino,TV,Veneto,31030,45.969987,12.143137
026019,Codognè,TV,Veneto,31013,45.866795,12.433908
026020,Colle Umberto,TV,Veneto,31014,45.940984,12.340972
026021,Conegliano,TV,Veneto,31015,45.886217,12.297757
026022,Cordignano,TV,Veneto,31016,45.94897,12.41602
026023,Cornuda,TV,Veneto,31041,45.831731,12.007666
026025,Crocetta del Montello,TV,Veneto,31035,45.833996,12.032327
026026,Farra di Soligo,TV,Veneto,31010,45.905381,12.12543
026027,Follina,TV,Veneto,31051,45.953073,12.118137
026028,Fontanelle,TV,Veneto,31043,45.831333,12.467546
026029,Fonte,TV,Veneto,31010,45.787158,11.867507
026030,Fregona,TV,Veneto,31010,46.000218,12.338962
026031,Gaiarine,TV,Veneto,31018,45.880504,12.481591
026032,Giavera del Montello,TV,Veneto,31040,45.793974,12.169567
026033,Godega di Sant'Urbano,TV,Veneto,31010,45.929848,12.39811
026034,Gorgo al Monticano,TV,Veneto,31040,45.786953,12.55042
026035,Istrana,TV,Veneto,31036,45.678616,12.099794
026036,Loria,TV,Veneto,31037,45.728424,11.865585
026037,Mansuè,TV,Veneto,31040,45.82239,12.537712
026038,Mareno di Piave,TV,Veneto,31010,45.840856,12.351255
026039,Maser,TV,Veneto,31010,45.807541,11.972487
026040,Maserada sul Piave,TV,Veneto,31052,45.749411,12.319333
026041,Meduna di Livenza,TV,Veneto,31040,45.806443,12.612685
026042,Miane,TV,Veneto,31050,45.944321,12.093856
026043,Mogliano Veneto,TV,Veneto,31021,45.561289,12.237697
026044,Monastier di Treviso,TV,Veneto,31050,45.650076,12.43377
026045,Monfumo,TV,Veneto,31010,45.830373,11.921118
026046,Montebelluna,TV,Veneto,31044,45.775996,12.045065
026047,Morgano,TV,Veneto,31050,45.643398,12.112628
026048,Moriago della Battaglia,TV,Veneto,31010,45.867358,12.103767
026049,Motta di Livenza,TV,Veneto,31045,45.77663,12.610548
026050,Nervesa della Battaglia,TV,Veneto,31040,45.825368,12.209202
026051,Oderzo,TV,Veneto,31046,45.783371,12.493778
026052,Ormelle,TV,Veneto,31024,45.779103,12.420337
026053,Orsago,TV,Veneto,31010,45.930861,12.423587
026055,Paese,TV,Veneto,31038,45.672731,12.153611
026056,Pederobba,TV,Veneto,31040,45.86952,11.969551
026057,Pieve di Soligo,TV,Veneto,31053,45.899761,12.173081
026058,Ponte di Piave,TV,Veneto,31047,45.716153,12.465227
026059,Ponzano Veneto,TV,Veneto,31050,45.723851,12.194218
026060,Portobuffolè,TV,Veneto,31040,45.853838,12.538337
026061,Possagno,TV,Veneto,31054,45.854879,11.88157
026062,Povegliano,TV,Veneto,31050,45.759192,12.2085
026063,Preganziol,TV,Veneto,31022,45.60253,12.235314
026064,Quinto di Treviso,TV,Veneto,31055,45.64201,12.149845
026065,Refrontolo,TV,Veneto,31020,45.924858,12.20783
026066,Resana,TV,Veneto,31023,45.634024,11.955293
026067,Revine Lago,TV,Veneto,31020,46.001033,12.225549
026068,Riese Pio X,TV,Veneto,31039,45.729222,11.917005
026069,Roncade,TV,Veneto,31056,45.627908,12.37478
026070,Salgareda,TV,Veneto,31040,45.704123,12.492587
026071,San Biagio di Callalta,TV,Veneto,31048,45.684872,12.377347
026072,San Fior,TV,Veneto,31020,45.920753,12.358151
026073,San Pietro di Feletto,TV,Veneto,31020,45.908889,12.240595
026074,San Polo di Piave,TV,Veneto,31020,45.790108,12.394775
026075,Santa Lucia di Piave,TV,Veneto,31025,45.849186,12.284264
026076,San Vendemiano,TV,Veneto,31020,45.890746,12.333844
026077,San Zenone degli Ezzelini,TV,Veneto,31020,45.778944,11.840513
026078,Sarmede,TV,Veneto,31026,45.978878,12.386088
026079,Segusino,TV,Veneto,31040,45.916678,11.953895
026080,Sernaglia della Battaglia,TV,Veneto,31020,45.874731,12.133162
026081,Silea,TV,Veneto,31057,45.65335,12.296098
026082,Spresiano,TV,Veneto,31027,45.780391,12.259346
026083,Susegana,TV,Veneto,31058,45.850913,12.250013
026084,Tarzo,TV,Veneto,31020,45.973522,12.23161
026085,Trevignano,TV,Veneto,31040,45.733501,12.094016
026086,Treviso,TV,Veneto,31100,45.806691,12.206316
026087,Valdobbiadene,TV,Veneto,31049,45.901413,11.995512
026088,Vazzola,TV,Veneto,31028,45.837767,12.384064
026089,Vedelago,TV,Veneto,31050,45.686695,12.018037
026090,Vidor,TV,Veneto,31020,45.861641,12.038749
026091,Villorba,TV,Veneto,31020,45.729249,12.256246
026092,Vittorio Veneto,TV,Veneto,31029,45.989665,12.296436
026093,Volpago del Montello,TV,Veneto,31040,45.778058,12.119815
026094,Zenson di Piave,TV,Veneto,31050,45.678973,12.492099
026095,Zero Branco,TV,Veneto,31059,45.601701,12.165212
026096,Pieve del Grappa,TV,Veneto,31017,45.827223,11.838844
027001,Annone Veneto,VE,Veneto,30020,45.79551,12.68422
027002,Campagna Lupia,VE,Veneto,30010,45.354994,12.096814
027003,Campolongo Maggiore,VE,Veneto,30010,45.330536,12.048313
027004,Camponogara,VE,Veneto,30010,45.385068,12.072122
027005,Caorle,VE,Veneto,30021,45.599004,12.888008
027006,Cavarzere,VE,Veneto,30014,45.136099,12.081285
027007,Ceggia,VE,Veneto,30022,45.686437,12.637529
027008,Chioggia,VE,Veneto,30015,45.218894,12.27858
027009,Cinto Caomaggiore,VE,Veneto,30020,45.825893,12.785572
027010,Cona,VE,Veneto,30010,45.180071,12.078695
027011,Concordia Sagittaria,VE,Veneto,30023,45.756104,12.844956
027012,Dolo,VE,Veneto,30031,45.424996,12.076313
027013,Eraclea,VE,Veneto,30020,45.577034,12.673818
027014,Fiesso d'Artico,VE,Veneto,30032,45.417348,12.033181
027015,Fossalta di Piave,VE,Veneto,30020,45.645747,12.513256
027016,Fossalta di Portogruaro,VE,Veneto,30025,45.791747,12.909023
027017,Fossò,VE,Veneto,30030,45.38565,12.048577
027018,Gruaro,VE,Veneto,30020,45.833496,12.843709
027019,Jesolo,VE,Veneto,30016,45.536709,12.638334
027020,Marcon,VE,Veneto,30020,45.554328,12.299382
027021,Martellago,VE,Veneto,30030,45.546645,12.157678
027022,Meolo,VE,Veneto,30020,45.619429,12.453057
027023,Mira,VE,Veneto,30034,45.437774,12.132805
027024,Mirano,VE,Veneto,30035,45.49277,12.109877
027025,Musile di Piave,VE,Veneto,30024,45.617359,12.561887
027026,Noale,VE,Veneto,30033,45.550123,12.072088
027027,Noventa di Piave,VE,Veneto,30020,45.661888,12.529942
027028,Pianiga,VE,Veneto,30030,45.456096,12.030173
027029,Portogruaro,VE,Veneto,30026,45.775598,12.837457
027030,Pramaggiore,VE,Veneto,30020,45.814565,12.738813
027031,Quarto d'Altino,VE,Veneto,30020,45.580451,12.3705
027032,Salzano,VE,Veneto,30030,45.521344,12.10637
027033,San Donà di Piave,VE,Veneto,30027,45.629481,12.564106
027034,San Michele al Tagliamento,VE,Veneto,30028,45.763918,12.995425
027035,Santa Maria di Sala,VE,Veneto,30036,45.505036,12.033868
027036,San Stino di Livenza,VE,Veneto,30029,45.731078,12.680008
027037,Scorzè,VE,Veneto,30037,45.571354,12.108383
027038,Spinea,VE,Veneto,30038,45.49116,12.165018
027039,Stra,VE,Veneto,30039,45.416845,12.002304
027040,Teglio Veneto,VE,Veneto,30025,45.817512,12.885024
027041,Torre di Mosto,VE,Veneto,30020,45.690543,12.71042
027042,Venezia,VE,Veneto,30100,45.437191,12.33459
027043,Vigonovo,VE,Veneto,30030,45.387011,12.007514
027044,Cavallino-Treporti,VE,Veneto,30013,45.479217,12.515257
028001,Abano Terme,PD,Veneto,35031,45.360314,11.789783
028002,Agna,PD,Veneto,35021,45.170164,11.960731
028003,Albignasego,PD,Veneto,35020,45.347492,11.867209
028004,Anguillara Veneta,PD,Veneto,35022,45.139355,11.887746
028005,Arquà Petrarca,PD,Veneto,35032,45.270044,11.716515
028006,Arre,PD,Veneto,35020,45.216319,11.930495
028007,Arzergrande,PD,Veneto,35020,45.27286,12.053944
028008,Bagnoli di Sopra,PD,Veneto,35023,45.184841,11.883486
028009,Baone,PD,Veneto,35030,45.243863,11.687946
028010,Barbona,PD,Veneto,35040,45.111681,11.682407
028011,Battaglia Terme,PD,Veneto,35041,45.288143,11.781834
028012,Boara Pisani,PD,Veneto,35040,45.108085,11.782711
028013,Borgoricco,PD,Veneto,35010,45.533561,11.965879
028014,Bovolenta,PD,Veneto,35024,45.270375,11.935086
028015,Brugine,PD,Veneto,35020,45.296592,11.995113
028016,Cadoneghe,PD,Veneto,35010,45.458648,11.920175
028017,Campodarsego,PD,Veneto,35011,45.502855,11.907496
028018,Campodoro,PD,Veneto,35010,45.490294,11.752004
028019,Camposampiero,PD,Veneto,35012,45.57176,11.931929
028020,Campo San Martino,PD,Veneto,35010,45.544396,11.810404
028021,Candiana,PD,Veneto,35020,45.22109,11.989114
028023,Carmignano di Brenta,PD,Veneto,35010,45.628771,11.699861
028026,Cartura,PD,Veneto,35025,45.26839,11.85681
028027,Casale di Scodosia,PD,Veneto,35040,45.187494,11.468636
028028,Casalserugo,PD,Veneto,35020,45.316226,11.913545
028029,Castelbaldo,PD,Veneto,35040,45.121172,11.453502
028030,Cervarese Santa Croce,PD,Veneto,35030,45.424392,11.687904
028031,Cinto Euganeo,PD,Veneto,35030,45.289467,11.672376
028032,Cittadella,PD,Veneto,35013,45.648794,11.78358
028033,Codevigo,PD,Veneto,35020,45.267352,12.101301
028034,Conselve,PD,Veneto,35026,45.233744,11.874013
028035,Correzzola,PD,Veneto,35020,45.235382,12.067762
028036,Curtarolo,PD,Veneto,35010,45.522255,11.832017
028037,Este,PD,Veneto,35042,45.224007,11.659796
028038,Fontaniva,PD,Veneto,35014,45.637629,11.752198
028039,Galliera Veneta,PD,Veneto,35015,45.66284,11.828488
028040,Galzignano Terme,PD,Veneto,35030,45.306808,11.733968
028041,Gazzo,PD,Veneto,35010,45581,11.706548
028042,Grantorto,PD,Veneto,35010,45.600775,11.730956
028043,Granze,PD,Veneto,35040,45.154289,11.713485
028044,Legnaro,PD,Veneto,35020,45.345648,11.963935
028045,Limena,PD,Veneto,35010,45.474376,11.844933
028046,Loreggia,PD,Veneto,35010,45.594524,11.944612
028047,Lozzo Atestino,PD,Veneto,35034,45.290918,11.630411
028048,Maserà di Padova,PD,Veneto,35020,45.320711,11.870985
028049,Masi,PD,Veneto,35040,45.108819,11.491912
028050,Massanzago,PD,Veneto,35010,45.555512,12.007434
028052,Megliadino San Vitale,PD,Veneto,35040,45.19214,11.524237
028053,Merlara,PD,Veneto,35040,45.167068,11.441878
028054,Mestrino,PD,Veneto,35035,45.442758,11.758254
028055,Monselice,PD,Veneto,35043,45.241768,11.750853
028056,Montagnana,PD,Veneto,35044,45.233321,11.465778
028057,Montegrotto Terme,PD,Veneto,35036,45.331491,11.791208
028058,Noventa Padovana,PD,Veneto,35027,45.414232,11.9508
028059,Ospedaletto Euganeo,PD,Veneto,35045,45.222695,11.610901
028060,Padova,PD,Veneto,35122,45.407717,11.873446
028061,Pernumia,PD,Veneto,35020,45.258989,11.787209
028062,Piacenza d'Adige,PD,Veneto,35040,45.127462,11.547701
028063,Piazzola sul Brenta,PD,Veneto,35016,45.541496,11.784404
028064,Piombino Dese,PD,Veneto,35017,45.60752,11.999415
028065,Piove di Sacco,PD,Veneto,35028,45.297692,12.036814
028066,Polverara,PD,Veneto,35020,45.309392,11.956012
028067,Ponso,PD,Veneto,35040,45.195057,11.588255
028068,Pontelongo,PD,Veneto,35029,45.245489,12.025183
028069,Ponte San Nicolò,PD,Veneto,35020,45.365239,11.93727
028070,Pozzonovo,PD,Veneto,35020,45.196597,11.79265
028071,Rovolon,PD,Veneto,35030,45.378027,11.644403
028072,Rubano,PD,Veneto,35030,45.428729,11.788274
028073,Saccolongo,PD,Veneto,35030,45.403105,11.747553
028075,San Giorgio delle Pertiche,PD,Veneto,35010,45.54167,11.911237
028076,San Giorgio in Bosco,PD,Veneto,35010,45.591851,11.805959
028077,San Martino di Lupari,PD,Veneto,35018,45.648659,11.85698
028078,San Pietro in Gu,PD,Veneto,35010,45.614086,11.669394
028079,San Pietro Viminario,PD,Veneto,35020,45.245244,11.818641
028080,Santa Giustina in Colle,PD,Veneto,35010,45.563698,11.906406
028082,Sant'Angelo di Piove di Sacco,PD,Veneto,35020,45.345315,12.007022
028083,Sant'Elena,PD,Veneto,35040,45.187341,11.71205
028084,Sant'Urbano,PD,Veneto,35040,45.13305,11.635956
028085,Saonara,PD,Veneto,35020,45.370221,11.984066
028086,Selvazzano Dentro,PD,Veneto,35030,45.38979,11.785892
028087,Solesino,PD,Veneto,35047,45.177332,11.743372
028088,Stanghella,PD,Veneto,35048,45.134624,11.756048
028089,Teolo,PD,Veneto,35037,45.365421,11.688606
028090,Terrassa Padovana,PD,Veneto,35020,45.245268,11.903381
028091,Tombolo,PD,Veneto,35019,45.647028,11.830422
028092,Torreglia,PD,Veneto,35038,45.335667,11.73364
028093,Trebaseleghe,PD,Veneto,35010,45.591812,12.050999
028094,Tribano,PD,Veneto,35020,45.21001,11.832142
028095,Urbana,PD,Veneto,35040,45.194131,11.445349
028096,Veggiano,PD,Veneto,35030,45.448322,11.710822
028097,Vescovana,PD,Veneto,35040,45.134514,11.708435
028099,Vigodarzere,PD,Veneto,35010,45.458193,11.882864
028100,Vigonza,PD,Veneto,35010,45.442954,11.983149
028101,Villa del Conte,PD,Veneto,35010,45.586598,11.859005
028102,Villa Estense,PD,Veneto,35040,45.172108,11.666979
028103,Villafranca Padovana,PD,Veneto,35010,45.494851,11.797524
028104,Villanova di Camposampiero,PD,Veneto,35010,45.490456,11.97302
028105,Vo',PD,Veneto,35030,45.328899,11.641735
028106,Due Carrare,PD,Veneto,35020,45.290505,11.821753
028107,Borgo Veneto,PD,Veneto,35046,45.213452,11.541421
028108,Santa Caterina d'Este,PD,Veneto,,,
029001,Adria,RO,Veneto,45011,45.053123,12.0572
029002,Ariano nel Polesine,RO,Veneto,45012,44.946084,12.124922
029003,Arquà Polesine,RO,Veneto,45031,45.010388,11.740941
029004,Badia Polesine,RO,Veneto,45021,45.094056,11.493462
029005,Bagnolo di Po,RO,Veneto,45022,45.016008,11.501192
029006,Bergantino,RO,Veneto,45032,45.060169,11.2529
029007,Bosaro,RO,Veneto,45033,45.0008,11.766536
029008,Calto,RO,Veneto,45030,44.991498,11.356471
029009,Canaro,RO,Veneto,45034,44.935472,11.676738
029010,Canda,RO,Veneto,45020,45.034356,11.505648
029011,Castelguglielmo,RO,Veneto,45020,45.025181,11.537334
029012,Castelmassa,RO,Veneto,45035,45.016852,11.310498
029013,Castelnovo Bariano,RO,Veneto,45030,45.027827,11.287445
029014,Ceneselli,RO,Veneto,45030,45.013695,11.369156
029015,Ceregnano,RO,Veneto,45010,45.049471,11.870854
029017,Corbola,RO,Veneto,45015,45.005685,12.07852
029018,Costa di Rovigo,RO,Veneto,45023,45.048688,11.694531
029019,Crespino,RO,Veneto,45030,44.982558,11.886188
029021,Ficarolo,RO,Veneto,45036,44.953799,11.435729
029022,Fiesso Umbertiano,RO,Veneto,45024,44.961184,11.604642
029023,Frassinelle Polesine,RO,Veneto,45030,44.995182,11.698811
029024,Fratta Polesine,RO,Veneto,45025,45.029282,11.64501
029025,Gaiba,RO,Veneto,45030,44.946179,11.480207
029026,Gavello,RO,Veneto,45010,45.021915,11.914413
029027,Giacciano con Baruchella,RO,Veneto,45020,45.060423,11.433427
029028,Guarda Veneta,RO,Veneto,45030,44.980399,11.802852
029029,Lendinara,RO,Veneto,45026,45.083259,11.604164
029030,Loreo,RO,Veneto,45017,45.061995,12.188925
029031,Lusia,RO,Veneto,45020,45.100535,11.66278
029032,Melara,RO,Veneto,45037,45.063185,11.198458
029033,Occhiobello,RO,Veneto,45030,44.92125,11.5814
029034,Papozze,RO,Veneto,45010,44.988248,12.031812
029035,Pettorazza Grimani,RO,Veneto,45010,45.136088,11.986816
029036,Pincara,RO,Veneto,45020,44.991381,11.608809
029037,Polesella,RO,Veneto,45038,44.964082,11.750177
029038,Pontecchio Polesine,RO,Veneto,45030,45.019111,11.811926
029039,Porto Tolle,RO,Veneto,45018,44.917713,12.402186
029040,Rosolina,RO,Veneto,45010,45.075572,12.246084
029041,Rovigo,RO,Veneto,45100,44.977206,12.27419
029042,Salara,RO,Veneto,45030,44.982537,11.427149
029043,San Bellino,RO,Veneto,45020,45.029552,11.589812
029044,San Martino di Venezze,RO,Veneto,45030,45.131203,11.868523
029045,Stienta,RO,Veneto,45039,44.937837,11.544413
029046,Taglio di Po,RO,Veneto,45019,45.005777,12.210798
029047,Trecenta,RO,Veneto,45027,45.030944,11.460521
029048,Villadose,RO,Veneto,45010,45.068916,11.893738
029049,Villamarzana,RO,Veneto,45030,45.014404,11.693308
029050,Villanova del Ghebbo,RO,Veneto,45020,45.059183,11.639009
029051,Villanova Marchesana,RO,Veneto,45030,44.992284,11.964718
029052,Porto Viro,RO,Veneto,45014,45.025311,12.225237
030001,Aiello del Friuli,UD,Friuli-Venezia Giulia,33041,45.872922,13.363628
030002,Amaro,UD,Friuli-Venezia Giulia,33020,46.374031,13.09536
030003,Ampezzo,UD,Friuli-Venezia Giulia,33021,46.417086,12.790274
030004,Aquileia,UD,Friuli-Venezia Giulia,33051,45.769614,13.369798
030005,Arta Terme,UD,Friuli-Venezia Giulia,33022,46.47238,13.026675
030006,Artegna,UD,Friuli-Venezia Giulia,33011,46.239096,13.155651
030007,Attimis,UD,Friuli-Venezia Giulia,33040,46.189326,13.307128
030008,Bagnaria Arsa,UD,Friuli-Venezia Giulia,33050,45.88359,13.284961
030009,Basiliano,UD,Friuli-Venezia Giulia,33031,46.016319,13.107126
030010,Bertiolo,UD,Friuli-Venezia Giulia,33032,45.942667,13.04918
030011,Bicinicco,UD,Friuli-Venezia Giulia,33050,45.935713,13.251166
030012,Bordano,UD,Friuli-Venezia Giulia,33010,46.315327,13.104621
030013,Buja,UD,Friuli-Venezia Giulia,33030,46.206677,13.118557
030014,Buttrio,UD,Friuli-Venezia Giulia,33042,46.010421,13.333831
030015,Camino al Tagliamento,UD,Friuli-Venezia Giulia,33030,45.927016,12.945124
030016,Campoformido,UD,Friuli-Venezia Giulia,33030,46.01932,13.162427
030018,Carlino,UD,Friuli-Venezia Giulia,33050,45.80225,13.188223
030019,Cassacco,UD,Friuli-Venezia Giulia,33010,46.173595,13.187934
030020,Castions di Strada,UD,Friuli-Venezia Giulia,33050,45.908309,13.185337
030021,Cavazzo Carnico,UD,Friuli-Venezia Giulia,33020,46.36749,13.039965
030022,Cercivento,UD,Friuli-Venezia Giulia,33020,46.52727,12.989234
030023,Cervignano del Friuli,UD,Friuli-Venezia Giulia,33052,45.822834,13.336382
030024,Chiopris-Viscone,UD,Friuli-Venezia Giulia,33048,45.931403,13.38111
030025,Chiusaforte,UD,Friuli-Venezia Giulia,33010,46.408334,13.309025
030026,Cividale del Friuli,UD,Friuli-Venezia Giulia,33043,46.093623,13.430328
030027,Codroipo,UD,Friuli-Venezia Giulia,33033,45.961117,12.978952
030028,Colloredo di Monte Albano,UD,Friuli-Venezia Giulia,33010,46.166405,13.139017
030029,Comeglians,UD,Friuli-Venezia Giulia,33023,46.515234,12.867804
030030,Corno di Rosazzo,UD,Friuli-Venezia Giulia,33040,45.997061,13.441595
030031,Coseano,UD,Friuli-Venezia Giulia,33030,46.097007,13.019388
030032,Dignano,UD,Friuli-Venezia Giulia,33030,46.085028,12.939294
030033,Dogna,UD,Friuli-Venezia Giulia,33010,46.447932,13.315023
030034,Drenchia,UD,Friuli-Venezia Giulia,33040,46.174173,13.636537
030035,Enemonzo,UD,Friuli-Venezia Giulia,33020,46.410902,12.878716
030036,Faedis,UD,Friuli-Venezia Giulia,33040,46.150325,13.346429
030037,Fagagna,UD,Friuli-Venezia Giulia,33034,46.11344,13.084572
030039,Flaibano,UD,Friuli-Venezia Giulia,33030,46.058333,12.983642
030040,Forni Avoltri,UD,Friuli-Venezia Giulia,33020,46.586831,12.776908
030041,Forni di Sopra,UD,Friuli-Venezia Giulia,33024,46.420227,12.585596
030042,Forni di Sotto,UD,Friuli-Venezia Giulia,33020,46.395045,12.670226
030043,Gemona del Friuli,UD,Friuli-Venezia Giulia,33013,46.277007,13.140105
030044,Gonars,UD,Friuli-Venezia Giulia,33050,45.895917,13.237131
030045,Grimacco,UD,Friuli-Venezia Giulia,33040,46.167449,13.581181
030046,Latisana,UD,Friuli-Venezia Giulia,33053,45.778488,12.996219
030047,Lauco,UD,Friuli-Venezia Giulia,33029,46.424042,12.933029
030048,Lestizza,UD,Friuli-Venezia Giulia,33050,45.954947,13.141735
030049,Lignano Sabbiadoro,UD,Friuli-Venezia Giulia,33054,45.689368,13.138566
030051,Lusevera,UD,Friuli-Venezia Giulia,33010,46.275828,13.269325
030052,Magnano in Riviera,UD,Friuli-Venezia Giulia,33010,46.23133,13.176769
030053,Majano,UD,Friuli-Venezia Giulia,33030,46.185205,13.068214
030054,Malborghetto Valbruna,UD,Friuli-Venezia Giulia,33010,46.497849,13.43315
030055,Manzano,UD,Friuli-Venezia Giulia,33044,45.990512,13.381504
030056,Marano Lagunare,UD,Friuli-Venezia Giulia,33050,45.764993,13.167501
030057,Martignacco,UD,Friuli-Venezia Giulia,33035,46.097922,13.136825
030058,Mereto di Tomba,UD,Friuli-Venezia Giulia,33036,46.049752,13.042751
030059,Moggio Udinese,UD,Friuli-Venezia Giulia,33015,46.409703,13.195142
030060,Moimacco,UD,Friuli-Venezia Giulia,33040,46.091324,13.377031
030061,Montenars,UD,Friuli-Venezia Giulia,33010,46.255026,13.178824
030062,Mortegliano,UD,Friuli-Venezia Giulia,33050,45.945806,13.172796
030063,Moruzzo,UD,Friuli-Venezia Giulia,33030,46.120241,13.123152
030064,Muzzana del Turgnano,UD,Friuli-Venezia Giulia,33055,45.818109,13.129263
030065,Nimis,UD,Friuli-Venezia Giulia,33045,46.200671,13.266254
030066,Osoppo,UD,Friuli-Venezia Giulia,33010,46.255978,13.08086
030067,Ovaro,UD,Friuli-Venezia Giulia,33025,46.482943,12.865389
030068,Pagnacco,UD,Friuli-Venezia Giulia,33010,46.12428,13.186975
030069,Palazzolo dello Stella,UD,Friuli-Venezia Giulia,33056,45.804827,13.079579
030070,Palmanova,UD,Friuli-Venezia Giulia,33057,45.905464,13.309932
030071,Paluzza,UD,Friuli-Venezia Giulia,33026,46.530815,13.018206
030072,Pasian di Prato,UD,Friuli-Venezia Giulia,33037,46.048513,13.187597
030073,Paularo,UD,Friuli-Venezia Giulia,33027,46.530346,13.11656
030074,Pavia di Udine,UD,Friuli-Venezia Giulia,33050,45.996317,13.304137
030075,Pocenia,UD,Friuli-Venezia Giulia,33050,45.835515,13.100829
030076,Pontebba,UD,Friuli-Venezia Giulia,33016,46.506531,13.306426
030077,Porpetto,UD,Friuli-Venezia Giulia,33050,45.858174,13.217853
030078,Povoletto,UD,Friuli-Venezia Giulia,33040,46.118179,13.298797
030079,Pozzuolo del Friuli,UD,Friuli-Venezia Giulia,33050,45.986019,13.195029
030080,Pradamano,UD,Friuli-Venezia Giulia,33040,46.033822,13.30263
030081,Prato Carnico,UD,Friuli-Venezia Giulia,33020,46.520705,12.809361
030082,Precenicco,UD,Friuli-Venezia Giulia,33050,45.788913,13.077429
030083,Premariacco,UD,Friuli-Venezia Giulia,33040,46.060687,13.394778
030084,Preone,UD,Friuli-Venezia Giulia,33020,46.393684,12.866201
030085,Prepotto,UD,Friuli-Venezia Giulia,33040,46.045723,13.479434
030086,Pulfero,UD,Friuli-Venezia Giulia,33046,46.179275,13.477993
030087,Ragogna,UD,Friuli-Venezia Giulia,33030,46.173522,12.98242
030088,Ravascletto,UD,Friuli-Venezia Giulia,33020,46.522936,12.922115
030089,Raveo,UD,Friuli-Venezia Giulia,33029,46.434428,12.871113
030090,Reana del Rojale,UD,Friuli-Venezia Giulia,33010,46.145736,13.23512
030091,Remanzacco,UD,Friuli-Venezia Giulia,33047,46.085584,13.324322
030092,Resia,UD,Friuli-Venezia Giulia,33010,46.347373,13.336066
030093,Resiutta,UD,Friuli-Venezia Giulia,33010,46.393086,13.218578
030094,Rigolato,UD,Friuli-Venezia Giulia,33020,46.552831,12.85211
030095,Rive d'Arcano,UD,Friuli-Venezia Giulia,33030,46.126065,13.031579
030097,Ronchis,UD,Friuli-Venezia Giulia,33050,45.80661,12.997825
030098,Ruda,UD,Friuli-Venezia Giulia,33050,45.838231,13.40193
030099,San Daniele del Friuli,UD,Friuli-Venezia Giulia,33038,46.153241,13.009034
030100,San Giorgio di Nogaro,UD,Friuli-Venezia Giulia,33058,45.832024,13.211145
030101,San Giovanni al Natisone,UD,Friuli-Venezia Giulia,33048,45.97792,13.401081
030102,San Leonardo,UD,Friuli-Venezia Giulia,33040,46.127459,13.538374
030103,San Pietro al Natisone,UD,Friuli-Venezia Giulia,33049,46.126725,13.485233
030104,Santa Maria la Longa,UD,Friuli-Venezia Giulia,33050,45.933052,13.288023
030105,San Vito al Torre,UD,Friuli-Venezia Giulia,33050,45.895798,13.370587
030106,San Vito di Fagagna,UD,Friuli-Venezia Giulia,33030,46.090621,13.067024
030107,Sauris,UD,Friuli-Venezia Giulia,33020,46.465366,12.708717
030108,Savogna,UD,Friuli-Venezia Giulia,33040,46.180223,13.552163
030109,Sedegliano,UD,Friuli-Venezia Giulia,33039,46.014371,12.97743
030110,Socchieve,UD,Friuli-Venezia Giulia,33020,46.39707,12.848054
030111,Stregna,UD,Friuli-Venezia Giulia,33040,46.131549,13.603598
030112,Sutrio,UD,Friuli-Venezia Giulia,33020,46.512002,12.990757
030113,Taipana,UD,Friuli-Venezia Giulia,33040,46.258683,13.345916
030114,Talmassons,UD,Friuli-Venezia Giulia,33030,45.929558,13.117064
030116,Tarcento,UD,Friuli-Venezia Giulia,33017,46.215273,13.221658
030117,Tarvisio,UD,Friuli-Venezia Giulia,33018,46.505262,13.578373
030118,Tavagnacco,UD,Friuli-Venezia Giulia,33010,46.127394,13.2141
030120,Terzo d'Aquileia,UD,Friuli-Venezia Giulia,33050,45.800855,13.345754
030121,Tolmezzo,UD,Friuli-Venezia Giulia,33028,46.429503,13.056167
030122,Torreano,UD,Friuli-Venezia Giulia,33040,46.128525,13.431132
030123,Torviscosa,UD,Friuli-Venezia Giulia,33050,45.822216,13.276933
030124,Trasaghis,UD,Friuli-Venezia Giulia,33010,46.28218,13.075445
030126,Treppo Grande,UD,Friuli-Venezia Giulia,33010,46.190624,13.158124
030127,Tricesimo,UD,Friuli-Venezia Giulia,33019,46.160562,13.212536
030128,Trivignano Udinese,UD,Friuli-Venezia Giulia,33050,45.943415,13.340641
030129,Udine,UD,Friuli-Venezia Giulia,33100,46.063463,13.235838
030130,Varmo,UD,Friuli-Venezia Giulia,33030,45.887015,12.987726
030131,Venzone,UD,Friuli-Venezia Giulia,33010,46.333676,13.1394
030132,Verzegnis,UD,Friuli-Venezia Giulia,33020,46.385147,12.987202
030133,Villa Santina,UD,Friuli-Venezia Giulia,33029,46.414096,12.920748
030135,Visco,UD,Friuli-Venezia Giulia,33040,45.892172,13.346861
030136,Zuglio,UD,Friuli-Venezia Giulia,33020,46.461796,13.02604
030137,Forgaria nel Friuli,UD,Friuli-Venezia Giulia,33030,46.222822,12.973486
030138,Campolongo Tapogliano,UD,Friuli-Venezia Giulia,33040,45.86849,13.403755
030188,Rivignano Teor,UD,Friuli-Venezia Giulia,33061,45.8613,13.047569
030189,Sappada,UD,Friuli-Venezia Giulia,33012,46.567794,12.68638
030190,Fiumicello Villa Vicentina,UD,Friuli-Venezia Giulia,33050,45.783608,13.413019
030191,Treppo Ligosullo,UD,Friuli-Venezia Giulia,33014,46.544332,13.058904
031001,Capriva del Friuli,GO,Friuli-Venezia Giulia,34070,45.941416,13.513629
031002,Cormons,GO,Friuli-Venezia Giulia,34071,45.957791,13.470954
031003,Doberdò del Lago,GO,Friuli-Venezia Giulia,34070,45.84463,13.540142
031004,Dolegna del Collio,GO,Friuli-Venezia Giulia,34070,46.031323,13.479335
031005,Farra d'Isonzo,GO,Friuli-Venezia Giulia,34072,45.90802,13.516538
031006,Fogliano Redipuglia,GO,Friuli-Venezia Giulia,34070,45.856486,13.492933
031007,Gorizia,GO,Friuli-Venezia Giulia,34170,45.944128,13.625229
031008,Gradisca d'Isonzo,GO,Friuli-Venezia Giulia,34072,45.889551,13.500329
031009,Grado,GO,Friuli-Venezia Giulia,34073,45.677692,13.386443
031010,Mariano del Friuli,GO,Friuli-Venezia Giulia,34070,45.916061,13.458748
031011,Medea,GO,Friuli-Venezia Giulia,34076,45.917715,13.422532
031012,Monfalcone,GO,Friuli-Venezia Giulia,34074,45.804945,13.533059
031013,Moraro,GO,Friuli-Venezia Giulia,34070,45.930571,13.49653
031014,Mossa,GO,Friuli-Venezia Giulia,34070,45.938593,13.54824
031015,Romans d'Isonzo,GO,Friuli-Venezia Giulia,34076,45.890606,13.438219
031016,Ronchi dei Legionari,GO,Friuli-Venezia Giulia,34077,45.827808,13.501845
031017,Sagrado,GO,Friuli-Venezia Giulia,34078,45.875843,13.485523
031018,San Canzian d'Isonzo,GO,Friuli-Venezia Giulia,34075,45.798617,13.466138
031019,San Floriano del Collio,GO,Friuli-Venezia Giulia,34070,45.983108,13.587083
031020,San Lorenzo Isontino,GO,Friuli-Venezia Giulia,34070,45.931217,13.528549
031021,San Pier d'Isonzo,GO,Friuli-Venezia Giulia,34070,45.846918,13.460137
031022,Savogna d'Isonzo,GO,Friuli-Venezia Giulia,34070,45.905882,13.574864
031023,Staranzano,GO,Friuli-Venezia Giulia,34079,45.805821,13.50026
031024,Turriaco,GO,Friuli-Venezia Giulia,34070,45.819981,13.446686
031025,Villesse,GO,Friuli-Venezia Giulia,34070,45.863908,13.44023
032001,Duino Aurisina,TS,Friuli-Venezia Giulia,34011,45.770377,13.675305
032002,Monrupino,TS,Friuli-Venezia Giulia,34016,45.717812,13.797445
032003,Muggia,TS,Friuli-Venezia Giulia,34015,45.595848,13.782856
032004,San Dorligo della Valle,TS,Friuli-Venezia Giulia,34018,45.612602,13.853506
032005,Sgonico,TS,Friuli-Venezia Giulia,34010,45.736024,13.748245
032006,Trieste,TS,Friuli-Venezia Giulia,34121,45.650481,13.793126
093001,Andreis,PN,Friuli-Venezia Giulia,33080,46.2005,12.61367
093002,Arba,PN,Friuli-Venezia Giulia,33090,46.14498,12.7914
093004,Aviano,PN,Friuli-Venezia Giulia,33081,46.068544,12.589114
093005,Azzano Decimo,PN,Friuli-Venezia Giulia,33082,45.88142,12.714314
093006,Barcis,PN,Friuli-Venezia Giulia,33080,46.190251,12.55821
093007,Brugnera,PN,Friuli-Venezia Giulia,33070,45.90351,12.525989
093008,Budoia,PN,Friuli-Venezia Giulia,33070,46.042962,12.532586
093009,Caneva,PN,Friuli-Venezia Giulia,33070,45.968662,12.448097
093010,Casarsa della Delizia,PN,Friuli-Venezia Giulia,33072,45.955937,12.842693
093011,Castelnovo del Friuli,PN,Friuli-Venezia Giulia,33090,46.213832,12.883104
093012,Cavasso Nuovo,PN,Friuli-Venezia Giulia,33092,46.196556,12.770308
093013,Chions,PN,Friuli-Venezia Giulia,33083,45.847186,12.711062
093014,Cimolais,PN,Friuli-Venezia Giulia,33080,46.287639,12.438053
093015,Claut,PN,Friuli-Venezia Giulia,33080,46.266675,12.515709
093016,Clauzetto,PN,Friuli-Venezia Giulia,33090,46.229901,12.915554
093017,Cordenons,PN,Friuli-Venezia Giulia,33084,46.003731,12.718653
093018,Cordovado,PN,Friuli-Venezia Giulia,33075,45.845777,12.880665
093019,Erto e Casso,PN,Friuli-Venezia Giulia,33080,46.277092,12.359555
093020,Fanna,PN,Friuli-Venezia Giulia,33092,46.187118,12.753083
093021,Fiume Veneto,PN,Friuli-Venezia Giulia,33080,45.927943,12.732176
093022,Fontanafredda,PN,Friuli-Venezia Giulia,33074,45.973397,12.569123
093024,Frisanco,PN,Friuli-Venezia Giulia,33080,46.212776,12.727062
093025,Maniago,PN,Friuli-Venezia Giulia,33085,46.170974,12.707399
093026,Meduno,PN,Friuli-Venezia Giulia,33092,46.216779,12.785867
093027,Montereale Valcellina,PN,Friuli-Venezia Giulia,33086,46.160509,12.662136
093028,Morsano al Tagliamento,PN,Friuli-Venezia Giulia,33075,45.858141,12.929336
093029,Pasiano di Pordenone,PN,Friuli-Venezia Giulia,33087,45.849754,12.626509
093030,Pinzano al Tagliamento,PN,Friuli-Venezia Giulia,33094,46.183104,12.945448
093031,Polcenigo,PN,Friuli-Venezia Giulia,33070,46.0307,12.501626
093032,Porcia,PN,Friuli-Venezia Giulia,33080,45.946555,12.601781
093033,Pordenone,PN,Friuli-Venezia Giulia,33170,45.95625,12.65972
093034,Prata di Pordenone,PN,Friuli-Venezia Giulia,33080,45.893311,12.596294
093035,Pravisdomini,PN,Friuli-Venezia Giulia,33076,45.818909,12.694425
093036,Roveredo in Piano,PN,Friuli-Venezia Giulia,33080,46.011058,12.620291
093037,Sacile,PN,Friuli-Venezia Giulia,33077,45.95386,12.503368
093038,San Giorgio della Richinvelda,PN,Friuli-Venezia Giulia,33095,46.039508,12.882333
093039,San Martino al Tagliamento,PN,Friuli-Venezia Giulia,33098,46.020829,12.863761
093040,San Quirino,PN,Friuli-Venezia Giulia,33080,46.036167,12.68004
093041,San Vito al Tagliamento,PN,Friuli-Venezia Giulia,33078,45.914504,12.856596
093042,Sequals,PN,Friuli-Venezia Giulia,33090,46.165522,12.828776
093043,Sesto al Reghena,PN,Friuli-Venezia Giulia,33079,45.847642,12.815531
093044,Spilimbergo,PN,Friuli-Venezia Giulia,33097,46.111335,12.901629
093045,Tramonti di Sopra,PN,Friuli-Venezia Giulia,33090,46.308862,12.788497
093046,Tramonti di Sotto,PN,Friuli-Venezia Giulia,33090,46.28493,12.795646
093047,Travesio,PN,Friuli-Venezia Giulia,33090,46.196536,12.870994
093049,Vito d'Asio,PN,Friuli-Venezia Giulia,33090,46.227815,12.938303
093050,Vivaro,PN,Friuli-Venezia Giulia,33099,46.078002,12.775846
093051,Zoppola,PN,Friuli-Venezia Giulia,33080,45.966254,12.771564
093052,Vajont,PN,Friuli-Venezia Giulia,33080,46.146136,12.697447
093053,Valvasone Arzene,PN,Friuli-Venezia Giulia,33098,45.995211,12.86631
008001,Airole,IM,Liguria,18030,43.871038,7.554181
008002,Apricale,IM,Liguria,18035,43.880389,7.66021
008003,Aquila d'Arroscia,IM,Liguria,18020,44.085927,8.005247
008004,Armo,IM,Liguria,18026,44.087965,7.914783
008005,Aurigo,IM,Liguria,18020,43.982724,7.922447
008006,Badalucco,IM,Liguria,18010,43.915557,7.847295
008007,Bajardo,IM,Liguria,18031,43.903197,7.716921
008008,Bordighera,IM,Liguria,18012,43.785051,7.659109
008009,Borghetto d'Arroscia,IM,Liguria,18020,44.057726,7.981747
008010,Borgomaro,IM,Liguria,18021,43.974924,7.945147
008011,Camporosso,IM,Liguria,18033,43.815101,7.628418
008012,Caravonica,IM,Liguria,18020,43.993025,7.958047
008014,Castellaro,IM,Liguria,18011,43.865221,7.868748
008015,Castel Vittorio,IM,Liguria,18030,43.928557,7.674434
008016,Ceriana,IM,Liguria,18034,43.880703,7.774564
008017,Cervo,IM,Liguria,18010,43.925858,8.113929
008018,Cesio,IM,Liguria,18022,44.007296,7.973536
008019,Chiusanico,IM,Liguria,18027,43.972565,7.99088
008020,Chiusavecchia,IM,Liguria,18027,43.968424,7.983548
008021,Cipressa,IM,Liguria,18017,43.851016,7.93095
008022,Civezza,IM,Liguria,18017,43.879822,7.951649
008023,Cosio d'Arroscia,IM,Liguria,18023,44.077122,7.833008
008024,Costarainera,IM,Liguria,18017,43.855421,7.938749
008025,Diano Arentino,IM,Liguria,18013,43.949625,8.04155
008026,Diano Castello,IM,Liguria,18013,43.923741,8.067186
008027,Diano Marina,IM,Liguria,18013,43.908014,8.066675
008028,Diano San Pietro,IM,Liguria,18013,43.931424,8.071651
008029,Dolceacqua,IM,Liguria,18035,43.851718,7.622643
008030,Dolcedo,IM,Liguria,18020,43.907439,7.951098
008031,Imperia,IM,Liguria,18100,43.958375,7.866743
008032,Isolabona,IM,Liguria,18035,43.878988,7.639846
008033,Lucinasco,IM,Liguria,18020,43.968021,7.96398
008034,Mendatica,IM,Liguria,18025,44.076379,7.805641
008035,Molini di Triora,IM,Liguria,18010,43.990607,7.774463
008037,Montegrosso Pian Latte,IM,Liguria,18025,44.066889,7.817209
008038,Olivetta San Michele,IM,Liguria,18030,43.869399,7.523978
008039,Ospedaletti,IM,Liguria,18014,43.80208,7.718166
008040,Perinaldo,IM,Liguria,18032,43.86744,7.666548
008041,Pietrabruna,IM,Liguria,18010,43.889722,7.902948
008042,Pieve di Teco,IM,Liguria,18026,44.047026,7.914946
008043,Pigna,IM,Liguria,18037,43.932268,7.662644
008044,Pompeiana,IM,Liguria,18015,43.853721,7.889848
008045,Pontedassio,IM,Liguria,18027,43.940324,8.01385
008046,Pornassio,IM,Liguria,18024,44.069878,7.871289
008047,Prelà,IM,Liguria,18020,43.926158,7.936869
008048,Ranzo,IM,Liguria,18020,44.059627,8.014947
008049,Rezzo,IM,Liguria,18026,44.021425,7.871445
008050,Riva Ligure,IM,Liguria,18015,43.837921,7.879649
008051,Rocchetta Nervina,IM,Liguria,18030,43.890619,7.599642
008052,San Bartolomeo al Mare,IM,Liguria,18016,43.922924,8.101152
008053,San Biagio della Cima,IM,Liguria,18036,43.818242,7.64882
008054,San Lorenzo al Mare,IM,Liguria,18017,43.854711,7.963708
008055,Sanremo,IM,Liguria,18038,43.819825,7.774883
008056,Santo Stefano al Mare,IM,Liguria,18010,43.838321,7.893249
008057,Seborga,IM,Liguria,18012,43.826419,7.694545
008058,Soldano,IM,Liguria,18036,43.829118,7.654844
008059,Taggia,IM,Liguria,18018,43.869607,7.836458
008060,Terzorio,IM,Liguria,18010,43.852321,7.898349
008061,Triora,IM,Liguria,18010,43.992523,7.766243
008062,Vallebona,IM,Liguria,18012,43.812718,7.666544
008063,Vallecrosia,IM,Liguria,18019,43.788827,7.643411
008064,Vasia,IM,Liguria,18020,43.932023,7.952948
008065,Ventimiglia,IM,Liguria,18039,43.791762,7.603313
008066,Vessalico,IM,Liguria,18026,44.045937,7.960853
008067,Villa Faraldi,IM,Liguria,18010,43.968528,8.085229
008068,Montalto Carpasio,IM,Liguria,18010,43.947721,7.861919
009001,Alassio,SV,Liguria,17021,44.008011,8.173027
009002,Albenga,SV,Liguria,17031,44.04925,8.213124
009003,Albissola Marina,SV,Liguria,17012,44.327279,8.503102
009004,Albisola Superiore,SV,Liguria,17011,44.339838,8.509353
009005,Altare,SV,Liguria,17041,44.335982,8.339931
009006,Andora,SV,Liguria,17051,43.951929,8.145649
009007,Arnasco,SV,Liguria,17032,44.078228,8.107449
009008,Balestrino,SV,Liguria,17020,44.12513,8.17152
009009,Bardineto,SV,Liguria,17057,44.193123,8.132452
009010,Bergeggi,SV,Liguria,17028,44.249735,8.443353
009011,Boissano,SV,Liguria,17054,44.135768,8.221754
009012,Borghetto Santo Spirito,SV,Liguria,17052,44.114446,8.235328
009013,Borgio Verezzi,SV,Liguria,17022,44.164968,8.306662
009014,Bormida,SV,Liguria,17045,44.278261,8.234199
009015,Cairo Montenotte,SV,Liguria,17014,44.399268,8.274561
009016,Calice Ligure,SV,Liguria,17020,44.204933,8.295351
009017,Calizzano,SV,Liguria,17057,44.236881,8.11447
009018,Carcare,SV,Liguria,17043,44.357473,8.290162
009019,Casanova Lerrone,SV,Liguria,17033,44.032116,8.050223
009020,Castelbianco,SV,Liguria,17030,44.111817,8.070908
009021,Castelvecchio di Rocca Barbena,SV,Liguria,17034,44.129829,8.116648
009022,Celle Ligure,SV,Liguria,17015,44.346322,8.544321
009023,Cengio,SV,Liguria,17056,44.390259,8.207952
009024,Ceriale,SV,Liguria,17023,44.091629,8.223251
009025,Cisano sul Neva,SV,Liguria,17035,44.086402,8.147418
009026,Cosseria,SV,Liguria,17017,44.368314,8.234866
009027,Dego,SV,Liguria,17058,44.443038,8.305947
009028,Erli,SV,Liguria,17030,44.137529,8.103148
009029,Finale Ligure,SV,Liguria,17024,44.168905,8.343652
009030,Garlenda,SV,Liguria,17033,44.034227,8.09565
009031,Giustenice,SV,Liguria,17027,44.172551,8.247188
009032,Giusvalla,SV,Liguria,17010,44.447939,8.394149
009033,Laigueglia,SV,Liguria,17053,43.978826,8.157351
009034,Loano,SV,Liguria,17025,44.128754,8.259371
009035,Magliolo,SV,Liguria,17020,44.191486,8.250396
009036,Mallare,SV,Liguria,17045,44.290982,8.296649
009037,Massimino,SV,Liguria,12071,44.299575,8.07062
009038,Millesimo,SV,Liguria,17017,44.367536,8.201746
009039,Mioglia,SV,Liguria,17040,44.49046,8.412473
009040,Murialdo,SV,Liguria,17013,44.31658,8.164297
009041,Nasino,SV,Liguria,17030,44.11375,8.031713
009042,Noli,SV,Liguria,17026,44.205883,8.416419
009043,Onzo,SV,Liguria,17037,44.070289,8.050019
009044,Orco Feglino,SV,Liguria,17024,44.221643,8.323557
009045,Ortovero,SV,Liguria,17037,44.053427,8.096649
009046,Osiglia,SV,Liguria,17010,44.282632,8.202144
009047,Pallare,SV,Liguria,17043,44.327275,8.275435
009048,Piana Crixia,SV,Liguria,17058,44.486179,8.306101
009049,Pietra Ligure,SV,Liguria,17027,44.152931,8.286552
009050,Plodio,SV,Liguria,17043,44.351194,8.256452
009051,Pontinvrea,SV,Liguria,17042,44.444626,8.43446
009052,Quiliano,SV,Liguria,17047,44.292536,8.412652
009053,Rialto,SV,Liguria,17020,44.225818,8.263108
009054,Roccavignale,SV,Liguria,17017,44.347172,8.164682
009055,Sassello,SV,Liguria,17046,44.47897,8.490171
009056,Savona,SV,Liguria,17100,44.233424,8.252573
009057,Spotorno,SV,Liguria,17028,44.227257,8.419177
009058,Stella,SV,Liguria,17044,44.404721,8.501565
009059,Stellanello,SV,Liguria,17020,44.00042,8.058039
009060,Testico,SV,Liguria,17020,44.005626,8.029249
009061,Toirano,SV,Liguria,17055,44.12753,8.20485
009062,Tovo San Giacomo,SV,Liguria,17020,44.175932,8.270451
009063,Urbe,SV,Liguria,17048,44.477256,8.631393
009064,Vado Ligure,SV,Liguria,17047,44.27144,8.43822
009065,Varazze,SV,Liguria,17019,44.3593,8.575327
009066,Vendone,SV,Liguria,17032,44.074706,8.07393
009067,Vezzi Portio,SV,Liguria,17028,44.229643,8.365219
009068,Villanova d'Albenga,SV,Liguria,17038,44.046836,8.142846
009069,Zuccarello,SV,Liguria,17039,44.111029,8.115849
010001,Arenzano,GE,Liguria,16011,44.402518,8.683132
010002,Avegno,GE,Liguria,16030,44.391336,9.156316
010003,Bargagli,GE,Liguria,16021,44.447802,9.087661
010004,Bogliasco,GE,Liguria,16031,44.379056,9.067951
010005,Borzonasca,GE,Liguria,16041,44.422248,9.38657
010006,Busalla,GE,Liguria,16012,44.573483,8.9433
010007,Camogli,GE,Liguria,16032,44.349247,9.158863
010008,Campo Ligure,GE,Liguria,16013,44.537644,8.698153
010009,Campomorone,GE,Liguria,16014,44.507337,8.89011
010010,Carasco,GE,Liguria,16042,44.349756,9.34565
010011,Casarza Ligure,GE,Liguria,16030,44.273546,9.449771
010012,Casella,GE,Liguria,16015,44.535586,8.996786
010013,Castiglione Chiavarese,GE,Liguria,16030,44.27409,9.514675
010014,Ceranesi,GE,Liguria,16014,44.51127,8.878941
010015,Chiavari,GE,Liguria,16043,44.316449,9.323338
010016,Cicagna,GE,Liguria,16044,44.409323,9.235533
010017,Cogoleto,GE,Liguria,16016,44.389342,8.64286
010018,Cogorno,GE,Liguria,16030,44.333081,9.372461
010019,Coreglia Ligure,GE,Liguria,16040,44.3829,9.264314
010020,Crocefieschi,GE,Liguria,16010,44.579748,9.023965
010021,Davagna,GE,Liguria,16022,44.466953,9.090958
010022,Fascia,GE,Liguria,16020,44.571968,9.23564
010023,Favale di Malvaro,GE,Liguria,16040,44.452997,9.25956
010024,Fontanigorda,GE,Liguria,16023,44.54605,9.304466
010025,Genova,GE,Liguria,16124,44.40726,8.933862
010026,Gorreto,GE,Liguria,16020,44.604846,9.291264
010027,Isola del Cantone,GE,Liguria,16017,44.645644,8.957558
010028,Lavagna,GE,Liguria,16033,44.312154,9.341706
010029,Leivi,GE,Liguria,16040,44.354465,9.315179
010030,Lorsica,GE,Liguria,16045,44.445276,9.284311
010031,Lumarzo,GE,Liguria,16024,44.452888,9.13262
010032,Masone,GE,Liguria,16010,44.501336,8.716348
010033,Mele,GE,Liguria,16010,44.44755,8.747769
010034,Mezzanego,GE,Liguria,16046,44.392008,9.407722
010035,Mignanego,GE,Liguria,16018,44.54833,8.915657
010036,Moconesi,GE,Liguria,16047,44.4376,9.214708
010037,Moneglia,GE,Liguria,16030,44.2385,9.489977
010038,Montebruno,GE,Liguria,16025,44.525742,9.247567
010039,Montoggio,GE,Liguria,16026,44.515436,9.044274
010040,Ne,GE,Liguria,16040,44.351926,9.440257
010041,Neirone,GE,Liguria,16040,44.454664,9.190511
010042,Orero,GE,Liguria,16040,44.417212,9.289038
010043,Pieve Ligure,GE,Liguria,16030,44.376248,9.086161
010044,Portofino,GE,Liguria,16034,44.303665,9.209345
010045,Propata,GE,Liguria,16027,44.56557,9.18594
010046,Rapallo,GE,Liguria,16035,44.351147,9.229671
010047,Recco,GE,Liguria,16036,44.36524,9.1463
010048,Rezzoaglio,GE,Liguria,16048,44.525997,9.387267
010049,Ronco Scrivia,GE,Liguria,16019,44.613299,8.952368
010050,Rondanina,GE,Liguria,16025,44.563245,9.218071
010051,Rossiglione,GE,Liguria,16010,44.563961,8.668513
010052,Rovegno,GE,Liguria,16028,44.576748,9.279162
010053,San Colombano Certenoli,GE,Liguria,16040,44.399253,9.328805
010054,Santa Margherita Ligure,GE,Liguria,16038,44.333976,9.211127
010055,Sant'Olcese,GE,Liguria,16010,44.490864,8.97054
010056,Santo Stefano d'Aveto,GE,Liguria,16049,44.54733,9.450177
010057,Savignone,GE,Liguria,16010,44.564143,8.989596
010058,Serra Riccò,GE,Liguria,16010,44.518713,8.951623
010059,Sestri Levante,GE,Liguria,16039,44.271453,9.395863
010060,Sori,GE,Liguria,16030,44.373374,9.104447
010061,Tiglieto,GE,Liguria,16010,44.524558,8.619257
010062,Torriglia,GE,Liguria,16029,44.519395,9.158352
010063,Tribogna,GE,Liguria,16030,44.416146,9.195587
010064,Uscio,GE,Liguria,16030,44.413343,9.162563
010065,Valbrevenna,GE,Liguria,16010,44.560577,9.091603
010066,Vobbia,GE,Liguria,16010,44.601245,9.038668
010067,Zoagli,GE,Liguria,16030,44.336762,9.266956
011001,Ameglia,SP,Liguria,19031,44.065929,9.95741
011002,Arcola,SP,Liguria,19021,44.114382,9.905967
011003,Beverino,SP,Liguria,19020,44.205951,9.78573
011004,Bolano,SP,Liguria,19020,44.187649,9.895616
011005,Bonassola,SP,Liguria,19011,44.183546,9.582526
011006,Borghetto di Vara,SP,Liguria,19020,44.223847,9.721518
011007,Brugnato,SP,Liguria,19020,44.237097,9.724035
011008,Calice al Cornoviglio,SP,Liguria,19020,44.243152,9.836671
011009,Carro,SP,Liguria,19012,44.272824,9.607479
011010,Carrodano,SP,Liguria,19020,44.241962,9.655873
011011,Castelnuovo Magra,SP,Liguria,19033,44.099852,10.016942
011012,Deiva Marina,SP,Liguria,19013,44.218231,9.520046
011013,Follo,SP,Liguria,19020,44.172831,9.832864
011014,Framura,SP,Liguria,19014,44.208745,9.554544
011015,La Spezia,SP,Liguria,19124,44.238366,9.691233
011016,Lerici,SP,Liguria,19032,44.073607,9.909914
011017,Levanto,SP,Liguria,19015,44.169906,9.61204
011018,Maissana,SP,Liguria,19010,44.337313,9.536328
011019,Monterosso al Mare,SP,Liguria,19016,44.146522,9.655558
011020,Luni,SP,Liguria,19034,44.077827,10.030189
011021,Pignone,SP,Liguria,19020,44.178185,9.723508
011022,Portovenere,SP,Liguria,19025,44.05066,9.834458
011023,Riccò del Golfo di Spezia,SP,Liguria,19020,44.153719,9.763862
011024,Riomaggiore,SP,Liguria,19017,44.098975,9.73867
011025,Rocchetta di Vara,SP,Liguria,19020,44.251273,9.757284
011026,Santo Stefano di Magra,SP,Liguria,19037,44.165099,9.91733
011027,Sarzana,SP,Liguria,19038,44.111872,9.958746
011028,Sesta Godano,SP,Liguria,19020,44.293966,9.675716
011029,Varese Ligure,SP,Liguria,19028,44.376053,9.592699
011030,Vernazza,SP,Liguria,19018,44.134941,9.682776
011031,Vezzano Ligure,SP,Liguria,19020,44.146775,9.876327
011032,Zignago,SP,Liguria,19020,44.297246,9.749064
033001,Agazzano,PC,Emilia-Romagna,29010,44.94437,9.517685
033002,Alseno,PC,Emilia-Romagna,29010,44.898364,9.961374
033003,Besenzone,PC,Emilia-Romagna,29010,44.986432,9.954909
033004,Bettola,PC,Emilia-Romagna,29021,44.776446,9.60628
033005,Bobbio,PC,Emilia-Romagna,29022,44.769273,9.386281
033006,Borgonovo Val Tidone,PC,Emilia-Romagna,29011,45.014362,9.443461
033007,Cadeo,PC,Emilia-Romagna,29010,44.975365,9.83107
033008,Calendasco,PC,Emilia-Romagna,29010,45.087265,9.596063
033010,Caorso,PC,Emilia-Romagna,29012,45.0496,9.874375
033011,Carpaneto Piacentino,PC,Emilia-Romagna,29013,44.915212,9.788095
033012,Castell'Arquato,PC,Emilia-Romagna,29014,44.85118,9.867118
033013,Castel San Giovanni,PC,Emilia-Romagna,29015,45.059067,9.434178
033014,Castelvetro Piacentino,PC,Emilia-Romagna,29010,45.100335,9.986716
033015,Cerignale,PC,Emilia-Romagna,29020,44.677853,9.350765
033016,Coli,PC,Emilia-Romagna,29020,44.744756,9.414565
033017,Corte Brugnatella,PC,Emilia-Romagna,29020,44.715767,9.360289
033018,Cortemaggiore,PC,Emilia-Romagna,29016,44.996353,9.931072
033019,Farini,PC,Emilia-Romagna,29023,44.712837,9.569286
033020,Ferriere,PC,Emilia-Romagna,29024,44.644144,9.497457
033021,Fiorenzuola d'Arda,PC,Emilia-Romagna,29017,44.928084,9.910722
033022,Gazzola,PC,Emilia-Romagna,29010,44.960062,9.548964
033023,Gossolengo,PC,Emilia-Romagna,29020,44.99996,9.613788
033024,Gragnano Trebbiense,PC,Emilia-Romagna,29010,45.013163,9.568964
033025,Gropparello,PC,Emilia-Romagna,29025,44.832706,9.729894
033026,Lugagnano Val d'Arda,PC,Emilia-Romagna,29018,44.821994,9.828482
033027,Monticelli d'Ongina,PC,Emilia-Romagna,29010,45.089511,9.933165
033028,Morfasso,PC,Emilia-Romagna,29020,44.722749,9.702861
033030,Ottone,PC,Emilia-Romagna,29026,44.623249,9.33266
033032,Piacenza,PC,Emilia-Romagna,29120,44.847635,9.666531
033033,Pianello Val Tidone,PC,Emilia-Romagna,29010,44.94666,9.405161
033034,Piozzano,PC,Emilia-Romagna,29010,44.926261,9.496064
033035,Podenzano,PC,Emilia-Romagna,29027,44.956363,9.684967
033036,Ponte dell'Olio,PC,Emilia-Romagna,29028,44.867361,9.642268
033037,Pontenure,PC,Emilia-Romagna,29010,44.999165,9.788569
033038,Rivergaro,PC,Emilia-Romagna,29029,44.910251,9.596521
033039,Rottofreno,PC,Emilia-Romagna,29010,45.057464,9.547763
033040,San Giorgio Piacentino,PC,Emilia-Romagna,29019,44.954163,9.736869
033041,San Pietro in Cerro,PC,Emilia-Romagna,29010,45.021367,9.949872
033042,Sarmato,PC,Emilia-Romagna,29010,45.059814,9.491398
033043,Travo,PC,Emilia-Romagna,29020,44.86246,9.545366
033044,Vernasca,PC,Emilia-Romagna,29010,44.799438,9.830668
033045,Vigolzone,PC,Emilia-Romagna,29020,44.914662,9.669368
033046,Villanova sull'Arda,PC,Emilia-Romagna,29010,45.026005,9.997061
033047,Zerba,PC,Emilia-Romagna,29020,44.666153,9.287164
033048,Ziano Piacentino,PC,Emilia-Romagna,29010,45.001462,9.40156
033049,Alta Val Tidone,PC,Emilia-Romagna,29010,44.919977,9.347182
034001,Albareto,PR,Emilia-Romagna,43051,44.446551,9.699977
034002,Bardi,PR,Emilia-Romagna,43032,44.632211,9.731203
034003,Bedonia,PR,Emilia-Romagna,43041,44.503631,9.629885
034004,Berceto,PR,Emilia-Romagna,43042,44.510608,9.989655
034005,Bore,PR,Emilia-Romagna,43030,44.718658,9.792074
034006,Borgo Val di Taro,PR,Emilia-Romagna,43043,44.487053,9.765777
034007,Busseto,PR,Emilia-Romagna,43011,44.980567,10.042075
034008,Calestano,PR,Emilia-Romagna,43030,44.6007,10.122994
034009,Collecchio,PR,Emilia-Romagna,43044,44.75202,10.216691
034010,Colorno,PR,Emilia-Romagna,43052,44.926532,10.377117
034011,Compiano,PR,Emilia-Romagna,43053,44.496049,9.662079
034012,Corniglio,PR,Emilia-Romagna,43021,44.4759,10.088926
034013,Felino,PR,Emilia-Romagna,43035,44.696587,10.237205
034014,Fidenza,PR,Emilia-Romagna,43036,44.866522,10.061194
034015,Fontanellato,PR,Emilia-Romagna,43012,44.881666,10.172179
034016,Fontevivo,PR,Emilia-Romagna,43010,44.858765,10.17518
034017,Fornovo di Taro,PR,Emilia-Romagna,43045,44.691962,10.100985
034018,Langhirano,PR,Emilia-Romagna,43013,44.613064,10.266114
034019,Lesignano de' Bagni,PR,Emilia-Romagna,43037,44.643428,10.300484
034020,Medesano,PR,Emilia-Romagna,43014,44.756699,10.140737
034022,Monchio delle Corti,PR,Emilia-Romagna,43010,44.412955,10.12419
034023,Montechiarugolo,PR,Emilia-Romagna,43022,44.693401,10.42248
034024,Neviano degli Arduini,PR,Emilia-Romagna,43024,44.582365,10.315689
034025,Noceto,PR,Emilia-Romagna,43015,44.809901,10.17726
034026,Palanzano,PR,Emilia-Romagna,43025,44.437437,10.194462
034027,Parma,PR,Emilia-Romagna,43121,44.801368,10.328083
034028,Pellegrino Parmense,PR,Emilia-Romagna,43047,44.733168,9.927556
034030,Roccabianca,PR,Emilia-Romagna,43010,45.009369,10.219378
034031,Sala Baganza,PR,Emilia-Romagna,43038,44.71395,10.226334
034032,Salsomaggiore Terme,PR,Emilia-Romagna,43039,44.814762,9.979576
034033,San Secondo Parmense,PR,Emilia-Romagna,43017,44.92016,10.229558
034035,Solignano,PR,Emilia-Romagna,43040,44.613057,9.97548
034036,Soragna,PR,Emilia-Romagna,43019,44.926266,10.124178
034038,Terenzo,PR,Emilia-Romagna,43040,44.609958,10.089682
034039,Tizzano Val Parma,PR,Emilia-Romagna,43028,44.520544,10.199199
034040,Tornolo,PR,Emilia-Romagna,43059,44.485251,9.625274
034041,Torrile,PR,Emilia-Romagna,43056,44.89885,10.339497
034042,Traversetolo,PR,Emilia-Romagna,43029,44.639212,10.381795
034044,Valmozzola,PR,Emilia-Romagna,43050,44.585508,9.869151
034045,Varano de' Melegari,PR,Emilia-Romagna,43040,44.68806,10.011479
034046,Varsi,PR,Emilia-Romagna,43049,44.662157,9.846676
034049,Sissa Trecasali,PR,Emilia-Romagna,43018,44.945594,10.279947
034050,Polesine Zibello,PR,Emilia-Romagna,43010,45.010809,10.098713
034051,Sorbolo Mezzani,PR,Emilia-Romagna,43058,44.900097,10.44216
035001,Albinea,RE,Emilia-Romagna,42020,44.620182,10.601926
035002,Bagnolo in Piano,RE,Emilia-Romagna,42011,44.762967,10.673293
035003,Baiso,RE,Emilia-Romagna,42031,44.496827,10.601678
035004,Bibbiano,RE,Emilia-Romagna,42021,44.66343,10.472719
035005,Boretto,RE,Emilia-Romagna,42022,44.90187,10.554287
035006,Brescello,RE,Emilia-Romagna,42041,44.901224,10.515728
035008,Cadelbosco di Sopra,RE,Emilia-Romagna,42023,44.763319,10.595182
035009,Campagnola Emilia,RE,Emilia-Romagna,42012,44.83927,10.757093
035010,Campegine,RE,Emilia-Romagna,42040,44.781734,10.528419
035011,Carpineti,RE,Emilia-Romagna,42033,44.455961,10.519698
035012,Casalgrande,RE,Emilia-Romagna,42013,44.588009,10.737321
035013,Casina,RE,Emilia-Romagna,42034,44.51026,10.501593
035014,Castellarano,RE,Emilia-Romagna,42014,44.510281,10.72864
035015,Castelnovo di Sotto,RE,Emilia-Romagna,42024,44.810863,10.563295
035016,Castelnovo ne' Monti,RE,Emilia-Romagna,42035,44.435562,10.403295
035017,Cavriago,RE,Emilia-Romagna,42025,44.694194,10.526898
035018,Canossa,RE,Emilia-Romagna,42026,44.55356,10.411914
035020,Correggio,RE,Emilia-Romagna,42015,44.770561,10.779783
035021,Fabbrico,RE,Emilia-Romagna,42042,44.872091,10.810062
035022,Gattatico,RE,Emilia-Romagna,42043,44.795684,10.444557
035023,Gualtieri,RE,Emilia-Romagna,42044,44.905013,10.630226
035024,Guastalla,RE,Emilia-Romagna,42016,44.921152,10.653998
035026,Luzzara,RE,Emilia-Romagna,42045,44.961655,10.687068
035027,Montecchio Emilia,RE,Emilia-Romagna,42027,44.700451,10.446413
035028,Novellara,RE,Emilia-Romagna,42017,44.84297,10.727492
035029,Poviglio,RE,Emilia-Romagna,42028,44.84167,10.541615
035030,Quattro Castella,RE,Emilia-Romagna,42020,44.635605,10.472425
035032,Reggiolo,RE,Emilia-Romagna,42046,44.918534,10.804211
035033,Reggio nell'Emilia,RE,Emilia-Romagna,42121,44.608664,10.594797
035034,Rio Saliceto,RE,Emilia-Romagna,42010,44.81001,10.803099
035035,Rolo,RE,Emilia-Romagna,42047,44.886656,10.858208
035036,Rubiera,RE,Emilia-Romagna,42048,44.653201,10.781081
035037,San Martino in Rio,RE,Emilia-Romagna,42018,44.732802,10.783988
035038,San Polo d'Enza,RE,Emilia-Romagna,42020,44.625862,10.422287
035039,Sant'Ilario d'Enza,RE,Emilia-Romagna,42049,44.760505,10.449892
035040,Scandiano,RE,Emilia-Romagna,42019,44.599345,10.687838
035041,Toano,RE,Emilia-Romagna,42010,44.376357,10.561197
035042,Vetto,RE,Emilia-Romagna,42020,44.484158,10.33749
035043,Vezzano sul Crostolo,RE,Emilia-Romagna,42030,44.602584,10.546853
035044,Viano,RE,Emilia-Romagna,42030,44.543729,10.62162
035045,Villa Minozzo,RE,Emilia-Romagna,42030,44.365056,10.465995
035046,Ventasso,RE,Emilia-Romagna,42032,44.36883,10.26931
036001,Bastiglia,MO,Emilia-Romagna,41030,44.726969,10.9986
036002,Bomporto,MO,Emilia-Romagna,41030,44.72977,11.038401
036003,Campogalliano,MO,Emilia-Romagna,41011,44.690512,10.840734
036004,Camposanto,MO,Emilia-Romagna,41031,44.790101,11.137808
036005,Carpi,MO,Emilia-Romagna,41012,44.78357,10.885452
036006,Castelfranco Emilia,MO,Emilia-Romagna,41013,44.595024,11.052901
036007,Castelnuovo Rangone,MO,Emilia-Romagna,41051,44.551334,10.935016
036008,Castelvetro di Modena,MO,Emilia-Romagna,41014,44.503462,10.9433
036009,Cavezzo,MO,Emilia-Romagna,41032,44.8365,11.029435
036010,Concordia sulla Secchia,MO,Emilia-Romagna,41033,44.913174,10.983297
036011,Fanano,MO,Emilia-Romagna,41021,44.207737,10.793837
036012,Finale Emilia,MO,Emilia-Romagna,41034,44.834574,11.293905
036013,Fiorano Modenese,MO,Emilia-Romagna,41042,44.539143,10.811848
036014,Fiumalbo,MO,Emilia-Romagna,41022,44.179951,10.647733
036015,Formigine,MO,Emilia-Romagna,41043,44.575143,10.847028
036016,Frassinoro,MO,Emilia-Romagna,41044,44.295555,10.570198
036017,Guiglia,MO,Emilia-Romagna,41052,44.424132,10.962119
036018,Lama Mocogno,MO,Emilia-Romagna,41023,44.307263,10.731777
036019,Maranello,MO,Emilia-Romagna,41053,44.525522,10.866361
036020,Marano sul Panaro,MO,Emilia-Romagna,41054,44.455898,10.966384
036021,Medolla,MO,Emilia-Romagna,41036,44.846673,11.0676
036022,Mirandola,MO,Emilia-Romagna,41037,44.887207,11.066106
036023,Modena,MO,Emilia-Romagna,41121,44.538473,10.935961
036024,Montecreto,MO,Emilia-Romagna,41025,44.245955,10.717602
036025,Montefiorino,MO,Emilia-Romagna,41045,44.352857,10.625599
036026,Montese,MO,Emilia-Romagna,41055,44.268506,10.941189
036027,Nonantola,MO,Emilia-Romagna,41015,44.677608,11.043624
036028,Novi di Modena,MO,Emilia-Romagna,41016,44.893439,10.901254
036029,Palagano,MO,Emilia-Romagna,41046,44.320957,10.6461
036030,Pavullo nel Frignano,MO,Emilia-Romagna,41026,44.339694,10.834113
036031,Pievepelago,MO,Emilia-Romagna,41027,44.204754,10.616601
036032,Polinago,MO,Emilia-Romagna,41040,44.344758,10.723501
036033,Prignano sulla Secchia,MO,Emilia-Romagna,41048,44.43836,10.691899
036034,Ravarino,MO,Emilia-Romagna,41017,44.72117,11.098403
036035,Riolunato,MO,Emilia-Romagna,41020,44.229974,10.651565
036036,San Cesario sul Panaro,MO,Emilia-Romagna,41018,44.561136,11.033218
036037,San Felice sul Panaro,MO,Emilia-Romagna,41038,44.839415,11.143165
036038,San Possidonio,MO,Emilia-Romagna,41039,44.892089,10.996136
036039,San Prospero,MO,Emilia-Romagna,41030,44.789671,11.0221
036040,Sassuolo,MO,Emilia-Romagna,41049,44.540977,10.782902
036041,Savignano sul Panaro,MO,Emilia-Romagna,41056,44.480538,11.035109
036042,Serramazzoni,MO,Emilia-Romagna,41028,44.422462,10.789147
036043,Sestola,MO,Emilia-Romagna,41029,44.230455,10.771404
036044,Soliera,MO,Emilia-Romagna,41019,44.738103,10.924393
036045,Spilamberto,MO,Emilia-Romagna,41057,44.533413,11.024083
036046,Vignola,MO,Emilia-Romagna,41058,44.478414,11.009093
036047,Zocca,MO,Emilia-Romagna,41059,44.347264,10.990407
037001,Anzola dell'Emilia,BO,Emilia-Romagna,40011,44.546684,11.193326
037002,Argelato,BO,Emilia-Romagna,40050,44.64157,11.34781
037003,Baricella,BO,Emilia-Romagna,40052,44.646165,11.533295
037005,Bentivoglio,BO,Emilia-Romagna,40010,44.635792,11.417193
037006,Bologna,BO,Emilia-Romagna,40121,44.493758,11.343031
037007,Borgo Tossignano,BO,Emilia-Romagna,40021,44.27569,11.589844
037008,Budrio,BO,Emilia-Romagna,40054,44.537863,11.535498
037009,Calderara di Reno,BO,Emilia-Romagna,40012,44.563052,11.271693
037010,Camugnano,BO,Emilia-Romagna,40032,44.170457,11.088812
037011,Casalecchio di Reno,BO,Emilia-Romagna,40033,44.476018,11.275686
037012,Casalfiumanese,BO,Emilia-Romagna,40020,44.296864,11.624022
037013,Castel d'Aiano,BO,Emilia-Romagna,40034,44.275859,10.999408
037014,Castel del Rio,BO,Emilia-Romagna,40022,44.214292,11.504082
037015,Castel di Casio,BO,Emilia-Romagna,40030,44.162956,11.035811
037016,Castel Guelfo di Bologna,BO,Emilia-Romagna,40023,44.43114,11.67741
037017,Castello d'Argile,BO,Emilia-Romagna,40050,44.681321,11.296169
037019,Castel Maggiore,BO,Emilia-Romagna,40013,44.575685,11.36481
037020,Castel San Pietro Terme,BO,Emilia-Romagna,40024,44.40127,11.585499
037021,Castenaso,BO,Emilia-Romagna,40055,44.50887,11.469811
037022,Castiglione dei Pepoli,BO,Emilia-Romagna,40035,44.142505,11.166508
037024,Crevalcore,BO,Emilia-Romagna,40014,44.72057,11.149804
037025,Dozza,BO,Emilia-Romagna,40060,44.359391,11.628879
037026,Fontanelice,BO,Emilia-Romagna,40025,44.260098,11.559736
037027,Gaggio Montano,BO,Emilia-Romagna,40041,44.196956,10.932908
037028,Galliera,BO,Emilia-Romagna,40015,44.749163,11.426533
037030,Granarolo dell'Emilia,BO,Emilia-Romagna,40057,44.55321,11.443208
037031,Grizzana Morandi,BO,Emilia-Romagna,40030,44.25736,11.15289
037032,Imola,BO,Emilia-Romagna,40026,44.353514,11.714123
037033,Lizzano in Belvedere,BO,Emilia-Romagna,40042,44.161829,10.894044
037034,Loiano,BO,Emilia-Romagna,40050,44.266157,11.325534
037035,Malalbergo,BO,Emilia-Romagna,40051,44.718674,11.532212
037036,Marzabotto,BO,Emilia-Romagna,40043,44.340988,11.204782
037037,Medicina,BO,Emilia-Romagna,40059,44.476674,11.638338
037038,Minerbio,BO,Emilia-Romagna,40061,44.624199,11.490697
037039,Molinella,BO,Emilia-Romagna,40062,44.620853,11.670237
037040,Monghidoro,BO,Emilia-Romagna,40063,44.219859,11.318747
037041,Monterenzio,BO,Emilia-Romagna,40050,44.326882,11.406144
037042,Monte San Pietro,BO,Emilia-Romagna,40050,44.428404,11.15122
037044,Monzuno,BO,Emilia-Romagna,40036,44.279263,11.266408
037045,Mordano,BO,Emilia-Romagna,40027,44.397426,11.810857
037046,Ozzano dell'Emilia,BO,Emilia-Romagna,40064,44.44498,11.47605
037047,Pianoro,BO,Emilia-Romagna,40065,44.392964,11.342314
037048,Pieve di Cento,BO,Emilia-Romagna,40066,44.713209,11.306598
037050,Sala Bolognese,BO,Emilia-Romagna,40010,44.629603,11.272748
037051,San Benedetto Val di Sambro,BO,Emilia-Romagna,40048,44.215259,11.232914
037052,San Giorgio di Piano,BO,Emilia-Romagna,40016,44.646793,11.375449
037053,San Giovanni in Persiceto,BO,Emilia-Romagna,40017,44.638978,11.187131
037054,San Lazzaro di Savena,BO,Emilia-Romagna,40068,44.471567,11.404859
037055,San Pietro in Casale,BO,Emilia-Romagna,40018,44.699052,11.402926
037056,Sant'Agata Bolognese,BO,Emilia-Romagna,40019,44.664169,11.134004
037057,Sasso Marconi,BO,Emilia-Romagna,40037,44.399632,11.247554
037059,Vergato,BO,Emilia-Romagna,40038,44.28266,11.10731
037060,Zola Predosa,BO,Emilia-Romagna,40069,44.489665,11.218309
037061,Valsamoggia,BO,Emilia-Romagna,40053,44.439824,11.059275
037062,Alto Reno Terme,BO,Emilia-Romagna,40046,44.123954,10.937306
038001,Argenta,FE,Emilia-Romagna,44011,44.614338,11.833842
038003,Bondeno,FE,Emilia-Romagna,44012,44.886177,11.410807
038004,Cento,FE,Emilia-Romagna,44042,44.72744,11.290303
038005,Codigoro,FE,Emilia-Romagna,44021,44.831581,12.109524
038006,Comacchio,FE,Emilia-Romagna,44022,44.696379,12.180427
038007,Copparo,FE,Emilia-Romagna,44034,44.894183,11.827889
038008,Ferrara,FE,Emilia-Romagna,44121,44.766764,11.827939
038010,Jolanda di Savoia,FE,Emilia-Romagna,44037,44.882408,11.979349
038011,Lagosanto,FE,Emilia-Romagna,44023,44.76198,12.142825
038012,Masi Torello,FE,Emilia-Romagna,44020,44.794578,11.801817
038014,Mesola,FE,Emilia-Romagna,44026,44.920782,12.229224
038017,Ostellato,FE,Emilia-Romagna,44020,44.745678,11.943521
038018,Poggio Renatico,FE,Emilia-Romagna,44028,44.765974,11.490111
038019,Portomaggiore,FE,Emilia-Romagna,44015,44.699258,11.804078
038022,Vigarano Mainarda,FE,Emilia-Romagna,44049,44.843422,11.494436
038023,Voghiera,FE,Emilia-Romagna,44019,44.759074,11.751132
038025,Goro,FE,Emilia-Romagna,44020,44.850883,12.294927
038027,Fiscaglia,FE,Emilia-Romagna,44027,44.794133,12.029515
038028,Terre del Reno,FE,Emilia-Romagna,44047,44.812155,11.404388
038029,Riva del Po,FE,Emilia-Romagna,44033,44.96047,11.894394
038030,Tresignana,FE,Emilia-Romagna,44039,44.828937,11.878917
039001,Alfonsine,RA,Emilia-Romagna,48011,44.505385,12.04118
039002,Bagnacavallo,RA,Emilia-Romagna,48012,44.416148,11.97655
039003,Bagnara di Romagna,RA,Emilia-Romagna,48010,44.389169,11.826451
039004,Brisighella,RA,Emilia-Romagna,48013,44.22214,11.772226
039005,Casola Valsenio,RA,Emilia-Romagna,48010,44.223187,11.62311
039006,Castel Bolognese,RA,Emilia-Romagna,48014,44.320487,11.799258
039007,Cervia,RA,Emilia-Romagna,48015,44.260984,12.349546
039008,Conselice,RA,Emilia-Romagna,48017,44.512758,11.829174
039009,Cotignola,RA,Emilia-Romagna,48010,44.383843,11.940217
039010,Faenza,RA,Emilia-Romagna,48018,44.285556,11.883205
039011,Fusignano,RA,Emilia-Romagna,48010,44.467503,11.960192
039012,Lugo,RA,Emilia-Romagna,48022,44.418878,11.908231
039013,Massa Lombarda,RA,Emilia-Romagna,48024,44.447386,11.826091
039014,Ravenna,RA,Emilia-Romagna,48121,44.364061,12.059009
039015,Riolo Terme,RA,Emilia-Romagna,48025,44.277084,11.72452
039016,Russi,RA,Emilia-Romagna,48026,44.370054,12.030417
039017,Sant'Agata sul Santerno,RA,Emilia-Romagna,48020,44.44217,11.860124
039018,Solarolo,RA,Emilia-Romagna,48027,44.360368,11.844525
040001,Bagno di Romagna,FC,Emilia-Romagna,47021,43.835227,11.959598
040003,Bertinoro,FC,Emilia-Romagna,47032,44.148665,12.134235
040004,Borghi,FC,Emilia-Romagna,47030,44.031591,12.354389
040005,Castrocaro Terme e Terra del Sole,FC,Emilia-Romagna,47011,44.182365,11.955631
040007,Cesena,FC,Emilia-Romagna,47520,44.136352,12.242244
040008,Cesenatico,FC,Emilia-Romagna,47042,44.199928,12.396969
040009,Civitella di Romagna,FC,Emilia-Romagna,47012,44.007171,11.941346
040011,Dovadola,FC,Emilia-Romagna,47013,44.122574,11.888255
040012,Forlì,FC,Emilia-Romagna,47121,44.222728,12.041273
040013,Forlimpopoli,FC,Emilia-Romagna,47034,44.187305,12.125906
040014,Galeata,FC,Emilia-Romagna,47010,43.996663,11.912006
040015,Gambettola,FC,Emilia-Romagna,47035,44.116946,12.338764
040016,Gatteo,FC,Emilia-Romagna,47043,44.109466,12.386042
040018,Longiano,FC,Emilia-Romagna,47020,44.074378,12.327473
040019,Meldola,FC,Emilia-Romagna,47014,44.126721,12.061153
040020,Mercato Saraceno,FC,Emilia-Romagna,47025,43.956744,12.195766
040022,Modigliana,FC,Emilia-Romagna,47015,44.161163,11.793528
040028,Montiano,FC,Emilia-Romagna,47020,44.082965,12.30444
040031,Portico e San Benedetto,FC,Emilia-Romagna,47010,44.003714,11.720184
040032,Predappio,FC,Emilia-Romagna,47016,44.102215,11.98162
040033,Premilcuore,FC,Emilia-Romagna,47010,43.975908,11.777527
040036,Rocca San Casciano,FC,Emilia-Romagna,47017,44.059096,11.842061
040037,Roncofreddo,FC,Emilia-Romagna,47020,44.04224,12.31826
040041,San Mauro Pascoli,FC,Emilia-Romagna,47030,44.106463,12.414898
040043,Santa Sofia,FC,Emilia-Romagna,47018,43.947267,11.908451
040044,Sarsina,FC,Emilia-Romagna,47027,43.918758,12.143258
040045,Savignano sul Rubicone,FC,Emilia-Romagna,47039,44.092512,12.399131
040046,Sogliano al Rubicone,FC,Emilia-Romagna,47030,44.004663,12.300541
040049,Tredozio,FC,Emilia-Romagna,47019,44.081042,11.744208
040050,Verghereto,FC,Emilia-Romagna,47028,43.792956,12.003938
099001,Bellaria-Igea Marina,RN,Emilia-Romagna,47814,44.142108,12.469694
099002,Cattolica,RN,Emilia-Romagna,47841,43.963993,12.744152
099003,Coriano,RN,Emilia-Romagna,47853,43.965186,12.602374
099004,Gemmano,RN,Emilia-Romagna,47855,43.904162,12.583058
099005,Misano Adriatico,RN,Emilia-Romagna,47843,43.977495,12.698695
099006,Mondaino,RN,Emilia-Romagna,47836,43.855706,12.671392
099008,Montefiore Conca,RN,Emilia-Romagna,47834,43.890236,12.610315
099009,Montegridolfo,RN,Emilia-Romagna,47837,43859,12.688511
099011,Morciano di Romagna,RN,Emilia-Romagna,47833,43.913748,12.646067
099013,Riccione,RN,Emilia-Romagna,47838,43.998274,12.647437
099014,Rimini,RN,Emilia-Romagna,47921,43.947098,12.630769
099015,Saludecio,RN,Emilia-Romagna,47835,43.872685,12.668507
099016,San Clemente,RN,Emilia-Romagna,47832,43.932205,12.625693
099017,San Giovanni in Marignano,RN,Emilia-Romagna,47842,43.938668,12.712494
099018,Santarcangelo di Romagna,RN,Emilia-Romagna,47822,44.063382,12.446702
099020,Verucchio,RN,Emilia-Romagna,47826,43.983611,12.421163
099021,Casteldelci,RN,Emilia-Romagna,47861,43.79115,12.155126
099022,Maiolo,RN,Emilia-Romagna,47862,43.87396,12.311144
099023,Novafeltria,RN,Emilia-Romagna,47863,43.895727,12.290398
099024,Pennabilli,RN,Emilia-Romagna,47864,43.817054,12.265276
099025,San Leo,RN,Emilia-Romagna,47865,43.896961,12.343644
099026,Sant'Agata Feltria,RN,Emilia-Romagna,47866,43.864302,12.207999
099027,Talamello,RN,Emilia-Romagna,47867,43.90499,12.285898
099028,Poggio Torriana,RN,Emilia-Romagna,47824,43.999848,12.39266
099029,Montescudo-Monte Colombo,RN,Emilia-Romagna,47854,43.931376,12.54223
099030,Montecopiolo,RN,Emilia-Romagna,47868,43.891962,12.510183
099031,Sassofeltrio,RN,Emilia-Romagna,47869,,
045001,Aulla,MS,Toscana,54011,44.214548,9.967787
045002,Bagnone,MS,Toscana,54021,44.314739,9.994655
045003,Carrara,MS,Toscana,54033,44.07918,10.102353
045004,Casola in Lunigiana,MS,Toscana,54014,44.199961,10.17546
045005,Comano,MS,Toscana,54015,44.29354,10.131165
045006,Filattiera,MS,Toscana,54023,44.330791,9.934823
045007,Fivizzano,MS,Toscana,54013,44.23835,10.12599
045008,Fosdinovo,MS,Toscana,54035,44.13382,10.018869
045009,Licciana Nardi,MS,Toscana,54016,44.2649,10.038437
045010,Massa,MS,Toscana,54100,44.035932,10.139552
045011,Montignoso,MS,Toscana,54038,44.02405,10.172591
045012,Mulazzo,MS,Toscana,54026,44.315926,9.889626
045013,Podenzana,MS,Toscana,54010,44.206248,9.941986
045014,Pontremoli,MS,Toscana,54027,44.375151,9.878882
045015,Tresana,MS,Toscana,54012,44.254248,9.912885
045016,Villafranca in Lunigiana,MS,Toscana,54028,44.29467,9.949656
045017,Zeri,MS,Toscana,54029,44.353717,9.763228
046001,Altopascio,LU,Toscana,55011,43.815041,10.674396
046002,Bagni di Lucca,LU,Toscana,55022,44.009982,10.590633
046003,Barga,LU,Toscana,55051,44.073918,10.484263
046004,Borgo a Mozzano,LU,Toscana,55023,43.978948,10.545703
046005,Camaiore,LU,Toscana,55041,43.938061,10.303955
046006,Camporgiano,LU,Toscana,55031,44.158056,10.335151
046007,Capannori,LU,Toscana,55012,43.842039,10.573525
046008,Careggine,LU,Toscana,55030,44.119949,10.325396
046009,Castelnuovo di Garfagnana,LU,Toscana,55032,44.110022,10.411786
046010,Castiglione di Garfagnana,LU,Toscana,55033,44.14995,10.410897
046011,Coreglia Antelminelli,LU,Toscana,55025,44.063653,10.525509
046013,Forte dei Marmi,LU,Toscana,55042,43.959589,10.169939
046014,Fosciandora,LU,Toscana,55020,44.116476,10.459489
046015,Gallicano,LU,Toscana,55027,44.060651,10.435668
046017,Lucca,LU,Toscana,55100,44.017764,10.45443
046018,Massarosa,LU,Toscana,55054,43.86765,10.339716
046019,Minucciano,LU,Toscana,55034,44.170449,10.207592
046020,Molazzana,LU,Toscana,55020,44.071749,10.417799
046021,Montecarlo,LU,Toscana,55015,43.851186,10.667621
046022,Pescaglia,LU,Toscana,55064,43.966246,10.4111
046023,Piazza al Serchio,LU,Toscana,55035,44.183484,10.300924
046024,Pietrasanta,LU,Toscana,55045,43.958903,10.233203
046025,Pieve Fosciana,LU,Toscana,55036,44.13227,10.410797
046026,Porcari,LU,Toscana,55016,43.840902,10.617621
046027,San Romano in Garfagnana,LU,Toscana,55038,44.169669,10.347051
046028,Seravezza,LU,Toscana,55047,43.994721,10.225772
046030,Stazzema,LU,Toscana,55040,44.011555,10.313534
046031,Vagli Sotto,LU,Toscana,55030,44.109248,10.288795
046033,Viareggio,LU,Toscana,55049,43.867239,10.250605
046034,Villa Basilica,LU,Toscana,55019,43.927516,10.644575
046035,Villa Collemandina,LU,Toscana,55030,44.158759,10.397742
046036,Fabbriche di Vergemoli,LU,Toscana,55021,44.014836,10.391052
046037,Sillano Giuncugnano,LU,Toscana,55030,44.254506,10.315717
047002,Agliana,PT,Toscana,51031,43.903816,11.003396
047003,Buggiano,PT,Toscana,51011,43.899935,10.726569
047005,Lamporecchio,PT,Toscana,51035,43.81638,10.896283
047006,Larciano,PT,Toscana,51036,43.82504,10.856367
047007,Marliana,PT,Toscana,51010,43.9337,10.769276
047008,Massa e Cozzile,PT,Toscana,51010,43.91741,10.753727
047009,Monsummano Terme,PT,Toscana,51015,43.870744,10.814016
047010,Montale,PT,Toscana,51037,43.93524,11.015879
047011,Montecatini-Terme,PT,Toscana,51016,43.883179,10.770953
047012,Pescia,PT,Toscana,51017,43.90171,10.689781
047013,Pieve a Nievole,PT,Toscana,51018,43.879112,10.796112
047014,Pistoia,PT,Toscana,51100,43.974096,10.868708
047016,Ponte Buggianese,PT,Toscana,51019,43.840935,10.747548
047017,Quarrata,PT,Toscana,51039,43.8475,10.977701
047018,Sambuca Pistoiese,PT,Toscana,51020,44.054873,11.002508
047020,Serravalle Pistoiese,PT,Toscana,51030,43.90585,10.83302
047021,Uzzano,PT,Toscana,51010,43.892628,10.706057
047022,Chiesina Uzzanese,PT,Toscana,51013,43.8391,10.719342
047023,Abetone Cutigliano,PT,Toscana,51024,44.124864,10.711228
047024,San Marcello Piteglio,PT,Toscana,51028,44.067673,10.812002
048001,Bagno a Ripoli,FI,Toscana,50012,43.752172,11.319995
048002,Barberino di Mugello,FI,Toscana,50031,44.000541,11.238381
048004,Borgo San Lorenzo,FI,Toscana,50032,43.954248,11.386468
048005,Calenzano,FI,Toscana,50041,43.865249,11.167368
048006,Campi Bisenzio,FI,Toscana,50013,43.821634,11.136678
048008,Capraia e Limite,FI,Toscana,50050,43.759563,10.9997
048010,Castelfiorentino,FI,Toscana,50051,43.605607,10.971248
048011,Cerreto Guidi,FI,Toscana,50050,43.758922,10.879013
048012,Certaldo,FI,Toscana,50052,43.547853,11.041199
048013,Dicomano,FI,Toscana,50062,43.891962,11.52365
048014,Empoli,FI,Toscana,50053,43.719488,10.945856
048015,Fiesole,FI,Toscana,50014,43.806669,11.293074
048017,Firenze,FI,Toscana,50122,43.769871,11.255576
048018,Firenzuola,FI,Toscana,50033,44.119079,11.379227
048019,Fucecchio,FI,Toscana,50054,43.729202,10.808205
048020,Gambassi Terme,FI,Toscana,50050,43.539113,10.954075
048021,Greve in Chianti,FI,Toscana,50022,43.58246,11.316873
048022,Impruneta,FI,Toscana,50023,43.685345,11.254664
048024,Lastra a Signa,FI,Toscana,50055,43.770985,11.107215
048025,Londa,FI,Toscana,50060,43.860567,11.566812
048026,Marradi,FI,Toscana,50034,44.075738,11.612896
048027,Montaione,FI,Toscana,50050,43.552937,10.912773
048028,Montelupo Fiorentino,FI,Toscana,50056,43.733153,11.020877
048030,Montespertoli,FI,Toscana,50025,43.64355,11.075141
048031,Palazzuolo sul Senio,FI,Toscana,50035,44.112297,11.54774
048032,Pelago,FI,Toscana,50060,43.771824,11.50463
048033,Pontassieve,FI,Toscana,50065,43.775426,11.439991
048035,Reggello,FI,Toscana,50066,43.683088,11.536896
048036,Rignano sull'Arno,FI,Toscana,50067,43.72105,11.451427
048037,Rufina,FI,Toscana,50068,43.826668,11.490078
048038,San Casciano in Val di Pesa,FI,Toscana,50026,43.65696,11.185668
048039,San Godenzo,FI,Toscana,50060,43.925556,11.618428
048041,Scandicci,FI,Toscana,50018,43.75671,11.184762
048043,Sesto Fiorentino,FI,Toscana,50019,43.831721,11.199224
048044,Signa,FI,Toscana,50058,43.780693,11.096453
048046,Vaglia,FI,Toscana,50036,43.907149,11.281814
048049,Vicchio,FI,Toscana,50039,43.933235,11.46529
048050,Vinci,FI,Toscana,50059,43.787397,10.927106
048052,Figline e Incisa Valdarno,FI,Toscana,50063,43.630795,11.462946
048053,Scarperia e San Piero,FI,Toscana,50038,44.010965,11.33135
048054,Barberino Tavarnelle,FI,Toscana,50028,43.545562,11.204681
049001,Bibbona,LI,Toscana,57020,43.269784,10.59727
049002,Campiglia Marittima,LI,Toscana,57021,43.060628,10.615496
049003,Campo nell'Elba,LI,Toscana,57034,42.758772,10.19897
049004,Capoliveri,LI,Toscana,57031,42.743452,10.37878
049005,Capraia Isola,LI,Toscana,57032,43.04818,9.843401
049006,Castagneto Carducci,LI,Toscana,57022,43.160742,10.611006
049007,Cecina,LI,Toscana,57023,43.311345,10.517344
049008,Collesalvetti,LI,Toscana,57014,43.588912,10.476264
049009,Livorno,LI,Toscana,57123,42.790219,10.340281
049010,Marciana,LI,Toscana,57030,42.789422,10.168535
049011,Marciana Marina,LI,Toscana,57033,42.803608,10.196768
049012,Piombino,LI,Toscana,57025,42.923166,10.526819
049013,Porto Azzurro,LI,Toscana,57036,42.766298,10.395753
049014,Portoferraio,LI,Toscana,57037,42.811582,10.313053
049017,Rosignano Marittimo,LI,Toscana,57016,43.406786,10.473366
049018,San Vincenzo,LI,Toscana,57027,43.100695,10.538791
049019,Sassetta,LI,Toscana,57020,43.128991,10.643908
049020,Suvereto,LI,Toscana,57028,43.079015,10.678681
049021,Rio,LI,Toscana,57038,42.832548,10.411777
050001,Bientina,PI,Toscana,56031,43.710184,10.620321
050002,Buti,PI,Toscana,56032,43.727302,10.587717
050003,Calci,PI,Toscana,56011,43.725799,10.515281
050004,Calcinaia,PI,Toscana,56012,43.683201,10.615308
050005,Capannoli,PI,Toscana,56033,43.586731,10.674457
050006,Casale Marittimo,PI,Toscana,56040,43.297061,10.615308
050008,Cascina,PI,Toscana,56021,43.676674,10.549224
050009,Castelfranco di Sotto,PI,Toscana,56022,43.699715,10.745178
050010,Castellina Marittima,PI,Toscana,56040,43.412569,10.576177
050011,Castelnuovo di Val di Cecina,PI,Toscana,56041,43.207998,10.906051
050012,Chianni,PI,Toscana,56034,43.48612,10.642362
050014,Fauglia,PI,Toscana,56043,43.570638,10.514409
050015,Guardistallo,PI,Toscana,56040,43.312708,10.63284
050016,Lajatico,PI,Toscana,56030,43.475418,10.728284
050019,Montecatini Val di Cecina,PI,Toscana,56040,43.392816,10.749093
050020,Montescudaio,PI,Toscana,56040,43.326278,10.626995
050021,Monteverdi Marittimo,PI,Toscana,56040,43.177439,10.714408
050022,Montopoli in Val d'Arno,PI,Toscana,56020,43.670299,10.760832
050023,Orciano Pisano,PI,Toscana,56040,43.494436,10.51151
050024,Palaia,PI,Toscana,56036,43.605041,10.772014
050025,Peccioli,PI,Toscana,56037,43.548027,10.720848
050026,Pisa,PI,Toscana,56120,43.71594,10.401862
050027,Pomarance,PI,Toscana,56045,43.299237,10.872401
050028,Ponsacco,PI,Toscana,56038,43.620713,10.630829
050029,Pontedera,PI,Toscana,56025,43.663454,10.635485
050030,Riparbella,PI,Toscana,56046,43.364625,10.599529
050031,San Giuliano Terme,PI,Toscana,56017,43.762996,10.44104
050032,San Miniato,PI,Toscana,56028,43.67975,10.850095
050033,Santa Croce sull'Arno,PI,Toscana,56029,43.710108,10.781941
050034,Santa Luce,PI,Toscana,56040,43.472336,10.563512
050035,Santa Maria a Monte,PI,Toscana,56020,43.698064,10.692998
050036,Terricciola,PI,Toscana,56030,43.524738,10.680114
050037,Vecchiano,PI,Toscana,56019,43.783342,10.384403
050038,Vicopisano,PI,Toscana,56010,43.699832,10.584695
050039,Volterra,PI,Toscana,56048,43.400337,10.860019
050040,Casciana Terme Lari,PI,Toscana,56035,43.552159,10.594206
050041,Crespina Lorenzana,PI,Toscana,56042,43.587912,10.554653
051001,Anghiari,AR,Toscana,52031,43.540966,12.054582
051002,Arezzo,AR,Toscana,52100,43.517202,11.763879
051003,Badia Tedalda,AR,Toscana,52032,43.709208,12.184876
051004,Bibbiena,AR,Toscana,52011,43.695548,11.817341
051005,Bucine,AR,Toscana,52021,43.479199,11.616975
051006,Capolona,AR,Toscana,52010,43.563998,11.858786
051007,Caprese Michelangelo,AR,Toscana,52033,43.639852,11.98484
051008,Castel Focognano,AR,Toscana,52016,43.654028,11.788439
051010,Castel San Niccolò,AR,Toscana,52018,43.722917,11.656598
051011,Castiglion Fibocchi,AR,Toscana,52029,43.527965,11.763176
051012,Castiglion Fiorentino,AR,Toscana,52043,43.341715,11.92378
051013,Cavriglia,AR,Toscana,52022,43.521874,11.488972
051014,Chitignano,AR,Toscana,52010,43.662352,11.881338
051015,Chiusi della Verna,AR,Toscana,52010,43.695024,11.938632
051016,Civitella in Val di Chiana,AR,Toscana,52041,43.402527,11.735586
051017,Cortona,AR,Toscana,52044,43.275298,11.985062
051018,Foiano della Chiana,AR,Toscana,52045,43.252454,11.81876
051020,Loro Ciuffenna,AR,Toscana,52024,43.592286,11.633007
051021,Lucignano,AR,Toscana,52046,43.274463,11746
051022,Marciano della Chiana,AR,Toscana,52047,43.305227,11.786366
051023,Montemignaio,AR,Toscana,52010,43.739895,11.620012
051024,Monterchi,AR,Toscana,52035,43.485631,12.111681
051025,Monte San Savino,AR,Toscana,52048,43.331423,11.725351
051026,Montevarchi,AR,Toscana,52025,43.5235,11.567591
051027,Ortignano Raggiolo,AR,Toscana,52010,43.672777,11.715607
051030,Pieve Santo Stefano,AR,Toscana,52036,43.669357,12.041589
051031,Poppi,AR,Toscana,52014,43.72276,11.76607
051033,San Giovanni Valdarno,AR,Toscana,52027,43.56493,11.530595
051034,Sansepolcro,AR,Toscana,52037,43.570078,12.140377
051035,Sestino,AR,Toscana,52038,43.70835,12.296534
051037,Subbiano,AR,Toscana,52010,43.574848,11.870369
051038,Talla,AR,Toscana,52010,43.601541,11.78802
051039,Terranuova Bracciolini,AR,Toscana,52028,43.551208,11.585827
051040,Castelfranco Piandiscò,AR,Toscana,52026,43.639512,11.564623
051041,Pratovecchio Stia,AR,Toscana,52015,43.822039,11.699291
051042,Laterina Pergine Valdarno,AR,Toscana,52020,43.492534,11.68808
052001,Abbadia San Salvatore,SI,Toscana,53021,42.880972,11.67242
052002,Asciano,SI,Toscana,53041,43.234857,11.55946
052003,Buonconvento,SI,Toscana,53022,43.137583,11.48132
052004,Casole d'Elsa,SI,Toscana,53031,43.341697,11.042949
052005,Castellina in Chianti,SI,Toscana,53011,43.469179,11.287286
052006,Castelnuovo Berardenga,SI,Toscana,53019,43.346341,11.503334
052007,Castiglione d'Orcia,SI,Toscana,53023,43.007117,11.615541
052008,Cetona,SI,Toscana,53040,42.964739,11.900411
052009,Chianciano Terme,SI,Toscana,53042,43.058255,11.828429
052010,Chiusdino,SI,Toscana,53012,43.154634,11.084228
052011,Chiusi,SI,Toscana,53043,43.016047,11.947524
052012,Colle di Val d'Elsa,SI,Toscana,53034,43.422646,11.126394
052013,Gaiole in Chianti,SI,Toscana,53013,43.468295,11.4342
052015,Montepulciano,SI,Toscana,53045,43.092723,11.780972
052016,Monteriggioni,SI,Toscana,53035,43.390059,11.223389
052017,Monteroni d'Arbia,SI,Toscana,53014,43.229334,11.420933
052018,Monticiano,SI,Toscana,53015,43.13967,11.180126
052019,Murlo,SI,Toscana,53016,43.160765,11.387924
052020,Piancastagnaio,SI,Toscana,53025,42.848967,11.692881
052021,Pienza,SI,Toscana,53026,43.076546,11.678908
052022,Poggibonsi,SI,Toscana,53036,43.465028,11.148337
052023,Radda in Chianti,SI,Toscana,53017,43.487052,11.3747
052024,Radicofani,SI,Toscana,53040,42.896507,11.769706
052025,Radicondoli,SI,Toscana,53030,43.26125,11.042082
052026,Rapolano Terme,SI,Toscana,53040,43.287251,11.602927
052027,San Casciano dei Bagni,SI,Toscana,53040,42.871756,11.874953
052028,San Gimignano,SI,Toscana,53037,43.467799,11.043212
052030,San Quirico d'Orcia,SI,Toscana,53027,43.059335,11.604409
052031,Sarteano,SI,Toscana,53047,42.989911,11.868732
052032,Siena,SI,Toscana,53100,43.167225,11.467181
052033,Sinalunga,SI,Toscana,53048,43.212124,11.736483
052034,Sovicille,SI,Toscana,53018,43.280602,11.228176
052035,Torrita di Siena,SI,Toscana,53049,43.16676,11.771647
052036,Trequanda,SI,Toscana,53020,43.188939,11.667385
052037,Montalcino,SI,Toscana,53024,43.0583,11.490066
053001,Arcidosso,GR,Toscana,58031,42.871631,11.538343
053002,Campagnatico,GR,Toscana,58042,42.883729,11.273537
053003,Capalbio,GR,Toscana,58011,42.454879,11.419515
053004,Castel del Piano,GR,Toscana,58033,42.893235,11.53838
053005,Castell'Azzara,GR,Toscana,58034,42.77163,11.699248
053006,Castiglione della Pescaia,GR,Toscana,58043,42.76393,10.879092
053007,Cinigiano,GR,Toscana,58044,42.890407,11.392892
053008,Civitella Paganico,GR,Toscana,58045,43.024126,11.28931
053009,Follonica,GR,Toscana,58022,42.926326,10.761625
053010,Gavorrano,GR,Toscana,58023,42.925374,10.905803
053011,Grosseto,GR,Toscana,58100,42.77511,11.287804
053012,Isola del Giglio,GR,Toscana,58012,42.353169,10.896463
053013,Magliano in Toscana,GR,Toscana,58051,42.599442,11.291739
053014,Manciano,GR,Toscana,58014,42.587336,11.515988
053015,Massa Marittima,GR,Toscana,58024,43.050103,10.888059
053016,Monte Argentario,GR,Toscana,58019,42.407352,11.150384
053017,Montieri,GR,Toscana,58026,43.130677,11.016279
053018,Orbetello,GR,Toscana,58015,42.438094,11.210743
053019,Pitigliano,GR,Toscana,58017,42.634827,11.673549
053020,Roccalbegna,GR,Toscana,58053,42.785975,11.507682
053021,Roccastrada,GR,Toscana,58036,43.009931,11.166532
053022,Santa Fiora,GR,Toscana,58037,42.831581,11.585866
053023,Scansano,GR,Toscana,58054,42.688369,11.335453
053024,Scarlino,GR,Toscana,58020,42.907402,10.851975
053025,Seggiano,GR,Toscana,58038,42.928832,11.558242
053026,Sorano,GR,Toscana,58010,42.681466,11.713572
053027,Monterotondo Marittimo,GR,Toscana,58025,43.145553,10.855834
053028,Semproniano,GR,Toscana,58055,42.730658,11.540346
100001,Cantagallo,PO,Toscana,59025,44.022193,11.079774
100002,Carmignano,PO,Toscana,59015,43.814065,11.01903
100003,Montemurlo,PO,Toscana,59013,43.926966,11.03744
100004,Poggio a Caiano,PO,Toscana,59016,43.816089,11.05465
100005,Prato,PO,Toscana,59100,43.935718,11.094147
100006,Vaiano,PO,Toscana,59021,43.969012,11.124072
100007,Vernio,PO,Toscana,59024,44.044051,11.14988
054001,Assisi,PG,Umbria,06081,43.071195,12.614667
054002,Bastia Umbra,PG,Umbria,06083,43.067755,12.549582
054003,Bettona,PG,Umbria,06084,43.013614,12.484756
054004,Bevagna,PG,Umbria,06031,42.934075,12.609121
054005,Campello sul Clitunno,PG,Umbria,06042,42.822868,12.776263
054006,Cannara,PG,Umbria,06033,42.994742,12.579363
054007,Cascia,PG,Umbria,06043,42.717008,13.013502
054008,Castel Ritaldi,PG,Umbria,06044,42.82326,12.672287
054009,Castiglione del Lago,PG,Umbria,06061,43.127141,12.04525
054010,Cerreto di Spoleto,PG,Umbria,06041,42.821042,12.917629
054011,Citerna,PG,Umbria,06010,43.498407,12.115516
054012,Città della Pieve,PG,Umbria,06062,42.952734,12.004326
054013,Città di Castello,PG,Umbria,06012,43.457421,12.240312
054014,Collazzone,PG,Umbria,06050,42.900468,12.435186
054015,Corciano,PG,Umbria,06073,43.129027,12.287718
054016,Costacciaro,PG,Umbria,06021,43.360409,12.712378
054017,Deruta,PG,Umbria,06053,42.98229,12.419588
054018,Foligno,PG,Umbria,06034,42.956183,12.703334
054019,Fossato di Vico,PG,Umbria,06022,43.297628,12.75988
054020,Fratta Todina,PG,Umbria,06054,42.857978,12.364672
054021,Giano dell'Umbria,PG,Umbria,06030,42.833467,12.577711
054022,Gualdo Cattaneo,PG,Umbria,06035,42.909409,12.555816
054023,Gualdo Tadino,PG,Umbria,06023,43.231652,12.780962
054024,Gubbio,PG,Umbria,06024,43.351788,12.577267
054025,Lisciano Niccone,PG,Umbria,06060,43.246844,12.14305
054026,Magione,PG,Umbria,06063,43.142737,12.203496
054027,Marsciano,PG,Umbria,06055,42.910028,12.337042
054028,Massa Martana,PG,Umbria,06056,42.773137,12.524966
054029,Monte Castello di Vibio,PG,Umbria,06057,42.840694,12.352286
054030,Montefalco,PG,Umbria,06036,42.891874,12.650067
054031,Monteleone di Spoleto,PG,Umbria,06045,42.651006,12.95156
054032,Monte Santa Maria Tiberina,PG,Umbria,06010,43.437781,12.162544
054033,Montone,PG,Umbria,06014,43.362337,12.326328
054034,Nocera Umbra,PG,Umbria,06025,43.113619,12.788608
054035,Norcia,PG,Umbria,06046,42.792412,13.092928
054036,Paciano,PG,Umbria,06060,43.022434,12.070523
054037,Panicale,PG,Umbria,06064,43.029059,12.098364
054038,Passignano sul Trasimeno,PG,Umbria,06065,43.184742,12.136838
054039,Perugia,PG,Umbria,06121,43.107032,12.402996
054040,Piegaro,PG,Umbria,06066,42.969772,12.086347
054041,Pietralunga,PG,Umbria,06026,43.442205,12.437194
054042,Poggiodomo,PG,Umbria,06040,42.711239,12.933876
054043,Preci,PG,Umbria,06047,42.878489,13.039082
054044,San Giustino,PG,Umbria,06016,43.54898,12.17583
054045,Sant'Anatolia di Narco,PG,Umbria,06040,42.733758,12.835586
054046,Scheggia e Pascelupo,PG,Umbria,06027,43.418266,12.712678
054047,Scheggino,PG,Umbria,06040,42.712556,12.831366
054048,Sellano,PG,Umbria,06030,42.888409,12.926329
054049,Sigillo,PG,Umbria,06028,43.33135,12.742284
054050,Spello,PG,Umbria,06038,42.990945,12.671775
054051,Spoleto,PG,Umbria,06049,42.735512,12.736336
054052,Todi,PG,Umbria,06059,42.782443,12.406255
054053,Torgiano,PG,Umbria,06089,43.028542,12.44136
054054,Trevi,PG,Umbria,06039,42.877497,12.747455
054055,Tuoro sul Trasimeno,PG,Umbria,06069,43.206848,12.074615
054056,Umbertide,PG,Umbria,06019,43.305636,12.336622
054057,Valfabbrica,PG,Umbria,06029,43.158897,12.600896
054058,Vallo di Nera,PG,Umbria,06040,42.754621,12.86376
054059,Valtopina,PG,Umbria,06030,43.058283,12.754656
055001,Acquasparta,TR,Umbria,05021,42.691172,12.546451
055002,Allerona,TR,Umbria,05011,42.812033,11.973053
055003,Alviano,TR,Umbria,05020,42.588208,12.295936
055004,Amelia,TR,Umbria,05022,42.553528,12.416776
055005,Arrone,TR,Umbria,05031,42.583433,12.769865
055006,Attigliano,TR,Umbria,05012,42.514334,12.292508
055007,Baschi,TR,Umbria,05023,42.670284,12.216135
055008,Calvi dell'Umbria,TR,Umbria,05032,42.403124,12.567432
055009,Castel Giorgio,TR,Umbria,05013,42.707894,11.979391
055010,Castel Viscardo,TR,Umbria,05014,42.754674,12.001303
055011,Fabro,TR,Umbria,05015,42.86348,12.012882
055012,Ferentillo,TR,Umbria,05034,42.620768,12.788726
055013,Ficulle,TR,Umbria,05016,42.836274,12.065609
055014,Giove,TR,Umbria,05024,43.081478,12.775591
055015,Guardea,TR,Umbria,05025,42.623382,12.297664
055016,Lugnano in Teverina,TR,Umbria,05020,42.574226,12.330785
055017,Montecastrilli,TR,Umbria,05026,42.652434,12.488567
055018,Montecchio,TR,Umbria,05020,42.663533,12.286862
055019,Montefranco,TR,Umbria,05030,42.597735,12.76526
055020,Montegabbione,TR,Umbria,05010,42.921006,12.092364
055021,Monteleone d'Orvieto,TR,Umbria,05017,42.918494,12.051145
055022,Narni,TR,Umbria,05035,42.519589,12.515226
055023,Orvieto,TR,Umbria,05018,42.718615,12.108791
055024,Otricoli,TR,Umbria,05030,42.423023,12.477686
055025,Parrano,TR,Umbria,05010,42.863933,12.106128
055026,Penna in Teverina,TR,Umbria,05028,42.492952,12.355648
055027,Polino,TR,Umbria,05030,42.584824,12.842802
055028,Porano,TR,Umbria,05010,42.68171,12.102062
055029,San Gemini,TR,Umbria,05029,42.612701,12.546505
055030,San Venanzo,TR,Umbria,05010,42.869337,12.269859
055031,Stroncone,TR,Umbria,05039,42.502332,12.659973
055032,Terni,TR,Umbria,05100,42.653752,12.439812
055033,Avigliano Umbro,TR,Umbria,05020,42.654834,12.426165
041001,Acqualagna,PU,Marche,61041,43.625884,12.675974
041002,Apecchio,PU,Marche,61042,43.558554,12.420951
041005,Belforte all'Isauro,PU,Marche,61026,43.716553,12.376048
041006,Borgo Pace,PU,Marche,61040,43.657084,12.293588
041007,Cagli,PU,Marche,61043,43.545737,12.651788
041008,Cantiano,PU,Marche,61044,43.474309,12.628815
041009,Carpegna,PU,Marche,61021,43.781434,12.336446
041010,Cartoceto,PU,Marche,61030,43.765663,12.883458
041013,Fano,PU,Marche,61032,43.842417,13.014663
041014,Fermignano,PU,Marche,61033,43.676758,12.645373
041015,Fossombrone,PU,Marche,61034,43.690797,12.812612
041016,Fratte Rosa,PU,Marche,61040,43.631954,12.901843
041017,Frontino,PU,Marche,61021,43.764558,12.376747
041018,Frontone,PU,Marche,61040,43.513723,12.734482
041019,Gabicce Mare,PU,Marche,61011,43.966874,12.75631
041020,Gradara,PU,Marche,61012,43.938866,12.771253
041021,Isola del Piano,PU,Marche,61030,43.737761,12.784057
041022,Lunano,PU,Marche,61026,43.730475,12.441417
041023,Macerata Feltria,PU,Marche,61023,43.803364,12.443415
041025,Mercatello sul Metauro,PU,Marche,61040,43.647355,12.336648
041026,Mercatino Conca,PU,Marche,61013,43.870162,12.491148
041027,Mombaroccio,PU,Marche,61024,43.795063,12.854757
041028,Mondavio,PU,Marche,61040,43.674205,12.968771
041029,Mondolfo,PU,Marche,61037,43.750769,13.096891
041030,Montecalvo in Foglia,PU,Marche,61020,43.811562,12.631052
041031,Monte Cerignone,PU,Marche,61010,43.84046,12.414747
041034,Montefelcino,PU,Marche,61030,43.734761,12.833958
041035,Monte Grimano Terme,PU,Marche,61010,43.867661,12.471247
041036,Montelabbate,PU,Marche,61025,43.848864,12.787955
041038,Monte Porzio,PU,Marche,61040,43.689697,13.04569
041041,Peglio,PU,Marche,22010,43.696458,12.497851
041043,Pergola,PU,Marche,61045,43.56321,12.836317
041044,Pesaro,PU,Marche,61024,43.909811,12.913123
041045,Petriano,PU,Marche,61020,43.779162,12.733355
041047,Piandimeleto,PU,Marche,61026,43.724158,12.411048
041048,Pietrarubbia,PU,Marche,61023,43.797747,12.382665
041049,Piobbico,PU,Marche,61046,43.589272,12.50943
041051,San Costanzo,PU,Marche,61039,43.766164,13.072763
041054,San Lorenzo in Campo,PU,Marche,61047,43.604117,12.945724
041057,Sant'Angelo in Vado,PU,Marche,61048,43.663161,12.405361
041058,Sant'Ippolito,PU,Marche,61040,43.685715,12.871689
041061,Serra Sant'Abbondio,PU,Marche,61040,43.491387,12.772197
041064,Tavoleto,PU,Marche,61020,43.84385,12.593924
041065,Tavullia,PU,Marche,61010,43.897756,12.75479
041066,Urbania,PU,Marche,61049,43.668257,12.524113
041067,Urbino,PU,Marche,61029,43.726261,12.636314
041068,Vallefoglia,PU,Marche,61022,43.828405,12.7247
041069,Colli al Metauro,PU,Marche,61030,43.742315,12.908919
041070,Terre Roveresche,PU,Marche,61038,43.700587,12.957708
041071,Sassocorvaro Auditore,PU,Marche,61028,43.810262,12.540175
042001,Agugliano,AN,Marche,60020,43.543375,13.386587
042002,Ancona,AN,Marche,60100,43.48012,13.218791
042003,Arcevia,AN,Marche,60011,43.49945,12.940096
042004,Barbara,AN,Marche,60010,43.581154,13.026481
042005,Belvedere Ostrense,AN,Marche,60030,43.580495,13.166127
042006,Camerano,AN,Marche,60021,43.531268,13.551574
042007,Camerata Picena,AN,Marche,60020,43.578135,13.352735
042008,Castelbellino,AN,Marche,60030,43.486758,13.144668
042010,Castelfidardo,AN,Marche,60022,43.464574,13.5467
042011,Castelleone di Suasa,AN,Marche,60010,43.607765,12.976126
042012,Castelplanio,AN,Marche,60031,43.493058,13.081867
042013,Cerreto d'Esi,AN,Marche,60043,43.316789,12.987124
042014,Chiaravalle,AN,Marche,60033,43.602662,13.324571
042015,Corinaldo,AN,Marche,60013,43.648816,13.047659
042016,Cupramontana,AN,Marche,60034,43.445554,13.1156
042017,Fabriano,AN,Marche,60044,43.335841,12.904619
042018,Falconara Marittima,AN,Marche,60015,43.629397,13.396676
042019,Filottrano,AN,Marche,60024,43.436659,13.354474
042020,Genga,AN,Marche,60040,43.429655,12.934965
042021,Jesi,AN,Marche,60035,43.52198,13.244376
042022,Loreto,AN,Marche,60025,43.439498,13.607021
042023,Maiolati Spontini,AN,Marche,60030,43.477658,13.121768
042024,Mergo,AN,Marche,60030,43.472357,13.036766
042025,Monsano,AN,Marche,60030,43.562561,13.25007
042026,Montecarotto,AN,Marche,60036,43.526311,13.06301
042027,Montemarciano,AN,Marche,60018,43.638863,13.30747
042029,Monte Roberto,AN,Marche,60030,43.48135,13.138378
042030,Monte San Vito,AN,Marche,60037,43.600562,13.26817
042031,Morro d'Alba,AN,Marche,60030,43.601097,13.213846
042032,Numana,AN,Marche,60026,43.510344,13.622637
042033,Offagna,AN,Marche,60020,43.527682,13.441472
042034,Osimo,AN,Marche,60027,43.486136,13.482407
042035,Ostra,AN,Marche,60010,43.612527,13.158061
042036,Ostra Vetere,AN,Marche,60010,43.603749,13.058186
042037,Poggio San Marcello,AN,Marche,60030,43.511158,13.073667
042038,Polverigi,AN,Marche,60020,43.525561,13.392073
042040,Rosora,AN,Marche,60030,43.483258,13.068867
042041,San Marcello,AN,Marche,60030,43.576061,13.206068
042042,San Paolo di Jesi,AN,Marche,60038,43.454558,13.17277
042043,Santa Maria Nuova,AN,Marche,60030,43.49406,13.311672
042044,Sassoferrato,AN,Marche,60041,43.432655,12.857263
042045,Senigallia,AN,Marche,60019,43.714906,13.217742
042046,Serra de' Conti,AN,Marche,60030,43.54331,13.037191
042047,Serra San Quirico,AN,Marche,60048,43.447683,13.01386
042048,Sirolo,AN,Marche,60020,43.524689,13.617846
042049,Staffolo,AN,Marche,60039,43.433074,13.1862
042050,Trecastelli,AN,Marche,60012,43.686813,13.109822
043002,Apiro,MC,Marche,62021,43.392256,13.131157
043003,Appignano,MC,Marche,62010,43.363732,13.346596
043004,Belforte del Chienti,MC,Marche,62020,43.162552,13.245376
043005,Bolognola,MC,Marche,62035,42.994056,13.227769
043006,Caldarola,MC,Marche,62020,43.138534,13.224835
043007,Camerino,MC,Marche,62032,43.135764,13.068309
043008,Camporotondo di Fiastrone,MC,Marche,62020,43.132451,13.265977
043009,Castelraimondo,MC,Marche,62022,43.208151,13.053671
043010,Castelsantangelo sul Nera,MC,Marche,62039,42.894492,13.15393
043011,Cessapalombo,MC,Marche,62020,43.108789,13.258026
043012,Cingoli,MC,Marche,62011,43.373841,13.216313
043013,Civitanova Marche,MC,Marche,62012,43.305523,13.72293
043014,Colmurano,MC,Marche,62020,43.16385,13.356982
043015,Corridonia,MC,Marche,62014,43.248458,13.509212
043016,Esanatoglia,MC,Marche,62024,43.252208,12.947827
043017,Fiastra,MC,Marche,62035,43.036141,13.155455
043019,Fiuminata,MC,Marche,62025,43.18745,12.932168
043020,Gagliole,MC,Marche,62022,43.238301,13.067304
043021,Gualdo,MC,Marche,62020,43.066828,13.341016
043022,Loro Piceno,MC,Marche,62020,43.16612,13.416403
043023,Macerata,MC,Marche,62100,43.152978,13.150882
043024,Matelica,MC,Marche,62024,43.25656,13.010514
043025,Mogliano,MC,Marche,62010,43.186461,13.48097
043026,Montecassiano,MC,Marche,62010,43.363832,13.435709
043027,Monte Cavallo,MC,Marche,62036,42.955117,12.973869
043028,Montecosaro,MC,Marche,62010,43.317009,13.635306
043029,Montefano,MC,Marche,62010,43.411159,13.438376
043030,Montelupone,MC,Marche,62010,43.34419,13.567594
043031,Monte San Giusto,MC,Marche,62015,43.236431,13.595124
043032,Monte San Martino,MC,Marche,62020,43.03195,13.438682
043033,Morrovalle,MC,Marche,62010,43.314553,13.579508
043034,Muccia,MC,Marche,62034,43.081701,13.042968
043035,Penna San Giovanni,MC,Marche,62020,43.056915,13.425452
043036,Petriolo,MC,Marche,62014,43.221693,13.465335
043038,Pieve Torina,MC,Marche,62036,43.043287,13.048911
043039,Pioraco,MC,Marche,62025,43.17905,12.98567
043040,Poggio San Vicino,MC,Marche,62021,43.375155,13.079069
043041,Pollenza,MC,Marche,62010,43.267775,13.347792
043042,Porto Recanati,MC,Marche,62017,43.435082,13.663008
043043,Potenza Picena,MC,Marche,62018,43.366409,13.620695
043044,Recanati,MC,Marche,62019,43.403508,13.548602
043045,Ripe San Ginesio,MC,Marche,62020,43.142983,13.367329
043046,San Ginesio,MC,Marche,62026,43.53009,12.961252
043047,San Severino Marche,MC,Marche,62027,43.229021,13.177966
043048,Sant'Angelo in Pontano,MC,Marche,62020,43.098644,13.396756
043049,Sarnano,MC,Marche,62028,43.03538,13.29831
043050,Sefro,MC,Marche,62025,43.147246,12.94863
043051,Serrapetrona,MC,Marche,62020,43.17743,13.189752
043052,Serravalle di Chienti,MC,Marche,62038,43.071675,12.952386
043053,Tolentino,MC,Marche,62029,43.208755,13.28441
043054,Treia,MC,Marche,62010,43.310556,13.311475
043055,Urbisaglia,MC,Marche,62010,43.196608,13.376571
043056,Ussita,MC,Marche,62039,42.94376,13.137908
043057,Visso,MC,Marche,62039,42.931232,13.087449
043058,Valfornace,MC,Marche,62035,43.066925,13.114974
044001,Acquasanta Terme,AP,Marche,63095,42.769944,13.410185
044002,Acquaviva Picena,AP,Marche,63075,42.944936,13.815114
044005,Appignano del Tronto,AP,Marche,63083,42.89867,13.666387
044006,Arquata del Tronto,AP,Marche,63096,42.772361,13.296583
044007,Ascoli Piceno,AP,Marche,63100,42.88342,13.539593
044010,Carassai,AP,Marche,63063,43.032052,13.684987
044011,Castel di Lama,AP,Marche,63082,42.869382,13.713294
044012,Castignano,AP,Marche,63072,42.93935,13.623987
044013,Castorano,AP,Marche,63081,42.898087,13.728042
044014,Colli del Tronto,AP,Marche,63079,42.876974,13.748355
044015,Comunanza,AP,Marche,63087,42.956852,13.412872
044016,Cossignano,AP,Marche,63067,42.984251,13.689988
044017,Cupra Marittima,AP,Marche,63064,43.025023,13.858764
044020,Folignano,AP,Marche,63084,42.820247,13.634289
044021,Force,AP,Marche,63086,42.963257,13.490948
044023,Grottammare,AP,Marche,63066,42.990497,13.86876
044027,Maltignano,AP,Marche,63085,42.832248,13.68799
044029,Massignano,AP,Marche,63061,43.05065,13.797209
044031,Monsampolo del Tronto,AP,Marche,63077,42.89695,13.793892
044032,Montalto delle Marche,AP,Marche,63068,42.989851,13.609186
044034,Montedinove,AP,Marche,63069,42.970733,13.587305
044036,Montefiore dell'Aso,AP,Marche,63062,43.051895,13.75279
044038,Montegallo,AP,Marche,63094,42.847389,13.343496
044044,Montemonaco,AP,Marche,63088,42.899155,13.326859
044045,Monteprandone,AP,Marche,63076,42.919939,13.834816
044054,Offida,AP,Marche,63073,42.934821,13.691044
044056,Palmiano,AP,Marche,63092,42.899338,13.458377
044063,Ripatransone,AP,Marche,63065,42.996178,13.761796
044064,Roccafluvione,AP,Marche,63093,42.859947,13.476785
044065,Rotella,AP,Marche,63071,42.954173,13.559359
044066,San Benedetto del Tronto,AP,Marche,63074,42.952533,13.880714
044071,Spinetoli,AP,Marche,63078,42.889126,13.772983
044073,Venarotta,AP,Marche,63091,42.882947,13.492285
109001,Altidona,FM,Marche,63824,43.109225,13.799878
109002,Amandola,FM,Marche,63857,42.979965,13.356085
109003,Belmonte Piceno,FM,Marche,63838,43.091441,13.539652
109004,Campofilone,FM,Marche,63828,43.079469,13.814786
109005,Falerone,FM,Marche,63837,43.107052,13.471682
109006,Fermo,FM,Marche,63900,43.092249,13.638768
109007,Francavilla d'Ete,FM,Marche,63816,43.187355,13.540682
109008,Grottazzolina,FM,Marche,63844,43.111711,13.602981
109009,Lapedona,FM,Marche,63823,43.109981,13.772857
109010,Magliano di Tenna,FM,Marche,63832,43.137954,13.587184
109011,Massa Fermana,FM,Marche,63834,43.149772,13.475407
109012,Monsampietro Morico,FM,Marche,63842,43.067752,13.555684
109013,Montappone,FM,Marche,63835,43.136453,13.468481
109014,Montefalcone Appennino,FM,Marche,63855,42.990049,13.456883
109015,Montefortino,FM,Marche,63858,42.943095,13.344831
109016,Monte Giberto,FM,Marche,63846,43.091253,13.630685
109017,Montegiorgio,FM,Marche,63833,43.132253,13.536383
109018,Montegranaro,FM,Marche,63812,43.232523,13.63158
109019,Monteleone di Fermo,FM,Marche,63841,43.047904,13.528534
109020,Montelparo,FM,Marche,63853,43.017838,13.537432
109021,Monte Rinaldo,FM,Marche,63852,43.02826,13.580155
109022,Monterubbiano,FM,Marche,63825,43.084754,13.719887
109023,Monte San Pietrangeli,FM,Marche,63815,43.189355,13.575383
109024,Monte Urano,FM,Marche,63813,43.202656,13.672885
109025,Monte Vidon Combatte,FM,Marche,63847,43.050066,13.631002
109026,Monte Vidon Corrado,FM,Marche,63836,43.120653,13.487582
109027,Montottone,FM,Marche,63843,43.062052,13.590085
109028,Moresco,FM,Marche,63826,43.085554,13.730988
109029,Ortezzano,FM,Marche,63851,43.030052,13.605986
109030,Pedaso,FM,Marche,63827,43.099164,13.840777
109031,Petritoli,FM,Marche,63848,43.067741,13.659214
109032,Ponzano di Fermo,FM,Marche,63845,43.101077,13.656781
109033,Porto San Giorgio,FM,Marche,63822,43.182656,13.793386
109034,Porto Sant'Elpidio,FM,Marche,63821,43.258962,13.756983
109035,Rapagnano,FM,Marche,63831,43.161253,13.592905
109036,Santa Vittoria in Matenano,FM,Marche,63854,43.019379,13.496035
109037,Sant'Elpidio a Mare,FM,Marche,63811,43.23474,13.687852
109038,Servigliano,FM,Marche,63839,43.081621,13.493764
109039,Smerillo,FM,Marche,63856,43.00515,13.444982
109040,Torre San Patrizio,FM,Marche,63814,43.182855,13.612784
056001,Acquapendente,VT,Lazio,01021,42.743996,11.864988
056002,Arlena di Castro,VT,Lazio,01010,42.462824,11.820655
056003,Bagnoregio,VT,Lazio,01022,42.62698,12.090872
056004,Barbarano Romano,VT,Lazio,01010,42.249834,12.067374
056005,Bassano Romano,VT,Lazio,01030,42.218392,12.193006
056006,Bassano in Teverina,VT,Lazio,01030,42.466074,12.313034
056007,Blera,VT,Lazio,01010,42.272522,12.031662
056008,Bolsena,VT,Lazio,01023,42.644107,11.984955
056009,Bomarzo,VT,Lazio,01020,42.481928,12.248764
056010,Calcata,VT,Lazio,01030,42.219726,12.425942
056011,Canepina,VT,Lazio,01030,42.380961,12.233652
056012,Canino,VT,Lazio,01011,42.463963,11.749509
056013,Capodimonte,VT,Lazio,01010,42.546527,11.904755
056014,Capranica,VT,Lazio,01012,42.256492,12.177611
056015,Caprarola,VT,Lazio,01032,42.326625,12.235766
056016,Carbognano,VT,Lazio,01030,42.331625,12.264366
056017,Castel Sant'Elia,VT,Lazio,01030,42.251776,12.371796
056018,Castiglione in Teverina,VT,Lazio,01024,42.644972,12.203898
056019,Celleno,VT,Lazio,01020,42.559768,12.125758
056020,Cellere,VT,Lazio,01010,42.510425,11.771653
056021,Civita Castellana,VT,Lazio,01033,42.295226,12.40917
056022,Civitella d'Agliano,VT,Lazio,01020,42.605362,12.187658
056023,Corchiano,VT,Lazio,01030,42.344926,12.355668
056024,Fabrica di Roma,VT,Lazio,01034,42.335126,12.299767
056025,Faleria,VT,Lazio,01030,42.226179,12.443181
056026,Farnese,VT,Lazio,01010,42.549426,11.725652
056027,Gallese,VT,Lazio,01035,42.373287,12.402804
056028,Gradoli,VT,Lazio,01010,42.643692,11.854888
056029,Graffignano,VT,Lazio,01020,42.574812,12.204398
056030,Grotte di Castro,VT,Lazio,01025,42.674529,11.872253
056031,Ischia di Castro,VT,Lazio,01010,42.544655,11.754014
056032,Latera,VT,Lazio,01010,42.629028,11.827453
056033,Lubriano,VT,Lazio,01020,42.636231,12.108759
056034,Marta,VT,Lazio,01010,42.533911,11.924912
056035,Montalto di Castro,VT,Lazio,01014,42.35346,11.606312
056036,Montefiascone,VT,Lazio,01027,42.537925,12.030997
056037,Monte Romano,VT,Lazio,01010,42.266521,11.893759
056038,Monterosi,VT,Lazio,01030,42.195823,12.308469
056039,Nepi,VT,Lazio,01036,42.242824,12.34557
056040,Onano,VT,Lazio,01010,42.692856,11.8164
056041,Oriolo Romano,VT,Lazio,01010,42.159303,12.138349
056042,Orte,VT,Lazio,01028,42.460598,12.385606
056043,Piansano,VT,Lazio,01010,42.517932,11.828273
056044,Proceno,VT,Lazio,01020,42.75716,11.830261
056045,Ronciglione,VT,Lazio,01037,42.290242,12.213806
056046,Villa San Giovanni in Tuscia,VT,Lazio,01010,42.282669,12.052525
056047,San Lorenzo Nuovo,VT,Lazio,01020,42.68673,11.906653
056048,Soriano nel Cimino,VT,Lazio,01038,42.418761,12.234308
056049,Sutri,VT,Lazio,01015,42.247023,12.215067
056050,Tarquinia,VT,Lazio,01016,42.253239,11.759175
056051,Tessennano,VT,Lazio,01010,42.478206,11.790486
056052,Tuscania,VT,Lazio,01017,42.420214,11.870261
056053,Valentano,VT,Lazio,01018,42.569098,11.81833
056054,Vallerano,VT,Lazio,01030,42.38397,12.26279
056055,Vasanello,VT,Lazio,01030,42.413728,12.346567
056056,Vejano,VT,Lazio,01010,42.216757,12.095202
056057,Vetralla,VT,Lazio,01019,42.320534,12.0575
056058,Vignanello,VT,Lazio,01039,42.383826,12.276766
056059,Viterbo,VT,Lazio,01100,42.493689,11.945068
056060,Vitorchiano,VT,Lazio,01030,42.465427,12.172462
057001,Accumoli,RI,Lazio,02011,42.694141,13.247683
057002,Amatrice,RI,Lazio,02012,42.629237,13.289176
057003,Antrodoco,RI,Lazio,02013,42.416134,13.078683
057004,Ascrea,RI,Lazio,02020,42.196228,12.996584
057005,Belmonte in Sabina,RI,Lazio,02020,42.317654,12.892779
057006,Borbona,RI,Lazio,02010,42.512536,13.135983
057007,Borgorose,RI,Lazio,02021,42.193354,13.233818
057008,Borgo Velino,RI,Lazio,02010,42.406033,13.059283
057009,Cantalice,RI,Lazio,02014,42.467388,12.903792
057010,Cantalupo in Sabina,RI,Lazio,02040,42.304732,12.650053
057011,Casaprota,RI,Lazio,02030,42.251028,12.804279
057012,Casperia,RI,Lazio,02041,42.339729,12.670775
057013,Castel di Tora,RI,Lazio,02020,42.215328,12.964183
057014,Castelnuovo di Farfa,RI,Lazio,02031,42.231524,12.742999
057015,Castel Sant'Angelo,RI,Lazio,02010,42.393869,13.023455
057016,Cittaducale,RI,Lazio,02015,42.386834,12.948341
057017,Cittareale,RI,Lazio,02010,42.618254,13.159684
057018,Collalto Sabino,RI,Lazio,02022,42.135952,13.04798
057019,Colle di Tora,RI,Lazio,02020,42.211628,12.947983
057020,Collegiove,RI,Lazio,02020,42.175528,13.038986
057021,Collevecchio,RI,Lazio,02042,42.334977,12.552953
057022,Colli sul Velino,RI,Lazio,02010,42.498223,12.778689
057023,Concerviano,RI,Lazio,02020,42.322961,12.98551
057024,Configni,RI,Lazio,02040,42.42353,12.642173
057025,Contigliano,RI,Lazio,02043,42.409359,12.766539
057026,Cottanello,RI,Lazio,02040,42.405966,12.685971
057027,Fara in Sabina,RI,Lazio,02032,42.209558,12.72937
057028,Fiamignano,RI,Lazio,02023,42.265033,13.126363
057029,Forano,RI,Lazio,02044,42.296584,12.595375
057030,Frasso Sabino,RI,Lazio,02030,42.229827,12.80558
057031,Greccio,RI,Lazio,02045,42.444796,12.751808
057032,Labro,RI,Lazio,02010,42.526012,12.800053
057033,Leonessa,RI,Lazio,02016,42.56315,12.96385
057034,Longone Sabino,RI,Lazio,02020,42.27313,12.967383
057035,Magliano Sabina,RI,Lazio,02046,42.361357,12.48117
057036,Marcetelli,RI,Lazio,02020,42.226602,13.046944
057037,Micigliano,RI,Lazio,02010,42.451339,13.054728
057038,Mompeo,RI,Lazio,02040,42.24831,12.752236
057039,Montasola,RI,Lazio,02040,42.38643,12.681875
057040,Montebuono,RI,Lazio,02040,42.366655,12.597059
057041,Monteleone Sabino,RI,Lazio,02033,42.234336,12.856155
057042,Montenero Sabino,RI,Lazio,02040,42.281229,12.813579
057043,Monte San Giovanni in Sabina,RI,Lazio,02040,42.328516,12.777371
057044,Montopoli di Sabina,RI,Lazio,02034,42.245927,12.692077
057045,Morro Reatino,RI,Lazio,02010,42.526651,12.832321
057046,Nespolo,RI,Lazio,02020,42.156158,13.070082
057047,Orvinio,RI,Lazio,02035,42.132126,12.939684
057048,Paganico Sabino,RI,Lazio,02020,42.189628,12.996885
057049,Pescorocchiano,RI,Lazio,02024,42.208895,13.181641
057050,Petrella Salto,RI,Lazio,02025,42.295431,13.068285
057051,Poggio Bustone,RI,Lazio,02018,42.501834,12.888178
057052,Poggio Catino,RI,Lazio,02040,42.294999,12.691922
057053,Poggio Mirteto,RI,Lazio,02047,42.264368,12.684788
057054,Poggio Moiano,RI,Lazio,02037,42.202627,12.879382
057055,Poggio Nativo,RI,Lazio,02030,42.215427,12.79658
057056,Poggio San Lorenzo,RI,Lazio,02030,42.252428,12.84418
057057,Posta,RI,Lazio,02019,42.523551,13.096014
057058,Pozzaglia Sabina,RI,Lazio,02030,42.158771,12.964833
057059,Rieti,RI,Lazio,02100,42.414736,12.885888
057060,Rivodutri,RI,Lazio,02010,42.516434,12.854977
057061,Roccantica,RI,Lazio,02040,42.320728,12.693976
057062,Rocca Sinibalda,RI,Lazio,02026,42.274429,12.925582
057063,Salisano,RI,Lazio,02040,42.257251,12.745518
057064,Scandriglia,RI,Lazio,02038,42.165533,12.841925
057065,Selci,RI,Lazio,02040,42.320677,12.621188
057066,Stimigliano,RI,Lazio,02048,42.29933,12.565727
057067,Tarano,RI,Lazio,02040,42.355928,12.594973
057068,Toffia,RI,Lazio,02039,42.212404,12.751474
057069,Torricella in Sabina,RI,Lazio,02030,42.263329,12.870081
057070,Torri in Sabina,RI,Lazio,02049,42.353029,12.638574
057071,Turania,RI,Lazio,02020,42.138027,13.009286
057072,Vacone,RI,Lazio,02040,42.384836,12.644458
057073,Varco Sabino,RI,Lazio,02020,42.239829,13.019884
058001,Affile,RM,Lazio,00021,41.884122,13.095391
058002,Agosta,RM,Lazio,00020,41.981624,13.032688
058003,Albano Laziale,RM,Lazio,00041,41.728889,12.658269
058004,Allumiere,RM,Lazio,00051,42.156218,11.903832
058005,Anguillara Sabazia,RM,Lazio,00061,42.083709,12.282982
058006,Anticoli Corrado,RM,Lazio,00022,42.009524,12.989087
058007,Anzio,RM,Lazio,00042,41.447101,12.628562
058008,Arcinazzo Romano,RM,Lazio,00020,41.879722,13.114392
058009,Ariccia,RM,Lazio,00040,41.720709,12.671348
058010,Arsoli,RM,Lazio,00023,42.040525,13.018387
058011,Artena,RM,Lazio,00031,41.741915,12.912174
058012,Bellegra,RM,Lazio,00030,41.883422,13.02679
058013,Bracciano,RM,Lazio,00062,42.101095,12.173857
058014,Camerata Nuova,RM,Lazio,00020,42.019071,13.107942
058015,Campagnano di Roma,RM,Lazio,00063,42.141078,12.383669
058016,Canale Monterano,RM,Lazio,00060,42.136043,12.103066
058017,Canterano,RM,Lazio,00020,41.942076,13.037315
058018,Capena,RM,Lazio,00060,42.14015,12.540201
058019,Capranica Prenestina,RM,Lazio,00030,41.862997,12.951802
058020,Carpineto Romano,RM,Lazio,00032,41.604413,13.084796
058021,Casape,RM,Lazio,00010,41.906517,12.885287
058022,Castel Gandolfo,RM,Lazio,00040,41.742522,12.648877
058023,Castel Madama,RM,Lazio,00024,41.976936,12.86919
058024,Castelnuovo di Porto,RM,Lazio,00060,42.125399,12.500737
058025,Castel San Pietro Romano,RM,Lazio,00030,41.84572,12.894887
058026,Cave,RM,Lazio,00033,41.817923,12.928367
058027,Cerreto Laziale,RM,Lazio,00020,41.944403,12.982805
058028,Cervara di Roma,RM,Lazio,00020,41.988224,13.067989
058029,Cerveteri,RM,Lazio,00052,41.99836,12.098851
058030,Ciciliano,RM,Lazio,00020,41.961617,12.940932
058031,Cineto Romano,RM,Lazio,00020,42.04981,12.963073
058032,Civitavecchia,RM,Lazio,00053,42.093752,11.792246
058033,Civitella San Paolo,RM,Lazio,00060,42.198525,12.576475
058034,Colleferro,RM,Lazio,00034,41.727033,13.004158
058035,Colonna,RM,Lazio,00030,41.833718,12.753184
058036,Fiano Romano,RM,Lazio,00065,42.171913,12.592726
058037,Filacciano,RM,Lazio,00060,42.254826,12.597675
058038,Formello,RM,Lazio,00060,42.082521,12.400273
058039,Frascati,RM,Lazio,00044,41.808245,12.680368
058040,Gallicano nel Lazio,RM,Lazio,00010,41.87207,12.818534
058041,Gavignano,RM,Lazio,00030,41.699118,13.051793
058042,Genazzano,RM,Lazio,00030,41.829673,12.972246
058043,Genzano di Roma,RM,Lazio,00045,41.706989,12.691118
058044,Gerano,RM,Lazio,00025,41.933119,12.993776
058045,Gorga,RM,Lazio,00030,41.655017,13.109095
058046,Grottaferrata,RM,Lazio,00046,41.788616,12.666741
058047,Guidonia Montecelio,RM,Lazio,00012,41.984273,12.695319
058048,Jenne,RM,Lazio,00020,41.888823,13.169593
058049,Labico,RM,Lazio,00030,41.789519,12.880888
058050,Lanuvio,RM,Lazio,00040,41.674528,12.697243
058051,Licenza,RM,Lazio,00026,42.073113,12.901468
058052,Magliano Romano,RM,Lazio,00060,42.159893,12.4369
058053,Mandela,RM,Lazio,00020,42.030807,12.923323
058054,Manziana,RM,Lazio,00066,42.130344,12.130271
058055,Marano Equo,RM,Lazio,00020,41.994024,13.015988
058056,Marcellina,RM,Lazio,00010,42.02369,12.807045
058057,Marino,RM,Lazio,00047,41.769788,12.658608
058058,Mazzano Romano,RM,Lazio,00060,42.204652,12.399631
058059,Mentana,RM,Lazio,00013,42.035022,12.642272
058060,Monte Compatri,RM,Lazio,00040,41.808918,12.737784
058061,Monteflavio,RM,Lazio,00010,42.108178,12.830382
058062,Montelanico,RM,Lazio,00030,41.651117,13.039893
058063,Montelibretti,RM,Lazio,00010,42.140933,12.735332
058064,Monte Porzio Catone,RM,Lazio,00040,41.816426,12.715341
058065,Monterotondo,RM,Lazio,00015,42.051799,12.618397
058066,Montorio Romano,RM,Lazio,00010,42.138411,12.807477
058067,Moricone,RM,Lazio,00010,42.117096,12.771639
058068,Morlupo,RM,Lazio,00067,42.148856,12.503013
058069,Nazzano,RM,Lazio,00060,42.229257,12.597639
058070,Nemi,RM,Lazio,00040,41.720022,12.713395
058071,Nerola,RM,Lazio,00017,42.160548,12.78668
058072,Nettuno,RM,Lazio,00048,41.457538,12.661425
058073,Olevano Romano,RM,Lazio,00035,41.860621,13.03309
058074,Palestrina,RM,Lazio,00036,41.838966,12.891249
058075,Palombara Sabina,RM,Lazio,00018,42.066633,12.765812
058076,Percile,RM,Lazio,00020,42.094568,12.908485
058077,Pisoniano,RM,Lazio,00020,41.906052,12.958888
058078,Poli,RM,Lazio,00010,41.887327,12.893126
058079,Pomezia,RM,Lazio,00071,41.667529,12.504786
058080,Ponzano Romano,RM,Lazio,00060,42.257797,12.571627
058081,Riano,RM,Lazio,00060,42.100122,12.505675
058082,Rignano Flaminio,RM,Lazio,00068,42.210014,12.481122
058083,Riofreddo,RM,Lazio,00020,42.060517,13.000334
058084,Rocca Canterano,RM,Lazio,00020,41.956523,13.021788
058085,Rocca di Cave,RM,Lazio,00030,41.84642,12.945488
058086,Rocca di Papa,RM,Lazio,00040,41.760761,12.709614
058087,Roccagiovine,RM,Lazio,00020,42.049802,12.900257
058088,Rocca Priora,RM,Lazio,00040,41.791089,12.761993
058089,Rocca Santo Stefano,RM,Lazio,00030,41.910522,13.023789
058090,Roiate,RM,Lazio,00030,41.872322,13.067291
058091,Roma,RM,Lazio,00186,41.89332,12.482932
058092,Roviano,RM,Lazio,00027,42.0259,12.994384
058093,Sacrofano,RM,Lazio,00060,42.104946,12.44546
058094,Sambuci,RM,Lazio,00020,41.986123,12.937986
058095,San Gregorio da Sassola,RM,Lazio,00010,41.917121,12.870786
058096,San Polo dei Cavalieri,RM,Lazio,00010,42.009533,12.838404
058097,Santa Marinella,RM,Lazio,00058,42.03534,11.868308
058098,Sant'Angelo Romano,RM,Lazio,00010,42.035122,12.712681
058099,Sant'Oreste,RM,Lazio,00060,42.234792,12.518905
058100,San Vito Romano,RM,Lazio,00030,41.879821,12.979389
058101,Saracinesco,RM,Lazio,00020,42.003863,12.95287
058102,Segni,RM,Lazio,00037,41.692025,13.023349
058103,Subiaco,RM,Lazio,00028,41.926715,13.094432
058104,Tivoli,RM,Lazio,00019,41.960922,12.798884
058105,Tolfa,RM,Lazio,00059,42.149613,11.938195
058106,Torrita Tiberina,RM,Lazio,00060,42.23591,12.618977
058107,Trevignano Romano,RM,Lazio,00069,42.155917,12.246177
058108,Vallepietra,RM,Lazio,00020,41.926989,13.230667
058109,Vallinfreda,RM,Lazio,00020,42.084282,12.996612
058110,Valmontone,RM,Lazio,00038,41.778819,12.917489
058111,Velletri,RM,Lazio,00049,41.686702,12.777043
058112,Vicovaro,RM,Lazio,00029,42.017941,12.89723
058113,Vivaro Romano,RM,Lazio,00020,42.099826,13.006686
058114,Zagarolo,RM,Lazio,00039,41.838384,12.83105
058115,Lariano,RM,Lazio,00040,41.725114,12.831276
058116,Ladispoli,RM,Lazio,00055,41.953722,12.073465
058117,Ardea,RM,Lazio,00040,41.608712,12.519382
058118,Ciampino,RM,Lazio,00043,41.800289,12.600471
058119,San Cesareo,RM,Lazio,00030,41.819196,12.800334
058120,Fiumicino,RM,Lazio,00054,41.767566,12.233947
058122,Fonte Nuova,RM,Lazio,00013,41.996254,12.623621
059001,Aprilia,LT,Lazio,04011,41.594202,12.648576
059002,Bassiano,LT,Lazio,04010,41.549755,13.032233
059003,Campodimele,LT,Lazio,04020,41.390446,13.530336
059004,Castelforte,LT,Lazio,04021,41.299016,13.824015
059005,Cisterna di Latina,LT,Lazio,04012,41.590639,12.829048
059006,Cori,LT,Lazio,04010,41.643104,12.915851
059007,Fondi,LT,Lazio,04022,41.357285,13.430031
059008,Formia,LT,Lazio,04023,41.259308,13.608021
059009,Gaeta,LT,Lazio,04024,41.218312,13.56281
059010,Itri,LT,Lazio,04020,41.297359,13.551421
059011,Latina,LT,Lazio,04100,41.459526,13.012591
059012,Lenola,LT,Lazio,04025,41.406115,13.459406
059013,Maenza,LT,Lazio,04010,41.523361,13.180549
059014,Minturno,LT,Lazio,04026,41.262974,13.746522
059015,Monte San Biagio,LT,Lazio,04020,41.352513,13.352204
059016,Norma,LT,Lazio,04010,41.588015,12.969392
059017,Pontinia,LT,Lazio,04014,41.408456,13.044337
059018,Ponza,LT,Lazio,04027,40.893237,12.963062
059019,Priverno,LT,Lazio,04015,41.472616,13.179839
059020,Prossedi,LT,Lazio,04010,41.516216,13.2607
059021,Roccagorga,LT,Lazio,04010,41.525315,13.155925
059022,Rocca Massima,LT,Lazio,04010,41.679415,12.919415
059023,Roccasecca dei Volsci,LT,Lazio,04010,41.479872,13.212363
059024,Sabaudia,LT,Lazio,04016,41.301567,13.025873
059025,San Felice Circeo,LT,Lazio,04017,41.232617,13.089398
059026,Santi Cosma e Damiano,LT,Lazio,04020,41.892085,12.48748
059027,Sermoneta,LT,Lazio,04013,41.549314,12.984893
059028,Sezze,LT,Lazio,04018,41.498414,13.059217
059029,Sonnino,LT,Lazio,04010,41.414272,13.24153
059030,Sperlonga,LT,Lazio,04029,41.260212,13.433107
059031,Spigno Saturnia,LT,Lazio,04020,41.311515,13.735713
059032,Terracina,LT,Lazio,04019,41.28712,13.249201
059033,Ventotene,LT,Lazio,04020,40.796002,13.431213
060001,Acquafondata,FR,Lazio,03040,41.542822,13.952815
060002,Acuto,FR,Lazio,03010,41.791521,13.174394
060003,Alatri,FR,Lazio,03011,41.726503,13.342303
060004,Alvito,FR,Lazio,03041,41.688464,13.743264
060005,Amaseno,FR,Lazio,03021,41.467815,13.336002
060006,Anagni,FR,Lazio,03012,41.74472,13.152694
060007,Aquino,FR,Lazio,03031,41.491119,13.70471
060008,Arce,FR,Lazio,03032,41.587716,13.575429
060009,Arnara,FR,Lazio,03020,41.584518,13.388402
060010,Arpino,FR,Lazio,03033,41.647983,13.610141
060011,Atina,FR,Lazio,03042,41.620199,13.799978
060012,Ausonia,FR,Lazio,03040,41.354461,13.748748
060013,Belmonte Castello,FR,Lazio,03040,41.577421,13.815811
060014,Boville Ernica,FR,Lazio,03022,41.64252,13.472703
060015,Broccostella,FR,Lazio,03030,41.699723,13.635305
060016,Campoli Appennino,FR,Lazio,03030,41.737917,13.67848
060017,Casalattico,FR,Lazio,03030,41.622412,13.725559
060018,Casalvieri,FR,Lazio,03034,41.631402,13.712993
060019,Cassino,FR,Lazio,03043,41.492558,13.83053
060020,Castelliri,FR,Lazio,03030,41.679221,13.551404
060021,Castelnuovo Parano,FR,Lazio,03040,41.378874,13.755385
060022,Castrocielo,FR,Lazio,03030,41.529283,13.693938
060023,Castro dei Volsci,FR,Lazio,03020,41.508217,13.406303
060024,Ceccano,FR,Lazio,03023,41.567717,13.333301
060025,Ceprano,FR,Lazio,03024,41.540418,13.512205
060026,Cervaro,FR,Lazio,03044,41.481158,13.905113
060027,Colfelice,FR,Lazio,03030,41.554919,13.603407
060028,Collepardo,FR,Lazio,03010,41.764322,13.369499
060029,Colle San Magno,FR,Lazio,03030,41.55122,13.694909
060030,Coreno Ausonio,FR,Lazio,03040,41.346321,13.779672
060031,Esperia,FR,Lazio,03045,41.383949,13.68061
060032,Falvaterra,FR,Lazio,03020,41.505118,13.523806
060033,Ferentino,FR,Lazio,03013,41.692932,13.253422
060034,Filettino,FR,Lazio,03010,41.891424,13.327496
060035,Fiuggi,FR,Lazio,03014,41.798561,13.220489
060036,Fontana Liri,FR,Lazio,03035,41.61002,13.550305
060037,Fontechiari,FR,Lazio,03030,41.667966,13.675576
060038,Frosinone,FR,Lazio,03100,41.628259,13.576332
060039,Fumone,FR,Lazio,03010,41.72734,13.289909
060040,Gallinaro,FR,Lazio,03040,41.653423,13.79781
060041,Giuliano di Roma,FR,Lazio,03020,41.539323,13.279647
060042,Guarcino,FR,Lazio,03016,41.799022,13.313397
060043,Isola del Liri,FR,Lazio,03036,41.679248,13.573077
060044,Monte San Giovanni Campano,FR,Lazio,03025,41.64062,13.513704
060045,Morolo,FR,Lazio,03017,41.638218,13.197097
060046,Paliano,FR,Lazio,03018,41.806023,13.058068
060047,Pastena,FR,Lazio,03020,41.468244,13.491737
060048,Patrica,FR,Lazio,03010,41.592217,13.243998
060049,Pescosolido,FR,Lazio,03030,41.748124,13.656605
060050,Picinisco,FR,Lazio,03040,41.646263,13.867783
060051,Pico,FR,Lazio,03020,41.450817,13.559607
060052,Piedimonte San Germano,FR,Lazio,03030,41.498319,13.752311
060053,Piglio,FR,Lazio,03010,41.83085,13.146399
060054,Pignataro Interamna,FR,Lazio,03040,41.439218,13.786212
060055,Pofi,FR,Lazio,03026,41.565274,13.415532
060056,Pontecorvo,FR,Lazio,03037,41.461618,13.666709
060057,Posta Fibreno,FR,Lazio,03030,41.690323,13.697407
060058,Ripi,FR,Lazio,03027,41.612256,13.424749
060059,Rocca d'Arce,FR,Lazio,03030,41.58712,13.585106
060060,Roccasecca,FR,Lazio,03038,41.552321,13.667258
060061,San Biagio Saracinisco,FR,Lazio,03040,41.613272,13.927877
060062,San Donato Val di Comino,FR,Lazio,03046,41.708124,13.812609
060063,San Giorgio a Liri,FR,Lazio,03047,41.404117,13.761312
060064,San Giovanni Incarico,FR,Lazio,03028,41.501718,13.557906
060065,Sant'Ambrogio sul Garigliano,FR,Lazio,03040,41.389018,13.871515
060066,Sant'Andrea del Garigliano,FR,Lazio,03040,41.367217,13.840915
060067,Sant'Apollinare,FR,Lazio,03048,41.402718,13.831614
060068,Sant'Elia Fiumerapido,FR,Lazio,03049,41.539107,13.866147
060069,Santopadre,FR,Lazio,03030,41.603066,13.63496
060070,San Vittore del Lazio,FR,Lazio,03040,41.461148,13.931401
060071,Serrone,FR,Lazio,03010,41.842121,13.095192
060072,Settefrati,FR,Lazio,03040,41.669624,13.850011
060073,Sgurgola,FR,Lazio,03010,41.670948,13.148909
060074,Sora,FR,Lazio,03039,41.720336,13.613958
060075,Strangolagalli,FR,Lazio,03020,41.600719,13.493904
060076,Supino,FR,Lazio,03019,41.610209,13.224731
060077,Terelle,FR,Lazio,03040,41.552121,13.778411
060078,Torre Cajetani,FR,Lazio,03010,41.78772,13.267297
060079,Torrice,FR,Lazio,03020,41.629719,13.398401
060080,Trevi nel Lazio,FR,Lazio,03010,41.862959,13.246313
060081,Trivigliano,FR,Lazio,03010,41.775721,13.272296
060082,Vallecorsa,FR,Lazio,03020,41.444615,13.405204
060083,Vallemaio,FR,Lazio,03040,41.366239,13.811748
060084,Vallerotonda,FR,Lazio,03040,41.549691,13.914585
060085,Veroli,FR,Lazio,03029,41.691272,13.417632
060086,Vicalvi,FR,Lazio,03030,41.676723,13.706407
060087,Vico nel Lazio,FR,Lazio,03010,41.77715,13.341924
060088,Villa Latina,FR,Lazio,03040,41.619354,13.836161
060089,Villa Santa Lucia,FR,Lazio,03030,41.51242,13.770011
060090,Villa Santo Stefano,FR,Lazio,03020,41.517416,13.310201
060091,Viticuso,FR,Lazio,03040,41.524321,13.971115
066001,Acciano,AQ,Abruzzo,67020,42.1765,13.7179
066002,Aielli,AQ,Abruzzo,67041,42.080283,13.590543
066003,Alfedena,AQ,Abruzzo,67030,41.733938,14.034394
066004,Anversa degli Abruzzi,AQ,Abruzzo,67030,41.994018,13.804052
066005,Ateleta,AQ,Abruzzo,67030,41.85543,14.197516
066006,Avezzano,AQ,Abruzzo,67051,42.034796,13.426505
066007,Balsorano,AQ,Abruzzo,67052,41.809824,13.559802
066008,Barete,AQ,Abruzzo,67010,42.448525,13.282023
066009,Barisciano,AQ,Abruzzo,67021,42.32513,13.591609
066010,Barrea,AQ,Abruzzo,67030,41.75849,13.99073
066011,Bisegna,AQ,Abruzzo,67050,41.921128,13.757605
066012,Bugnara,AQ,Abruzzo,67030,42.022132,13.861598
066013,Cagnano Amiterno,AQ,Abruzzo,67012,42.455168,13.232189
066014,Calascio,AQ,Abruzzo,67020,42.32595,13.69736
066015,Campo di Giove,AQ,Abruzzo,67030,42.010132,14.03941
066016,Campotosto,AQ,Abruzzo,67013,42.558839,13.367987
066017,Canistro,AQ,Abruzzo,67050,41.932679,13.392085
066018,Cansano,AQ,Abruzzo,67030,42.004432,14.01191
066019,Capestrano,AQ,Abruzzo,67022,42.267579,13.768656
066020,Capistrello,AQ,Abruzzo,67053,41.972727,13.399096
066021,Capitignano,AQ,Abruzzo,67014,42.520203,13.300948
066022,Caporciano,AQ,Abruzzo,67020,42.250317,13.673536
066023,Cappadocia,AQ,Abruzzo,67060,41.981572,13.276609
066024,Carapelle Calvisio,AQ,Abruzzo,67020,42.298647,13.683958
066025,Carsoli,AQ,Abruzzo,67061,42.098927,13.084888
066026,Castel del Monte,AQ,Abruzzo,67023,42.364995,13.726572
066027,Castel di Ieri,AQ,Abruzzo,67020,42.115232,13.742602
066028,Castel di Sangro,AQ,Abruzzo,67031,41.784273,14.108064
066029,Castellafiume,AQ,Abruzzo,67050,41.989126,13.334395
066030,Castelvecchio Calvisio,AQ,Abruzzo,67020,42.310649,13.688615
066031,Castelvecchio Subequo,AQ,Abruzzo,67024,42.130233,13.727801
066032,Celano,AQ,Abruzzo,67043,42.084324,13.546207
066033,Cerchio,AQ,Abruzzo,67044,42.063785,13.600135
066034,Civita d'Antino,AQ,Abruzzo,67050,41.886105,13.471126
066035,Civitella Alfedena,AQ,Abruzzo,67030,41.765326,13.942711
066036,Civitella Roveto,AQ,Abruzzo,67054,41.916026,13.426898
066037,Cocullo,AQ,Abruzzo,67030,42.032892,13.774668
066038,Collarmele,AQ,Abruzzo,67040,42.05903,13.6257
066039,Collelongo,AQ,Abruzzo,67050,41.886298,13.583343
066040,Collepietro,AQ,Abruzzo,67020,42.221617,13.78006
066041,Corfinio,AQ,Abruzzo,67030,42.124175,13.842489
066042,Fagnano Alto,AQ,Abruzzo,67020,42.25418,13.597459
066043,Fontecchio,AQ,Abruzzo,67020,42.229943,13.605891
066044,Fossa,AQ,Abruzzo,67020,42.292921,13.487868
066045,Gagliano Aterno,AQ,Abruzzo,67020,42.126532,13.700001
066046,Gioia dei Marsi,AQ,Abruzzo,67055,41.954369,13.693415
066047,Goriano Sicoli,AQ,Abruzzo,67030,42.080832,13.774803
066048,Introdacqua,AQ,Abruzzo,67030,42.007431,13.898307
066049,L'Aquila,AQ,Abruzzo,67100,42.136885,13.610341
066050,Lecce nei Marsi,AQ,Abruzzo,67050,41.937718,13.684116
066051,Luco dei Marsi,AQ,Abruzzo,67056,41.957027,13.473598
066052,Lucoli,AQ,Abruzzo,67045,42.251554,13.376882
066053,Magliano de' Marsi,AQ,Abruzzo,67062,42.091529,13.363794
066054,Massa d'Albe,AQ,Abruzzo,67050,42.107229,13.394294
066055,Molina Aterno,AQ,Abruzzo,67020,42.149033,13.735401
066056,Montereale,AQ,Abruzzo,67015,42.525096,13.244072
066057,Morino,AQ,Abruzzo,67050,41.864425,13.456999
066058,Navelli,AQ,Abruzzo,67020,42.237864,13.729027
066059,Ocre,AQ,Abruzzo,67040,42.282501,13.470576
066060,Ofena,AQ,Abruzzo,67025,42.326791,13.75869
066061,Opi,AQ,Abruzzo,67030,41.781026,13.829726
066062,Oricola,AQ,Abruzzo,67063,42.049225,13.039387
066063,Ortona dei Marsi,AQ,Abruzzo,67050,41.99733,13.728103
066064,Ortucchio,AQ,Abruzzo,67050,41.955028,13.645802
066065,Ovindoli,AQ,Abruzzo,67046,42.137031,13.516097
066066,Pacentro,AQ,Abruzzo,67030,42.049964,13.991073
066067,Pereto,AQ,Abruzzo,67064,42.057815,13.101625
066068,Pescasseroli,AQ,Abruzzo,67032,41.808401,13.789282
066069,Pescina,AQ,Abruzzo,67057,42.02543,13.657901
066070,Pescocostanzo,AQ,Abruzzo,67033,41.88633,14.065612
066071,Pettorano sul Gizio,AQ,Abruzzo,67034,41.974531,13.958709
066072,Pizzoli,AQ,Abruzzo,67017,42.436075,13.301272
066073,Poggio Picenze,AQ,Abruzzo,67026,42.320636,13.541087
066074,Prata d'Ansidonia,AQ,Abruzzo,67020,42.277818,13.608972
066075,Pratola Peligna,AQ,Abruzzo,67035,42.098314,13.87398
066076,Prezza,AQ,Abruzzo,67030,42.058131,13.834474
066077,Raiano,AQ,Abruzzo,67027,42.102554,13.814304
066078,Rivisondoli,AQ,Abruzzo,67036,41.870896,14.06743
066079,Roccacasale,AQ,Abruzzo,67030,42.122934,13.888105
066080,Rocca di Botte,AQ,Abruzzo,67066,42.026225,13.067688
066081,Rocca di Cambio,AQ,Abruzzo,67047,42.235035,13.489963
066082,Rocca di Mezzo,AQ,Abruzzo,67048,42.205131,13.519269
066083,Rocca Pia,AQ,Abruzzo,67030,41.93343,13.97701
066084,Roccaraso,AQ,Abruzzo,67037,41.850261,14.078257
066085,San Benedetto dei Marsi,AQ,Abruzzo,67058,42.008229,13.622701
066086,San Benedetto in Perillis,AQ,Abruzzo,67020,42.183943,13.770532
066087,San Demetrio ne' Vestini,AQ,Abruzzo,67028,42.288377,13.558641
066088,San Pio delle Camere,AQ,Abruzzo,67020,42.286172,13.657972
066089,Sante Marie,AQ,Abruzzo,67067,42.102278,13.204774
066090,Sant'Eusanio Forconese,AQ,Abruzzo,67020,42.288218,13.524417
066091,Santo Stefano di Sessanio,AQ,Abruzzo,67020,42.343876,13.644177
066092,San Vincenzo Valle Roveto,AQ,Abruzzo,67050,41.828184,13.527427
066093,Scanno,AQ,Abruzzo,67038,41.903861,13.880213
066094,Scontrone,AQ,Abruzzo,67030,41.746078,14.038684
066095,Scoppito,AQ,Abruzzo,67019,42.372612,13.255359
066096,Scurcola Marsicana,AQ,Abruzzo,67068,42.063128,13.339194
066097,Secinaro,AQ,Abruzzo,67029,42.152933,13.6807
066098,Sulmona,AQ,Abruzzo,67039,42.047423,13.927011
066099,Tagliacozzo,AQ,Abruzzo,67069,42.069327,13.254692
066100,Tione degli Abruzzi,AQ,Abruzzo,67020,42.204066,13.635396
066101,Tornimparte,AQ,Abruzzo,67049,42.29054,13.266619
066102,Trasacco,AQ,Abruzzo,67059,41.958441,13.536102
066103,Villalago,AQ,Abruzzo,67030,41.934729,13.842007
066104,Villa Santa Lucia degli Abruzzi,AQ,Abruzzo,67020,42.333462,13.777436
066105,Villa Sant'Angelo,AQ,Abruzzo,67020,42.269937,13.537486
066106,Villavallelonga,AQ,Abruzzo,67050,41.866996,13.62451
066107,Villetta Barrea,AQ,Abruzzo,67030,41.775827,13.938511
066108,Vittorito,AQ,Abruzzo,67030,42.127033,13.816703
067001,Alba Adriatica,TE,Abruzzo,64011,42.834342,13.927816
067002,Ancarano,TE,Abruzzo,64010,42.836048,13.739392
067003,Arsita,TE,Abruzzo,64031,42.502162,13.782832
067004,Atri,TE,Abruzzo,64032,42.580137,13.976412
067005,Basciano,TE,Abruzzo,64030,42.594401,13.739647
067006,Bellante,TE,Abruzzo,64020,42.741847,13.810195
067007,Bisenti,TE,Abruzzo,64033,42.529128,13.801283
067008,Campli,TE,Abruzzo,64012,42.726231,13.686284
067009,Canzano,TE,Abruzzo,64020,42.646784,13.803143
067010,Castel Castagna,TE,Abruzzo,64030,42.542941,13.716395
067011,Castellalto,TE,Abruzzo,64020,42.678042,13.821589
067012,Castelli,TE,Abruzzo,64041,42.48794,13.711696
067013,Castiglione Messer Raimondo,TE,Abruzzo,64034,42.531915,13.881545
067014,Castilenti,TE,Abruzzo,64035,42.533705,13.917011
067015,Cellino Attanasio,TE,Abruzzo,64036,42.587311,13.850525
067016,Cermignano,TE,Abruzzo,64037,42.592912,13.797398
067017,Civitella del Tronto,TE,Abruzzo,64010,42.773446,13.672291
067018,Colledara,TE,Abruzzo,64042,42.540868,13.678938
067019,Colonnella,TE,Abruzzo,64010,42.872628,13.865016
067020,Controguerra,TE,Abruzzo,64010,42.855716,13.819336
067021,Corropoli,TE,Abruzzo,64013,42.826814,13.835185
067022,Cortino,TE,Abruzzo,64040,42.622397,13.508815
067023,Crognaleto,TE,Abruzzo,64043,42.587941,13.48959
067024,Fano Adriano,TE,Abruzzo,64044,42.552131,13.537962
067025,Giulianova,TE,Abruzzo,64021,42.753486,13.966701
067026,Isola del Gran Sasso d'Italia,TE,Abruzzo,64045,42.503058,13.659516
067027,Montefino,TE,Abruzzo,64030,42.54432,13.884238
067028,Montorio al Vomano,TE,Abruzzo,64046,42.582706,13.632519
067029,Morro d'Oro,TE,Abruzzo,64020,42.663744,13.919497
067030,Mosciano Sant'Angelo,TE,Abruzzo,64023,42.746847,13.888296
067031,Nereto,TE,Abruzzo,64015,42.818945,13.816055
067032,Notaresco,TE,Abruzzo,64024,42.654145,13.894698
067033,Penna Sant'Andrea,TE,Abruzzo,64039,42.593443,13.772196
067034,Pietracamela,TE,Abruzzo,64047,42.52354,13.555392
067035,Pineto,TE,Abruzzo,64025,42.607771,14.067103
067036,Rocca Santa Maria,TE,Abruzzo,64010,42.686313,13.528171
067037,Roseto degli Abruzzi,TE,Abruzzo,64026,42.677577,14.014464
067038,Sant'Egidio alla Vibrata,TE,Abruzzo,64016,42.821048,13.717891
067039,Sant'Omero,TE,Abruzzo,64027,42.786672,13.801764
067040,Silvi,TE,Abruzzo,64028,42.548792,14.118769
067041,Teramo,TE,Abruzzo,64100,42.658118,13.699625
067042,Torano Nuovo,TE,Abruzzo,64010,42.823048,13.777293
067043,Torricella Sicura,TE,Abruzzo,64010,42.657567,13.65552
067044,Tortoreto,TE,Abruzzo,64018,42.803984,13.912405
067045,Tossicia,TE,Abruzzo,64049,42.544941,13.647494
067046,Valle Castellana,TE,Abruzzo,64010,42.736176,13.4971
067047,Martinsicuro,TE,Abruzzo,64014,42.885144,13.915535
068001,Abbateggio,PE,Abruzzo,65020,42.225137,14.011106
068002,Alanno,PE,Abruzzo,65020,42.295082,13.971316
068003,Bolognano,PE,Abruzzo,65020,42.2181,13.960887
068004,Brittoli,PE,Abruzzo,65010,42.317338,13.861602
068005,Bussi sul Tirino,PE,Abruzzo,65022,42.213035,13.826202
068006,Cappelle sul Tavo,PE,Abruzzo,65010,42.464742,14.101977
068007,Caramanico Terme,PE,Abruzzo,65023,42.157038,14.002555
068008,Carpineto della Nora,PE,Abruzzo,65010,42.333038,13.860802
068009,Castiglione a Casauria,PE,Abruzzo,65020,42.236378,13.896037
068010,Catignano,PE,Abruzzo,65011,42.34626,13.950114
068011,Cepagatti,PE,Abruzzo,65012,42.364302,14.071795
068012,Città Sant'Angelo,PE,Abruzzo,65013,42.518144,14.059203
068013,Civitaquana,PE,Abruzzo,65010,42.325991,13.896744
068014,Civitella Casanova,PE,Abruzzo,65010,42.364923,13.889909
068015,Collecorvino,PE,Abruzzo,65010,42.458598,14.01428
068016,Corvara,PE,Abruzzo,65020,42.274875,13.872694
068017,Cugnoli,PE,Abruzzo,65020,42.307138,13.932703
068018,Elice,PE,Abruzzo,65010,42.518275,13.968282
068019,Farindola,PE,Abruzzo,65010,42.441146,13.823437
068020,Lettomanoppello,PE,Abruzzo,65020,42.23664,14.036921
068021,Loreto Aprutino,PE,Abruzzo,65014,42.434634,13.983232
068022,Manoppello,PE,Abruzzo,65024,42.25778,14.059958
068023,Montebello di Bertona,PE,Abruzzo,65010,42.417944,13.871901
068024,Montesilvano,PE,Abruzzo,65015,42.513603,14.15162
068025,Moscufo,PE,Abruzzo,65010,42.428144,14.054309
068026,Nocciano,PE,Abruzzo,65010,42.333041,13.984102
068027,Penne,PE,Abruzzo,65017,42.458215,13.927326
068028,Pescara,PE,Abruzzo,65121,42.310262,13.95759
068029,Pescosansonesco,PE,Abruzzo,65020,42.25446,13.884693
068030,Pianella,PE,Abruzzo,65019,42.396011,14.04627
068031,Picciano,PE,Abruzzo,65010,42.475642,13.989302
068032,Pietranico,PE,Abruzzo,65020,42.276237,13.910403
068033,Popoli,PE,Abruzzo,65026,42.171311,13.832817
068034,Roccamorice,PE,Abruzzo,65020,42.213499,14.024589
068035,Rosciano,PE,Abruzzo,65020,42.320692,14.042931
068036,Salle,PE,Abruzzo,65020,42.176935,13.961206
068037,Sant'Eufemia a Maiella,PE,Abruzzo,65020,42.126135,14.026508
068038,San Valentino in Abruzzo Citeriore,PE,Abruzzo,65020,42.233037,13.985606
068039,Scafa,PE,Abruzzo,65027,42.267138,13.999806
068040,Serramonacesca,PE,Abruzzo,65025,42.249033,14.093233
068041,Spoltore,PE,Abruzzo,65010,42.453456,14.140982
068042,Tocco da Casauria,PE,Abruzzo,65028,42.213694,13.913472
068043,Torre de' Passeri,PE,Abruzzo,65029,42.241891,13.930967
068044,Turrivalignani,PE,Abruzzo,65020,42.261938,14.026706
068045,Vicoli,PE,Abruzzo,65010,42.341438,13.897102
068046,Villa Celiera,PE,Abruzzo,65010,42.381842,13.858599
069001,Altino,CH,Abruzzo,66040,42.099337,14.331615
069002,Archi,CH,Abruzzo,66044,42.089937,14.381217
069003,Ari,CH,Abruzzo,66010,42.29234,14.263011
069004,Arielli,CH,Abruzzo,66030,42.382444,14.359279
069005,Atessa,CH,Abruzzo,66041,42.071806,14.448902
069006,Bomba,CH,Abruzzo,66042,42.034335,14.367117
069007,Borrello,CH,Abruzzo,66040,41.918932,14.304417
069008,Bucchianico,CH,Abruzzo,66011,42.30484,14.181009
069009,Montebello sul Sangro,CH,Abruzzo,66040,41.987272,14.325315
069010,Canosa Sannita,CH,Abruzzo,66010,42.295461,14.300705
069011,Carpineto Sinello,CH,Abruzzo,66030,42.012036,14.50502
069012,Carunchio,CH,Abruzzo,66050,41.916634,14.526722
069013,Casacanditella,CH,Abruzzo,66010,42.247439,14.19931
069014,Casalanguida,CH,Abruzzo,66031,42.036634,14.499355
069015,Casalbordino,CH,Abruzzo,66021,42.150601,14.584798
069016,Casalincontrada,CH,Abruzzo,66012,42.290153,14.134233
069017,Casoli,CH,Abruzzo,66043,42.114637,14.290214
069018,Castel Frentano,CH,Abruzzo,66032,42.197139,14.355214
069019,Castelguidone,CH,Abruzzo,66040,41.823647,14.524079
069020,Castiglione Messer Marino,CH,Abruzzo,66033,41.868255,14.453058
069021,Celenza sul Trigno,CH,Abruzzo,66050,41.87229,14.577907
069022,Chieti,CH,Abruzzo,66100,42.102718,14.415935
069023,Civitaluparella,CH,Abruzzo,66040,41.944945,14.303153
069024,Civitella Messer Raimondo,CH,Abruzzo,66010,42.088742,14.217162
069025,Colledimacine,CH,Abruzzo,66010,42.004433,14.200614
069026,Colledimezzo,CH,Abruzzo,66040,41.985659,14.38114
069027,Crecchio,CH,Abruzzo,66014,42.298544,14.326899
069028,Cupello,CH,Abruzzo,66051,42.069241,14.667807
069029,Dogliola,CH,Abruzzo,66050,41.941896,14.636275
069030,Fara Filiorum Petri,CH,Abruzzo,66010,42.248697,14.185918
069031,Fara San Martino,CH,Abruzzo,66015,42.089815,14.205333
069032,Filetto,CH,Abruzzo,66030,42.228224,14.245095
069033,Fossacesia,CH,Abruzzo,66022,42.244633,14.482904
069034,Fraine,CH,Abruzzo,66050,41.905434,14.486421
069035,Francavilla al Mare,CH,Abruzzo,66023,42.420643,14.28701
069036,Fresagrandinaria,CH,Abruzzo,66050,41.978949,14.663436
069037,Frisa,CH,Abruzzo,66030,42.26124,14.369414
069038,Furci,CH,Abruzzo,66050,42.007936,14.587875
069039,Gamberale,CH,Abruzzo,66040,41.906031,14.207315
069040,Gessopalena,CH,Abruzzo,66010,42.056635,14.273115
069041,Gissi,CH,Abruzzo,66052,42.021227,14.545748
069042,Giuliano Teatino,CH,Abruzzo,66010,42.307041,14.278811
069043,Guardiagrele,CH,Abruzzo,66016,42.195476,14.219712
069044,Guilmi,CH,Abruzzo,66050,41.997035,14.47842
069045,Lama dei Peligni,CH,Abruzzo,66010,42.041534,14.186213
069046,Lanciano,CH,Abruzzo,66034,42.230532,14.390779
069047,Lentella,CH,Abruzzo,66050,41.996262,14.67751
069048,Lettopalena,CH,Abruzzo,66010,42.004033,14.156813
069049,Liscia,CH,Abruzzo,66050,41.955235,14.555322
069050,Miglianico,CH,Abruzzo,66010,42.359239,14.292074
069051,Montazzoli,CH,Abruzzo,66030,41.948334,14.42912
069052,Monteferrante,CH,Abruzzo,66040,41.954734,14.388419
069053,Montelapiano,CH,Abruzzo,66040,41.96344,14.341565
069054,Montenerodomo,CH,Abruzzo,66010,41.975633,14.252815
069055,Monteodorisio,CH,Abruzzo,66050,42.085897,14.652681
069056,Mozzagrogna,CH,Abruzzo,66030,42.212756,14.444745
069057,Orsogna,CH,Abruzzo,66036,42.218939,14.279112
069058,Ortona,CH,Abruzzo,66026,42.349643,14.403913
069059,Paglieta,CH,Abruzzo,66020,42.163039,14.497318
069060,Palena,CH,Abruzzo,66017,41.984359,14.138041
069061,Palmoli,CH,Abruzzo,66050,41.939435,14.581423
069062,Palombaro,CH,Abruzzo,66010,42.124836,14.230613
069063,Pennadomo,CH,Abruzzo,66040,42.004834,14.324316
069064,Pennapiedimonte,CH,Abruzzo,66010,42.153076,14.194577
069065,Perano,CH,Abruzzo,66040,42.103137,14.394017
069066,Pizzoferrato,CH,Abruzzo,66040,41.921432,14.235716
069067,Poggiofiorito,CH,Abruzzo,66030,42.25494,14.322313
069068,Pollutri,CH,Abruzzo,66020,42.137839,14.591721
069069,Pretoro,CH,Abruzzo,66010,42.217225,14.141552
069070,Quadri,CH,Abruzzo,66040,41.924932,14.288217
069071,Rapino,CH,Abruzzo,66010,42.210738,14.18391
069072,Ripa Teatina,CH,Abruzzo,66010,42.358641,14.234109
069073,Roccamontepiano,CH,Abruzzo,66010,42.244281,14.12719
069074,Rocca San Giovanni,CH,Abruzzo,66020,42.25077,14.464841
069075,Roccascalegna,CH,Abruzzo,66040,42.062536,14.306815
069076,Roccaspinalveti,CH,Abruzzo,66050,41.937178,14.469959
069077,Roio del Sangro,CH,Abruzzo,66040,41.911533,14.373819
069078,Rosello,CH,Abruzzo,66040,41.900832,14.349818
069079,San Buono,CH,Abruzzo,66050,41.980836,14.569922
069080,San Giovanni Lipioni,CH,Abruzzo,66050,41.842854,14.561734
069081,San Giovanni Teatino,CH,Abruzzo,66020,42.410541,14.20103
069082,San Martino sulla Marrucina,CH,Abruzzo,66010,42.223373,14.21481
069083,San Salvo,CH,Abruzzo,66050,42.043326,14.72723
069084,Santa Maria Imbaro,CH,Abruzzo,66030,42.21774,14.449216
069085,Sant'Eusanio del Sangro,CH,Abruzzo,66037,42.168938,14.327114
069086,San Vito Chietino,CH,Abruzzo,66038,42.296042,14.444515
069087,Scerni,CH,Abruzzo,66020,42.111798,14.570095
069088,Schiavi di Abruzzo,CH,Abruzzo,66045,41.815132,14.485823
069089,Taranta Peligna,CH,Abruzzo,66018,42.020834,14.170513
069090,Tollo,CH,Abruzzo,66010,42.347997,14.318084
069091,Torino di Sangro,CH,Abruzzo,66020,42.18814,14.540819
069092,Tornareccio,CH,Abruzzo,66046,42.038136,14.416118
069093,Torrebruna,CH,Abruzzo,66050,41.868133,14.540823
069094,Torrevecchia Teatina,CH,Abruzzo,66010,42.381764,14.209267
069095,Torricella Peligna,CH,Abruzzo,66019,42.024534,14.259115
069096,Treglio,CH,Abruzzo,66030,42.267741,14.425515
069097,Tufillo,CH,Abruzzo,66050,41.916463,14.626006
069098,Vacri,CH,Abruzzo,66010,42.29624,14.23031
069099,Vasto,CH,Abruzzo,66054,42.12434,14.705923
069100,Villalfonsina,CH,Abruzzo,66020,42.16054,14.57162
069101,Villamagna,CH,Abruzzo,66010,42.328941,14.23611
069102,Villa Santa Maria,CH,Abruzzo,66047,41.952433,14.351818
069103,Pietraferrazzana,CH,Abruzzo,66040,41.968745,14.375353
069104,Fallo,CH,Abruzzo,66040,41.938333,14.323617
070001,Acquaviva Collecroce,CB,Molise,86030,41.867591,14.746793
070002,Baranello,CB,Molise,86011,41.526026,14.559428
070003,Bojano,CB,Molise,86021,41.485724,14.472927
070004,Bonefro,CB,Molise,86041,41.704533,14.933334
070005,Busso,CB,Molise,86010,41.556251,14.558531
070006,Campobasso,CB,Molise,86100,41.717265,14.826227
070007,Campochiaro,CB,Molise,86020,41.447524,14.508928
070008,Campodipietra,CB,Molise,86010,41.557028,14.746032
070009,Campolieto,CB,Molise,86040,41.632479,14.765437
070010,Campomarino,CB,Molise,86042,41.956269,15.034344
070011,Casacalenda,CB,Molise,86043,41.735812,14.846709
070012,Casalciprano,CB,Molise,86010,41.580358,14.528117
070013,Castelbottaccio,CB,Molise,86030,41.753125,14.706608
070014,Castellino del Biferno,CB,Molise,86020,41.701631,14.73113
070015,Castelmauro,CB,Molise,86031,41.829051,14.710291
070016,Castropignano,CB,Molise,86010,41.618328,14.559827
070017,Cercemaggiore,CB,Molise,86012,41.461326,14.723133
070018,Cercepiccola,CB,Molise,86010,41.460125,14.665431
070019,Civitacampomarano,CB,Molise,86030,41.780398,14.689977
070020,Colle d'Anchise,CB,Molise,86020,41.506325,14.516827
070021,Colletorto,CB,Molise,86044,41.662919,14.973364
070022,Duronia,CB,Molise,86020,41.658928,14.458424
070023,Ferrazzano,CB,Molise,86010,41.530947,14.671047
070024,Fossalto,CB,Molise,86020,41.672929,14.545726
070025,Gambatesa,CB,Molise,86013,41.509889,14.912052
070026,Gildone,CB,Molise,86010,41.510127,14.739232
070027,Guardialfiera,CB,Molise,86030,41.804234,14.79293
070028,Guardiaregia,CB,Molise,86014,41.435024,14.541729
070029,Guglionesi,CB,Molise,86034,41.913888,14.913613
070030,Jelsi,CB,Molise,86015,41.517928,14.798734
070031,Larino,CB,Molise,86035,41.805567,14.921098
070032,Limosano,CB,Molise,86022,41.67633,14.622428
070033,Lucito,CB,Molise,86030,41.731931,14.687228
070034,Lupara,CB,Molise,86030,41.762731,14.733009
070035,Macchia Valfortore,CB,Molise,86040,41.59503,14.911735
070036,Mafalda,CB,Molise,86030,41.941736,14.713226
070037,Matrice,CB,Molise,86030,41.614098,14.710208
070038,Mirabello Sannitico,CB,Molise,86010,41.515969,14.672509
070039,Molise,CB,Molise,86020,41.630828,14.492925
070040,Monacilioni,CB,Molise,86040,41.60993,14.808533
070041,Montagano,CB,Molise,86023,41.644929,14.675129
070042,Montecilfone,CB,Molise,86032,41.902536,14.836429
070043,Montefalcone nel Sannio,CB,Molise,86033,41.866634,14.638225
070044,Montelongo,CB,Molise,86040,41.73664,14.952977
070045,Montemitro,CB,Molise,86030,41.888027,14.64675
070046,Montenero di Bisaccia,CB,Molise,86036,42.06545,14.789569
070047,Montorio nei Frentani,CB,Molise,86040,41.759634,14.932733
070048,Morrone del Sannio,CB,Molise,86040,41.711532,14.779831
070049,Oratino,CB,Molise,86010,41.584765,14.587502
070050,Palata,CB,Molise,86037,41.890515,14.785357
070051,Petacciato,CB,Molise,86038,42.011439,14.860928
070052,Petrella Tifernina,CB,Molise,86024,41.691756,14.695449
070053,Pietracatella,CB,Molise,86040,41.58116,14.873732
070054,Pietracupa,CB,Molise,86020,41.682529,14.519325
070055,Portocannone,CB,Molise,86045,41.915141,15.009268
070056,Provvidenti,CB,Molise,86040,41.71878,14.822378
070057,Riccia,CB,Molise,86016,41.483976,14.835084
070058,Ripabottoni,CB,Molise,86040,41.689231,14.808331
070059,Ripalimosani,CB,Molise,86025,41.611029,14.662729
070060,Roccavivara,CB,Molise,86020,41.834233,14.599925
070061,Rotello,CB,Molise,86040,41.746873,15.00639
070062,Salcito,CB,Molise,86026,41.74753,14.510124
070063,San Biase,CB,Molise,86020,41.715511,14.588776
070064,San Felice del Molise,CB,Molise,86030,41.891035,14.700526
070065,San Giacomo degli Schiavoni,CB,Molise,86030,41.963238,14.946431
070066,San Giovanni in Galdo,CB,Molise,86010,41.590029,14.750332
070067,San Giuliano del Sannio,CB,Molise,86010,41.456409,14.641194
070068,San Giuliano di Puglia,CB,Molise,86040,41.684524,14.964406
070069,San Martino in Pensilis,CB,Molise,86046,41.870437,15.011151
070070,San Massimo,CB,Molise,86027,41.492924,14.410225
070071,San Polo Matese,CB,Molise,86020,41.459324,14.493428
070072,Santa Croce di Magliano,CB,Molise,86047,41.71241,14.993378
070073,Sant'Angelo Limosano,CB,Molise,86020,41.69333,14.603427
070074,Sant'Elia a Pianisi,CB,Molise,86048,41.62043,14.875234
070075,Sepino,CB,Molise,86017,41.408024,14.618331
070076,Spinete,CB,Molise,86020,41.544926,14.486226
070077,Tavenna,CB,Molise,86030,41.908636,14.762527
070078,Termoli,CB,Molise,86039,41.998327,14.993937
070079,Torella del Sannio,CB,Molise,86028,41.639828,14.519526
070080,Toro,CB,Molise,86018,41.572428,14.764932
070081,Trivento,CB,Molise,86029,41.781407,14.551125
070082,Tufara,CB,Molise,86010,41.481675,14.94645
070083,Ururi,CB,Molise,86049,41.816536,15.016134
070084,Vinchiaturo,CB,Molise,86019,41.492925,14.590729
094001,Acquaviva d'Isernia,IS,Molise,86080,41.672126,14.148917
094002,Agnone,IS,Molise,86081,41.809561,14.377046
094003,Bagnoli del Trigno,IS,Molise,86091,41.703029,14.456523
094004,Belmonte del Sannio,IS,Molise,86080,41.823931,14.422121
094005,Cantalupo nel Sannio,IS,Molise,86092,41.521825,14.392925
094006,Capracotta,IS,Molise,86082,41.833903,14.264244
094007,Carovilli,IS,Molise,86083,41.714248,14294
094008,Carpinone,IS,Molise,86093,41.590426,14.323322
094009,Castel del Giudice,IS,Molise,86080,41.854635,14.230975
094010,Castelpetroso,IS,Molise,86090,41.559425,14.345023
094011,Castelpizzuto,IS,Molise,86090,41.521724,14.292322
094012,Castel San Vincenzo,IS,Molise,86071,41.655383,14.062427
094013,Castelverrino,IS,Molise,86080,41.76643,14.397621
094014,Cerro al Volturno,IS,Molise,86072,41.655925,14.102316
094015,Chiauci,IS,Molise,86097,41.677847,14.385538
094016,Civitanova del Sannio,IS,Molise,86094,41.667928,14.403823
094017,Colli a Volturno,IS,Molise,86073,41.598724,14.104917
094018,Conca Casale,IS,Molise,86070,41.495121,14.006816
094019,Filignano,IS,Molise,86074,41.545332,14.056175
094020,Forlì del Sannio,IS,Molise,86084,41.695927,14.179517
094021,Fornelli,IS,Molise,86070,41.606727,14.139489
094022,Frosolone,IS,Molise,86095,41.600627,14.446525
094023,Isernia,IS,Molise,86170,41.649468,14.208148
094024,Longano,IS,Molise,86090,41.521623,14.245621
094025,Macchia d'Isernia,IS,Molise,86070,41.561624,14.167119
094026,Macchiagodena,IS,Molise,86096,41.559826,14.407824
094027,Miranda,IS,Molise,86080,41.645126,14.24632
094028,Montaquila,IS,Molise,86070,41.566723,14.112618
094029,Montenero Val Cocchiara,IS,Molise,86080,41.716826,14.069415
094030,Monteroduni,IS,Molise,86075,41.521123,14.17702
094031,Pesche,IS,Molise,86090,41.611068,14.281951
094032,Pescolanciano,IS,Molise,86097,41.678427,14.337221
094033,Pescopennataro,IS,Molise,86080,41.878971,14.29332
094034,Pettoranello del Molise,IS,Molise,86090,41.573125,14.277521
094035,Pietrabbondante,IS,Molise,86085,41.747129,14.384421
094036,Pizzone,IS,Molise,86071,41.666936,14.035567
094037,Poggio Sannita,IS,Molise,86086,41.778834,14.4142
094038,Pozzilli,IS,Molise,86077,41.511422,14.062517
094039,Rionero Sannitico,IS,Molise,86087,41.711927,14.138616
094040,Roccamandolfi,IS,Molise,86092,41.497124,14.353824
094041,Roccasicura,IS,Molise,86080,41.69682,14.233532
094042,Rocchetta a Volturno,IS,Molise,86070,41.624626,14.086261
094043,San Pietro Avellana,IS,Molise,86088,41.790629,14.182216
094044,Sant'Agapito,IS,Molise,86070,41.544597,14.222944
094045,Santa Maria del Molise,IS,Molise,86096,41.552725,14.368224
094046,Sant'Angelo del Pesco,IS,Molise,86080,41.882631,14.254917
094047,Sant'Elena Sannita,IS,Molise,86095,41.575842,14.469593
094048,Scapoli,IS,Molise,86070,41.615524,14.058716
094049,Sessano del Molise,IS,Molise,86097,41.638162,14.331565
094050,Sesto Campano,IS,Molise,86078,41.42042,14.077819
094051,Vastogirardi,IS,Molise,86089,41.774129,14.260418
094052,Venafro,IS,Molise,86079,41.483425,14.045112
061001,Ailano,CE,Campania,81010,41.390624,14.203199
061002,Alife,CE,Campania,81011,41.32612,14.334026
061003,Alvignano,CE,Campania,81012,41.219342,14.352737
061004,Arienzo,CE,Campania,81021,41.024257,14.497052
061005,Aversa,CE,Campania,81031,40.973212,14.204928
061006,Baia e Latina,CE,Campania,81010,41.302919,14.252124
061007,Bellona,CE,Campania,81041,41.160016,14.232326
061008,Caianello,CE,Campania,81059,41.300234,14.088442
061009,Caiazzo,CE,Campania,81013,41.178322,14.364948
061010,Calvi Risorta,CE,Campania,81042,41.216538,14.128731
061011,Camigliano,CE,Campania,81050,41.179816,14.209525
061012,Cancello ed Arnone,CE,Campania,81030,41.074112,14.027423
061013,Capodrise,CE,Campania,81020,41.04414,14.303337
061014,Capriati a Volturno,CE,Campania,81014,41.468622,14.14542
061015,Capua,CE,Campania,81043,41.107998,14.209718
061016,Carinaro,CE,Campania,81032,40.983584,14.218991
061017,Carinola,CE,Campania,81030,41.170677,14.015459
061018,Casagiove,CE,Campania,81022,41.074715,14.307729
061019,Casal di Principe,CE,Campania,81033,41.011412,14.124825
061020,Casaluce,CE,Campania,81030,41.001912,14.198027
061021,Casapulla,CE,Campania,81020,41.075314,14.289728
061022,Caserta,CE,Campania,81100,41.203483,14.117058
061023,Castel Campagnano,CE,Campania,81010,41.181553,14.452504
061024,Castel di Sasso,CE,Campania,81040,41.192288,14.280644
061025,Castello del Matese,CE,Campania,81016,41.366721,14.377726
061026,Castel Morrone,CE,Campania,81020,41.121016,14.354729
061027,Castel Volturno,CE,Campania,81030,41.034313,13.940835
061028,Cervino,CE,Campania,81023,41.040015,14.424032
061029,Cesa,CE,Campania,81030,40.964412,14.230128
061030,Ciorlano,CE,Campania,81010,41.450221,14.15832
061031,Conca della Campania,CE,Campania,81044,41.352332,13.996595
061032,Curti,CE,Campania,81040,41.072914,14.273928
061033,Dragoni,CE,Campania,81010,41.27024,14.309773
061034,Fontegreca,CE,Campania,81014,41.455522,14.183621
061035,Formicola,CE,Campania,81040,41.21044,14.232798
061036,Francolise,CE,Campania,81050,41.185015,14.056722
061037,Frignano,CE,Campania,81030,40.997933,14.179376
061038,Gallo Matese,CE,Campania,81010,41.464522,14.225022
061039,Galluccio,CE,Campania,81044,41.352318,13.953717
061040,Giano Vetusto,CE,Campania,81042,41.202716,14.193424
061041,Gioia Sannitica,CE,Campania,81010,41.30012,14.444129
061042,Grazzanise,CE,Campania,81046,41.089413,14.100324
061043,Gricignano di Aversa,CE,Campania,81030,40.980092,14.233711
061044,Letino,CE,Campania,81010,41.453022,14.255422
061045,Liberi,CE,Campania,81040,41.227818,14.290026
061046,Lusciano,CE,Campania,81030,40.970012,14.190427
061047,Macerata Campania,CE,Campania,81047,41.063314,14.273728
061048,Maddaloni,CE,Campania,81024,41.039924,14.376687
061049,Marcianise,CE,Campania,81025,41.032997,14.298423
061050,Marzano Appio,CE,Campania,81035,41.320038,14.052279
061051,Mignano Monte Lungo,CE,Campania,81049,41.405919,13.985517
061052,Mondragone,CE,Campania,81034,41.114112,13.893519
061053,Orta di Atella,CE,Campania,81030,40.966512,14.268029
061054,Parete,CE,Campania,81030,40.958911,14.161927
061055,Pastorano,CE,Campania,81050,41.180816,14.198225
061056,Piana di Monte Verna,CE,Campania,81013,41.167117,14.333728
061057,Piedimonte Matese,CE,Campania,81016,41.350819,14.368032
061058,Pietramelara,CE,Campania,81051,41.271728,14.188005
061059,Pietravairano,CE,Campania,81040,41.325219,14.165922
061060,Pignataro Maggiore,CE,Campania,81052,41.190816,14.172324
061061,Pontelatone,CE,Campania,81040,41.193517,14.251726
061062,Portico di Caserta,CE,Campania,81050,41.056514,14.279428
061063,Prata Sannita,CE,Campania,81010,41.432821,14.202722
061064,Pratella,CE,Campania,81010,41.405825,14.178097
061065,Presenzano,CE,Campania,81050,41.376619,14.07642
061066,Raviscanina,CE,Campania,81017,41.379398,14.233533
061067,Recale,CE,Campania,81020,41.055114,14.304029
061068,Riardo,CE,Campania,81053,41.262717,14.151923
061069,Rocca d'Evandro,CE,Campania,81040,41.389018,13.908116
061070,Roccamonfina,CE,Campania,81035,41.288404,13.982838
061071,Roccaromana,CE,Campania,81051,41.273963,14.222289
061072,Rocchetta e Croce,CE,Campania,81042,41.234172,14.169838
061073,Ruviano,CE,Campania,81010,41.210318,14.409229
061074,San Cipriano d'Aversa,CE,Campania,81036,40.998812,14.131726
061075,San Felice a Cancello,CE,Campania,81027,41.012394,14.482993
061076,San Gregorio Matese,CE,Campania,81010,41.385228,14.37505
061077,San Marcellino,CE,Campania,81030,40.986454,14.175332
061078,San Nicola la Strada,CE,Campania,81020,41.051814,14.331329
061079,San Pietro Infine,CE,Campania,81049,41.44592,13.961516
061080,San Potito Sannitico,CE,Campania,81016,41.337736,14.392902
061081,San Prisco,CE,Campania,81054,41.087115,14.278228
061082,Santa Maria a Vico,CE,Campania,81028,41.026857,14.465186
061083,Santa Maria Capua Vetere,CE,Campania,81055,41.079922,14.256397
061084,Santa Maria la Fossa,CE,Campania,81050,41.091714,14.128224
061085,San Tammaro,CE,Campania,81050,41.075902,14.231671
061086,Sant'Angelo d'Alife,CE,Campania,81017,41.3592,14.263586
061087,Sant'Arpino,CE,Campania,81030,40.959512,14.248929
061088,Sessa Aurunca,CE,Campania,81037,41.236934,13.93473
061089,Sparanise,CE,Campania,81056,41.186815,14.093722
061090,Succivo,CE,Campania,81030,40.968012,14.255629
061091,Teano,CE,Campania,81057,41.251084,14.067151
061092,Teverola,CE,Campania,81030,40.995572,14.207373
061093,Tora e Piccilli,CE,Campania,81044,41.338609,14.022498
061094,Trentola Ducenta,CE,Campania,81038,40.97623,14.177166
061095,Vairano Patenora,CE,Campania,81058,41.337019,14.131121
061096,Valle Agricola,CE,Campania,81010,41.425021,14.255023
061097,Valle di Maddaloni,CE,Campania,81020,41.079515,14.415631
061098,Villa di Briano,CE,Campania,81030,41.000012,14.160726
061099,Villa Literno,CE,Campania,81039,41.009912,14.080525
061100,Vitulazio,CE,Campania,81041,41.164116,14.216925
061101,Falciano del Massico,CE,Campania,81030,41.165122,13.949453
061102,Cellole,CE,Campania,81030,41.204814,13.854317
061103,Casapesenna,CE,Campania,81030,40.991512,14.136126
061104,San Marco Evangelista,CE,Campania,81020,41.037018,14.336294
062001,Airola,BN,Campania,82011,41.061022,14.55843
062002,Amorosi,BN,Campania,82031,41.202918,14.461636
062003,Apice,BN,Campania,82021,41.118424,14.914866
062004,Apollosa,BN,Campania,82030,41.094118,14.705337
062005,Arpaia,BN,Campania,82011,41.036126,14.546974
062006,Arpaise,BN,Campania,82010,41.029817,14.744083
062007,Baselice,BN,Campania,82020,41.393726,14.972839
062008,Benevento,BN,Campania,82100,41.247688,14.705941
062009,Bonea,BN,Campania,82013,41.075206,14.618001
062010,Bucciano,BN,Campania,82010,41.076113,14.572337
062011,Buonalbergo,BN,Campania,82020,41.223077,14.979821
062012,Calvi,BN,Campania,82018,41.071619,14.865241
062013,Campolattaro,BN,Campania,82020,41.286622,14.729435
062014,Campoli del Monte Taburno,BN,Campania,82030,41.131518,14.645935
062015,Casalduni,BN,Campania,82027,41.260229,14.69609
062016,Castelfranco in Miscano,BN,Campania,82022,41.297337,15.085522
062017,Castelpagano,BN,Campania,82024,41.401725,14.808035
062018,Castelpoto,BN,Campania,82030,41.140927,14.701937
062019,Castelvenere,BN,Campania,82037,41.23482,14.546532
062020,Castelvetere in Val Fortore,BN,Campania,82023,41.441965,14.939563
062021,Cautano,BN,Campania,82030,41.149313,14.638083
062022,Ceppaloni,BN,Campania,82010,41.044533,14.760051
062023,Cerreto Sannita,BN,Campania,82032,41.284472,14.558945
062024,Circello,BN,Campania,82020,41.357518,14.809056
062025,Colle Sannita,BN,Campania,82024,41.364683,14.833232
062026,Cusano Mutri,BN,Campania,82033,41.339082,14.507318
062027,Dugenta,BN,Campania,82030,41.132217,14.452431
062028,Durazzano,BN,Campania,82015,41.062481,14.447478
062029,Faicchio,BN,Campania,82030,41.278031,14.478745
062030,Foglianise,BN,Campania,82030,41.160133,14.671322
062031,Foiano di Val Fortore,BN,Campania,82020,41.351825,14.97734
062032,Forchia,BN,Campania,82011,41.030225,14.537343
062033,Fragneto l'Abate,BN,Campania,82020,41.256187,14.782426
062034,Fragneto Monforte,BN,Campania,82020,41.246039,14.760604
062035,Frasso Telesino,BN,Campania,82030,41.156818,14.527832
062036,Ginestra degli Schiavoni,BN,Campania,82020,41.279924,15.043742
062037,Guardia Sanframondi,BN,Campania,82034,41.256353,14.599527
062038,Limatola,BN,Campania,82030,41.140817,14.39293
062039,Melizzano,BN,Campania,82030,41.16057,14.50531
062040,Moiano,BN,Campania,82010,41.079609,14.543006
062041,Molinara,BN,Campania,82020,41.29063,14.910343
062042,Montefalcone di Val Fortore,BN,Campania,82025,41.325991,15.009059
062043,Montesarchio,BN,Campania,82016,41.063923,14.639788
062044,Morcone,BN,Campania,82026,41.341101,14.663626
062045,Paduli,BN,Campania,82020,41.167202,14.883597
062046,Pago Veiano,BN,Campania,82020,41.247922,14.871339
062047,Pannarano,BN,Campania,82017,41.010215,14.703342
062048,Paolisi,BN,Campania,82011,41.037084,14.578152
062049,Paupisi,BN,Campania,82030,41.19532,14.665235
062050,Pesco Sannita,BN,Campania,82020,41.233594,14.811333
062051,Pietraroja,BN,Campania,82030,41.347822,14.54963
062052,Pietrelcina,BN,Campania,82020,41.199421,14.844139
062053,Ponte,BN,Campania,82030,41.214732,14.696327
062054,Pontelandolfo,BN,Campania,82027,41.287114,14.692288
062055,Puglianello,BN,Campania,82030,41.223419,14.45043
062056,Reino,BN,Campania,82020,41.291903,14.823823
062057,San Bartolomeo in Galdo,BN,Campania,82028,41.409682,15.015391
062058,San Giorgio del Sannio,BN,Campania,82018,41.069327,14.852458
062059,San Giorgio La Molara,BN,Campania,82020,41.270908,14.920083
062060,San Leucio del Sannio,BN,Campania,82010,41.074418,14.757438
062061,San Lorenzello,BN,Campania,82030,41.277366,14.542832
062062,San Lorenzo Maggiore,BN,Campania,82034,41.251227,14.626944
062063,San Lupo,BN,Campania,82034,41.260105,14.635629
062064,San Marco dei Cavoti,BN,Campania,82029,41.310603,14.878952
062065,San Martino Sannita,BN,Campania,82010,41.066218,14.83584
062066,San Nazzaro,BN,Campania,82018,41.05239,14.856356
062067,San Nicola Manfredi,BN,Campania,82010,41.071768,14.824534
062068,San Salvatore Telesino,BN,Campania,82030,41.236019,14.499131
062069,Santa Croce del Sannio,BN,Campania,82020,41.387456,14.732203
062070,Sant'Agata de' Goti,BN,Campania,82019,41.088538,14.503793
062071,Sant'Angelo a Cupolo,BN,Campania,82010,41.069118,14.80374
062072,Sassinoro,BN,Campania,82026,41.374724,14.664532
062073,Solopaca,BN,Campania,82036,41.194566,14.553363
062074,Telese Terme,BN,Campania,82037,41.216414,14527
062075,Tocco Caudio,BN,Campania,82030,41.125159,14.634268
062076,Torrecuso,BN,Campania,82030,41.18974,14.680055
062077,Vitulano,BN,Campania,82038,41.173979,14.645624
062078,Sant'Arcangelo Trimonte,BN,Campania,82021,41.165512,14.939038
063001,Acerra,NA,Campania,80011,40.946053,14.375008
063002,Afragola,NA,Campania,80021,40.926012,14.310831
063003,Agerola,NA,Campania,80051,40.637707,14.538839
063004,Anacapri,NA,Campania,80071,40.55577,14.213604
063005,Arzano,NA,Campania,80022,40.91602,14.268018
063006,Bacoli,NA,Campania,80070,40.796613,14.077783
063007,Barano d'Ischia,NA,Campania,80070,40.709018,13.918602
063008,Boscoreale,NA,Campania,80041,40.77404,14.477432
063009,Boscotrecase,NA,Campania,80042,40.77431,14.462036
063010,Brusciano,NA,Campania,80031,40.923212,14.423933
063011,Caivano,NA,Campania,80023,40.957112,14.31023
063012,Calvizzano,NA,Campania,80012,40.905696,14.19329
063013,Camposano,NA,Campania,80030,40.953743,14.529154
063014,Capri,NA,Campania,80073,40.548775,14.228087
063015,Carbonara di Nola,NA,Campania,80030,40.874228,14.57863
063016,Cardito,NA,Campania,80024,40.942012,14.29943
063017,Casalnuovo di Napoli,NA,Campania,80013,40.914819,14.351125
063018,Casamarciano,NA,Campania,80032,40.931618,14.553477
063019,Casamicciola Terme,NA,Campania,80074,40.747356,13.907512
063020,Casandrino,NA,Campania,80025,40.935864,14.248805
063021,Casavatore,NA,Campania,80020,40.899211,14.27663
063022,Casola di Napoli,NA,Campania,80050,40.696037,14.533447
063023,Casoria,NA,Campania,80026,40.904557,14.290122
063024,Castellammare di Stabia,NA,Campania,80053,40.694305,14.480481
063025,Castello di Cisterna,NA,Campania,80030,40.915112,14.406233
063026,Cercola,NA,Campania,80040,40.857682,14.355158
063027,Cicciano,NA,Campania,80033,40.964714,14.538935
063028,Cimitile,NA,Campania,80030,40.940513,14.525435
063029,Comiziano,NA,Campania,80030,40.952142,14.551436
063030,Crispano,NA,Campania,80020,40.952512,14.28993
063031,Forio,NA,Campania,80075,40.736842,13.858135
063032,Frattamaggiore,NA,Campania,80027,40.941426,14.272209
063033,Frattaminore,NA,Campania,80020,40.95574,14.270948
063034,Giugliano in Campania,NA,Campania,80014,40.928687,14.200699
063035,Gragnano,NA,Campania,80054,40.69,14.521065
063036,Grumo Nevano,NA,Campania,80028,40.938154,14.259269
063037,Ischia,NA,Campania,80077,40.734205,13.947125
063038,Lacco Ameno,NA,Campania,80076,40.75097,13.89006
063039,Lettere,NA,Campania,80050,40.704909,14.544939
063040,Liveri,NA,Campania,80030,40.904713,14.565937
063041,Marano di Napoli,NA,Campania,80016,40.89761,14.190528
063042,Mariglianella,NA,Campania,80030,40.929513,14.435833
063043,Marigliano,NA,Campania,80034,40.924914,14.456867
063044,Massa Lubrense,NA,Campania,80061,40.611036,14.345089
063045,Melito di Napoli,NA,Campania,80017,40.920511,14.230029
063046,Meta,NA,Campania,80062,40.639206,14.418237
063047,Monte di Procida,NA,Campania,80070,40.800907,14.051827
063048,Mugnano di Napoli,NA,Campania,80018,40.9093,14.206835
063049,Napoli,NA,Campania,80123,40.835934,14.248783
063050,Nola,NA,Campania,80035,40.921083,14.53274
063051,Ottaviano,NA,Campania,80044,40.849818,14.490127
063052,Palma Campania,NA,Campania,80036,40.864917,14.548733
063053,Piano di Sorrento,NA,Campania,80063,40.632645,14.411091
063054,Pimonte,NA,Campania,80050,40.673608,14.509838
063055,Poggiomarino,NA,Campania,80040,40.803111,14.539037
063056,Pollena Trocchia,NA,Campania,80040,40.854635,14.379468
063057,Pomigliano d'Arco,NA,Campania,80038,40.907912,14.386233
063058,Pompei,NA,Campania,80045,40.749127,14.500642
063059,Portici,NA,Campania,80055,40.818973,14.338745
063060,Pozzuoli,NA,Campania,80078,40.822643,14.121911
063061,Procida,NA,Campania,80079,40.764999,14.023906
063062,Qualiano,NA,Campania,80019,40.918836,14.153611
063063,Quarto,NA,Campania,80010,40.877194,14.140159
063064,Ercolano,NA,Campania,80056,40.805361,14.347104
063065,Roccarainola,NA,Campania,80030,40.971255,14.561026
063066,San Gennaro Vesuviano,NA,Campania,80040,40.8604,14.529168
063067,San Giorgio a Cremano,NA,Campania,80046,40.829296,14.334168
063068,San Giuseppe Vesuviano,NA,Campania,80047,40.829811,14.504436
063069,San Paolo Bel Sito,NA,Campania,80030,40.914813,14.546736
063070,San Sebastiano al Vesuvio,NA,Campania,80040,40.843565,14.36995
063071,Sant'Agnello,NA,Campania,80065,40.630006,14.397136
063072,Sant'Anastasia,NA,Campania,80048,40.866911,14.404833
063073,Sant'Antimo,NA,Campania,80029,40.945711,14.231429
063074,Sant'Antonio Abate,NA,Campania,80057,40.723709,14.546538
063075,San Vitaliano,NA,Campania,80030,40.927213,14.480134
063076,Saviano,NA,Campania,80039,40.905613,14.505035
063077,Scisciano,NA,Campania,80030,40.916013,14.485735
063078,Serrara Fontana,NA,Campania,80070,40.717945,13.893526
063079,Somma Vesuviana,NA,Campania,80049,40.871615,14.436142
063080,Sorrento,NA,Campania,80067,40.624906,14.374836
063081,Striano,NA,Campania,80040,40.815855,14.576468
063082,Terzigno,NA,Campania,80040,40.812442,14.496484
063083,Torre Annunziata,NA,Campania,80058,40.752524,14.455004
063084,Torre del Greco,NA,Campania,80059,40.787921,14.368281
063085,Tufino,NA,Campania,80030,40.954114,14.565936
063086,Vico Equense,NA,Campania,80069,40.662296,14.426382
063087,Villaricca,NA,Campania,80010,40.921611,14.189828
063088,Visciano,NA,Campania,80030,40.925414,14.582837
063089,Volla,NA,Campania,80040,40.878411,14.342932
063090,Santa Maria la Carità,NA,Campania,80050,40.721003,14.51282
063091,Trecase,NA,Campania,80040,40.770891,14.439651
063092,Massa di Somma,NA,Campania,80040,40.847631,14.374302
064001,Aiello del Sabato,AV,Campania,83020,40.887194,14.819448
064002,Altavilla Irpina,AV,Campania,83011,41.00616,14.777679
064003,Andretta,AV,Campania,83040,40.938476,15.32775
064004,Aquilonia,AV,Campania,83041,40.986721,15.474455
064005,Ariano Irpino,AV,Campania,83031,41.152667,15.088563
064006,Atripalda,AV,Campania,83042,40.920812,14.833499
064007,Avella,AV,Campania,83021,40.958914,14.600537
064008,Avellino,AV,Campania,83100,40.996545,15.140569
064009,Bagnoli Irpino,AV,Campania,83043,40.833115,15.072549
064010,Baiano,AV,Campania,83022,40.952514,14.616737
064011,Bisaccia,AV,Campania,83044,41.012121,15.374753
064012,Bonito,AV,Campania,83032,41.09772,15.001344
064013,Cairano,AV,Campania,83040,40.896819,15.370354
064014,Calabritto,AV,Campania,83040,40.782215,15.223953
064015,Calitri,AV,Campania,83045,40.902119,15.430556
064016,Candida,AV,Campania,83040,40.9423,14.875183
064017,Caposele,AV,Campania,83040,40.816374,15.223939
064018,Capriglia Irpina,AV,Campania,83010,40.960316,14.77724
064019,Carife,AV,Campania,83040,41.028106,15.208662
064020,Casalbore,AV,Campania,83034,41.233923,15.006742
064021,Cassano Irpino,AV,Campania,83040,40.870416,15.025947
064022,Castel Baronia,AV,Campania,83040,41.047421,15.188748
064023,Castelfranci,AV,Campania,83040,40.931317,15.043247
064024,Castelvetere sul Calore,AV,Campania,83040,40.928717,14.986145
064025,Cervinara,AV,Campania,83012,41.021928,14.613291
064026,Cesinali,AV,Campania,83020,40.895526,14.828328
064027,Chianche,AV,Campania,83010,41.046157,14.789589
064028,Chiusano di San Domenico,AV,Campania,83040,40.933116,14.916344
064029,Contrada,AV,Campania,83020,40.866527,14.776031
064030,Conza della Campania,AV,Campania,83040,40.858592,15.336066
064031,Domicella,AV,Campania,83020,40.880013,14.587737
064032,Flumeri,AV,Campania,83040,41.077821,15.147747
064033,Fontanarosa,AV,Campania,83040,41.018361,15.02099
064034,Forino,AV,Campania,83020,40.861973,14.734796
064035,Frigento,AV,Campania,83040,41.011319,15.099747
064036,Gesualdo,AV,Campania,83040,41.006719,15.072446
064037,Greci,AV,Campania,83030,41.251825,15.169145
064038,Grottaminarda,AV,Campania,83035,41.06972,15.058945
064039,Grottolella,AV,Campania,83010,40.972716,14.78704
064040,Guardia Lombardi,AV,Campania,83040,40.953719,15.20885
064041,Lacedonia,AV,Campania,83046,41.051222,15.423854
064042,Lapio,AV,Campania,83030,40.981117,14.946344
064043,Lauro,AV,Campania,83023,40.879968,14.629467
064044,Lioni,AV,Campania,83047,40.876517,15.187751
064045,Luogosano,AV,Campania,83040,40.985631,14.991956
064046,Manocalzati,AV,Campania,83030,40.941865,14.849804
064047,Marzano di Nola,AV,Campania,83020,40.90272,14.584093
064048,Melito Irpino,AV,Campania,83030,41.103253,15.052042
064049,Mercogliano,AV,Campania,83013,40.920162,14.738605
064050,Mirabella Eclano,AV,Campania,83036,41.044919,14.998744
064051,Montaguto,AV,Campania,83030,41.248725,15.248447
064052,Montecalvo Irpino,AV,Campania,83037,41.195623,15.033443
064053,Montefalcione,AV,Campania,83030,40.961038,14.882215
064054,Monteforte Irpino,AV,Campania,83024,40.891922,14.713905
064055,Montefredane,AV,Campania,83030,40.962395,14.810959
064056,Montefusco,AV,Campania,83030,41.037618,14.854941
064057,Montella,AV,Campania,83048,40.843856,15.017955
064058,Montemarano,AV,Campania,83040,40.915216,14.997646
064059,Montemiletto,AV,Campania,83038,41.011342,14.908704
064060,Monteverde,AV,Campania,83049,40.998922,15.534157
064063,Morra De Sanctis,AV,Campania,83040,40.929019,15.242851
064064,Moschiano,AV,Campania,83020,40.874246,14.658358
064065,Mugnano del Cardinale,AV,Campania,83027,40.943014,14.635638
064066,Nusco,AV,Campania,83051,40.88695,15.084004
064067,Ospedaletto d'Alpinolo,AV,Campania,83014,40.938671,14.743934
064068,Pago del Vallo di Lauro,AV,Campania,83020,40.897213,14.607638
064069,Parolise,AV,Campania,83050,40.930941,14.88177
064070,Paternopoli,AV,Campania,83052,40.97332,15.032045
064071,Petruro Irpino,AV,Campania,83010,41.031917,14.79754
064072,Pietradefusi,AV,Campania,83030,41.044191,14.883407
064073,Pietrastornina,AV,Campania,83015,40.991741,14.729245
064074,Prata di Principato Ultra,AV,Campania,83030,40.985973,14.837514
064075,Pratola Serra,AV,Campania,83039,40.987017,14.852642
064076,Quadrelle,AV,Campania,83020,40.946996,14.63826
064077,Quindici,AV,Campania,83020,40.863313,14.647539
064078,Roccabascerana,AV,Campania,83016,41.018443,14.716318
064079,Rocca San Felice,AV,Campania,83050,40.95146,15.164394
064080,Rotondi,AV,Campania,83017,41.03118,14.596753
064081,Salza Irpina,AV,Campania,83050,40.920063,14.88935
064082,San Mango sul Calore,AV,Campania,83050,40.958117,14.972745
064083,San Martino Valle Caudina,AV,Campania,83018,41.023025,14.662237
064084,San Michele di Serino,AV,Campania,83020,40.877296,14.856309
064085,San Nicola Baronia,AV,Campania,83050,41.058521,15.199148
064086,San Potito Ultra,AV,Campania,83050,40.928116,14.873051
064087,San Sossio Baronia,AV,Campania,83050,41.071221,15.200548
064088,Santa Lucia di Serino,AV,Campania,83020,40.870415,14.875944
064089,Sant'Andrea di Conza,AV,Campania,83053,40.844818,15.369655
064090,Sant'Angelo all'Esca,AV,Campania,83050,41.006618,14.993045
064091,Sant'Angelo a Scala,AV,Campania,83010,40.974575,14.740186
064092,Sant'Angelo dei Lombardi,AV,Campania,83054,40.92703,15.177524
064093,Santa Paolina,AV,Campania,83030,41.021718,14.847241
064095,Santo Stefano del Sole,AV,Campania,83050,40.893915,14.868543
064096,Savignano Irpino,AV,Campania,83030,41.228524,15.179246
064097,Scampitella,AV,Campania,83050,41.092522,15.29995
064098,Senerchia,AV,Campania,83050,40.74039,15.200979
064099,Serino,AV,Campania,83028,40.856714,14.870566
064100,Sirignano,AV,Campania,83020,40.951014,14.631594
064101,Solofra,AV,Campania,83029,40.829131,14.845652
064102,Sorbo Serpico,AV,Campania,83050,40.916928,14.887097
064103,Sperone,AV,Campania,83020,40.952359,14.60328
064104,Sturno,AV,Campania,83055,41.019827,15.111318
064105,Summonte,AV,Campania,83010,40.949488,14.744804
064106,Taurano,AV,Campania,83020,40.884069,14.634006
064107,Taurasi,AV,Campania,83030,41.008718,14.958644
064108,Teora,AV,Campania,83056,40.852817,15.253352
064109,Torella dei Lombardi,AV,Campania,83057,40.939718,15.115048
064110,Torre Le Nocelle,AV,Campania,83030,41.023118,14.909343
064111,Torrioni,AV,Campania,83010,41.033453,14.813023
064112,Trevico,AV,Campania,83058,41.048421,15.233449
064113,Tufo,AV,Campania,83010,41.010298,14.823317
064114,Vallata,AV,Campania,83059,41.037221,15.25215
064115,Vallesaccarda,AV,Campania,83050,41.06276,15.251783
064116,Venticano,AV,Campania,83030,41.049124,14.917637
064117,Villamaina,AV,Campania,83050,40.969418,15.090047
064118,Villanova del Battista,AV,Campania,83030,41.120822,15.158747
064119,Volturara Irpina,AV,Campania,83050,40.878104,14.917085
064120,Zungoli,AV,Campania,83030,41.125322,15.203648
064121,Montoro,AV,Campania,83025,40.832876,14.791777
065001,Acerno,SA,Campania,84042,40.737713,15.056949
065002,Agropoli,SA,Campania,84043,40.346905,14.996553
065003,Albanella,SA,Campania,84044,40.478422,15.116608
065004,Alfano,SA,Campania,84040,40.177505,15.425165
065005,Altavilla Silentina,SA,Campania,84045,40.530241,15.131031
065006,Amalfi,SA,Campania,84011,40.63367,14.60261
065007,Angri,SA,Campania,84012,40.737659,14.572283
065008,Aquara,SA,Campania,84020,40.443909,15.253857
065009,Ascea,SA,Campania,84046,40.141602,15.18576
065010,Atena Lucana,SA,Campania,84030,40.455111,15.557264
065011,Atrani,SA,Campania,84010,40.636908,14.607541
065012,Auletta,SA,Campania,84031,40.558841,15.42489
065013,Baronissi,SA,Campania,84081,40.746938,14.769987
065014,Battipaglia,SA,Campania,84091,40.609254,14.982144
065015,Bellosguardo,SA,Campania,84020,40.423309,15.314159
065016,Bracigliano,SA,Campania,84082,40.823512,14.705441
065017,Buccino,SA,Campania,84021,40.632913,15.369658
065018,Buonabitacolo,SA,Campania,84032,40.271308,15.619968
065019,Caggiano,SA,Campania,84030,40.567813,15.493361
065020,Calvanico,SA,Campania,84080,40.775212,14.827944
065021,Camerota,SA,Campania,84040,40.032501,15.372765
065022,Campagna,SA,Campania,84022,40.664729,15.107145
065023,Campora,SA,Campania,84040,40.305406,15.29236
065024,Cannalonga,SA,Campania,84040,40.244298,15.293675
065025,Capaccio Paestum,SA,Campania,84047,40.443862,15.040038
065026,Casalbuono,SA,Campania,84030,40.21575,15.681587
065027,Casaletto Spartano,SA,Campania,84030,40.150705,15.618669
065028,Casal Velino,SA,Campania,84040,40.190907,15.109374
065029,Caselle in Pittari,SA,Campania,84030,40.172539,15.545752
065030,Castelcivita,SA,Campania,84020,40.49421,15.234456
065031,Castellabate,SA,Campania,84048,40.276127,14.958119
065032,Castelnuovo Cilento,SA,Campania,84040,40.219535,15.177151
065033,Castelnuovo di Conza,SA,Campania,84020,40.820617,15.318754
065034,Castel San Giorgio,SA,Campania,84083,40.783712,14.698841
065035,Castel San Lorenzo,SA,Campania,84049,40.418308,15.227157
065036,Castiglione del Genovesi,SA,Campania,84090,40.725511,14.848445
065037,Cava de' Tirreni,SA,Campania,84013,40.700462,14.706263
065038,Celle di Bulgheria,SA,Campania,84040,40.095489,15.402705
065039,Centola,SA,Campania,84051,40.066502,15.311963
065040,Ceraso,SA,Campania,84052,40.194304,15.256061
065041,Cetara,SA,Campania,84010,40.648214,14.700415
065042,Cicerale,SA,Campania,84053,40.343801,15.129201
065043,Colliano,SA,Campania,84020,40.726115,15.291155
065044,Conca dei Marini,SA,Campania,84010,40.618907,14.56784
065045,Controne,SA,Campania,84020,40.50961,15.205556
065046,Contursi Terme,SA,Campania,84024,40.649513,15.239355
065047,Corbara,SA,Campania,84010,40.724782,14.592763
065048,Corleto Monforte,SA,Campania,84020,40.437209,15.37956
065049,Cuccaro Vetere,SA,Campania,84050,40.161682,15.308547
065050,Eboli,SA,Campania,84025,40.617515,15.056944
065051,Felitto,SA,Campania,84055,40.373507,15.243058
065052,Fisciano,SA,Campania,84084,40.772812,14.799443
065053,Furore,SA,Campania,84010,40.618936,14.548137
065054,Futani,SA,Campania,84050,40.150703,15.323163
065055,Giffoni Sei Casali,SA,Campania,84090,40.719141,14.905972
065056,Giffoni Valle Piana,SA,Campania,84095,40.718112,14.942347
065057,Gioi,SA,Campania,84056,40.289705,15.218059
065058,Giungano,SA,Campania,84050,40.394707,15.107155
065059,Ispani,SA,Campania,84050,40.087304,15.558269
065060,Laureana Cilento,SA,Campania,84050,40.299156,15.038455
065061,Laurino,SA,Campania,84057,40.336507,15.337161
065062,Laurito,SA,Campania,84050,40.168604,15.405964
065063,Laviano,SA,Campania,84020,40.785128,15.307312
065064,Lustra,SA,Campania,84050,40.288304,15.068255
065065,Magliano Vetere,SA,Campania,84050,40.347007,15.236658
065066,Maiori,SA,Campania,84010,40.648908,14.640141
065067,Mercato San Severino,SA,Campania,84085,40.783303,14.755728
065068,Minori,SA,Campania,84010,40.652708,14.624941
065069,Moio della Civitella,SA,Campania,84060,40.247105,15.26886
065070,Montano Antilia,SA,Campania,84060,40.162304,15.365463
065071,Montecorice,SA,Campania,84060,40.234024,14.984681
065072,Montecorvino Pugliano,SA,Campania,84090,40.658056,14.944609
065073,Montecorvino Rovella,SA,Campania,84096,40.695913,14.976105
065074,Monteforte Cilento,SA,Campania,84060,40.364807,15.194857
065075,Monte San Giacomo,SA,Campania,84030,40.344409,15.540465
065076,Montesano sulla Marcellana,SA,Campania,84033,40.275889,15.701375
065077,Morigerati,SA,Campania,84030,40.139949,15.555182
065078,Nocera Inferiore,SA,Campania,84014,40.747213,14.64332
065079,Nocera Superiore,SA,Campania,84015,40.74156,14.671504
065080,Novi Velia,SA,Campania,84060,40.225105,15.288361
065081,Ogliastro Cilento,SA,Campania,84061,40.352405,15.043154
065082,Olevano sul Tusciano,SA,Campania,84062,40.668904,15.032615
065083,Oliveto Citra,SA,Campania,84020,40.690808,15.231782
065084,Omignano,SA,Campania,84060,40.248204,15.085156
065085,Orria,SA,Campania,84060,40.299705,15.171157
065086,Ottati,SA,Campania,84020,40.462856,15.315234
065087,Padula,SA,Campania,84034,40.341642,15.658254
065088,Pagani,SA,Campania,84016,40.749888,14.613323
065089,Palomonte,SA,Campania,84020,40.662513,15.291856
065090,Pellezzano,SA,Campania,84080,40.725211,14.757443
065091,Perdifumo,SA,Campania,84060,40.265986,15.015499
065092,Perito,SA,Campania,84060,40.297705,15.147657
065093,Pertosa,SA,Campania,84030,40.54288,15.448966
065094,Petina,SA,Campania,84020,40.532111,15.373459
065095,Piaggine,SA,Campania,84065,40.344808,15.378661
065096,Pisciotta,SA,Campania,84066,40.108902,15.234561
065097,Polla,SA,Campania,84035,40.517112,15.497962
065098,Pollica,SA,Campania,84068,40.190702,15.057156
065099,Pontecagnano Faiano,SA,Campania,84098,40.640904,14.881882
065100,Positano,SA,Campania,84017,40.628658,14.485495
065101,Postiglione,SA,Campania,84026,40.559011,15.232356
065102,Praiano,SA,Campania,84010,40.611107,14.53134
065103,Prignano Cilento,SA,Campania,84060,40.330905,15.068655
065104,Ravello,SA,Campania,84010,40.649664,14.612275
065105,Ricigliano,SA,Campania,84020,40.668456,15.481459
065106,Roccadaspide,SA,Campania,84069,40.425364,15.191785
065107,Roccagloriosa,SA,Campania,84060,40.108662,15.433349
065108,Roccapiemonte,SA,Campania,84086,40.762465,14.692375
065109,Rofrano,SA,Campania,84070,40.211405,15.427864
065110,Romagnano al Monte,SA,Campania,84020,40.627188,15.435959
065111,Roscigno,SA,Campania,84020,40.39903,15.345926
065112,Rutino,SA,Campania,84070,40.299704,15.072755
065113,Sacco,SA,Campania,84070,40.378108,15.377961
065114,Sala Consilina,SA,Campania,84036,40.398221,15.596369
065115,Salento,SA,Campania,84070,40.248604,15.190058
065116,Salerno,SA,Campania,84121,40.419442,15.310756
065117,Salvitelle,SA,Campania,84020,40.590913,15.45876
065118,San Cipriano Picentino,SA,Campania,84099,40.720003,14.870013
065119,San Giovanni a Piro,SA,Campania,84070,40.050302,15.450967
065120,San Gregorio Magno,SA,Campania,84020,40.656523,15.403609
065121,San Mango Piemonte,SA,Campania,84090,40.701911,14.833745
065122,San Marzano sul Sarno,SA,Campania,84010,40.775215,14.587362
065123,San Mauro Cilento,SA,Campania,84070,40.226355,15.044077
065124,San Mauro la Bruca,SA,Campania,84070,40.122937,15.28975
065125,San Pietro al Tanagro,SA,Campania,84030,40.456811,15.480662
065126,San Rufo,SA,Campania,84030,40.43451,15.463662
065127,Santa Marina,SA,Campania,84070,40.104304,15.540468
065128,Sant'Angelo a Fasanella,SA,Campania,84027,40.45681,15.341459
065129,Sant'Arsenio,SA,Campania,84037,40.472911,15.484562
065130,Sant'Egidio del Monte Albino,SA,Campania,84010,40.733842,14.597044
065131,Santomenna,SA,Campania,84020,40.808317,15.321454
065132,San Valentino Torio,SA,Campania,84010,40.793011,14.598039
065133,Sanza,SA,Campania,84030,40.244607,15.552666
065134,Sapri,SA,Campania,84073,40.075078,15.629775
065135,Sarno,SA,Campania,84087,40.810811,14.619839
065136,Sassano,SA,Campania,84038,40.337709,15.563066
065137,Scafati,SA,Campania,84018,40.749989,14.526949
065138,Scala,SA,Campania,84010,40.653614,14.607792
065139,Serramezzana,SA,Campania,84070,40.243948,15.032059
065140,Serre,SA,Campania,84028,40.582511,15.185554
065141,Sessa Cilento,SA,Campania,84074,40.259204,15.075756
065142,Siano,SA,Campania,84088,40.804026,14.688432
065143,Sicignano degli Alburni,SA,Campania,84029,40.581042,15.300396
065144,Stella Cilento,SA,Campania,84070,40.231803,15.092857
065145,Stio,SA,Campania,84075,40.310006,15.252679
065146,Teggiano,SA,Campania,84039,40.379209,15.540465
065147,Torchiara,SA,Campania,84076,40.322967,15.052395
065148,Torraca,SA,Campania,84030,40.112532,15.635237
065149,Torre Orsaia,SA,Campania,84077,40.133304,15.473266
065150,Tortorella,SA,Campania,84030,40.142205,15.605669
065151,Tramonti,SA,Campania,84010,40.699733,14.641537
065152,Trentinara,SA,Campania,84070,40.400395,15.107466
065153,Valle dell'Angelo,SA,Campania,84070,40.343808,15.368461
065154,Vallo della Lucania,SA,Campania,84078,40.229704,15.26576
065155,Valva,SA,Campania,84020,40.738215,15.269454
065156,Vibonati,SA,Campania,84079,40.100248,15.583115
065157,Vietri sul Mare,SA,Campania,84019,40.671548,14.7286
065158,Bellizzi,SA,Campania,84092,40.62018,14.948453
071001,Accadia,FG,Puglia,71021,41.158824,15.33145
071002,Alberona,FG,Puglia,71031,41.432728,15.123042
071003,Anzano di Puglia,FG,Puglia,71020,41.122523,15.28445
071004,Apricena,FG,Puglia,71011,41.783938,15.443744
071005,Ascoli Satriano,FG,Puglia,71022,41.20612,15.56161
071006,Biccari,FG,Puglia,71032,41.396128,15.194444
071007,Bovino,FG,Puglia,71023,41.249926,15.341249
071008,Cagnano Varano,FG,Puglia,71010,41.828742,15.773151
071009,Candela,FG,Puglia,71024,41.137925,15.514654
071010,Carapelle,FG,Puglia,71041,41.365313,15.693676
071011,Carlantino,FG,Puglia,71030,41.592118,14.976765
071012,Carpino,FG,Puglia,71010,41.844242,15.856153
071013,Casalnuovo Monterotaro,FG,Puglia,71033,41.620232,15.103839
071014,Casalvecchio di Puglia,FG,Puglia,71030,41.593832,15.110539
071015,Castelluccio dei Sauri,FG,Puglia,71025,41.303915,15.479226
071016,Castelluccio Valmaggiore,FG,Puglia,71020,41.342327,15.199045
071017,Castelnuovo della Daunia,FG,Puglia,71034,41.582631,15.12084
071018,Celenza Valfortore,FG,Puglia,71035,41.56173,14.978837
071019,Celle di San Vito,FG,Puglia,71020,41.325936,15.180998
071020,Cerignola,FG,Puglia,71042,41.264812,15.899665
071021,Chieuti,FG,Puglia,71010,41.844637,15.165937
071022,Deliceto,FG,Puglia,71026,41.223026,15.38585
071023,Faeto,FG,Puglia,71020,41.325426,15.159844
071024,Foggia,FG,Puglia,71121,41.502811,15.4529
071025,Ischitella,FG,Puglia,71010,41.904344,15.899453
071026,Isole Tremiti,FG,Puglia,71040,42.1148,15.487124
071027,Lesina,FG,Puglia,71010,41.859439,15.352741
071028,Lucera,FG,Puglia,71036,41.508273,15.337646
071029,Manfredonia,FG,Puglia,71043,41.625473,15.909593
071031,Mattinata,FG,Puglia,71030,41.710141,16.051559
071032,Monteleone di Puglia,FG,Puglia,71020,41.165424,15.258048
071033,Monte Sant'Angelo,FG,Puglia,71037,41.70544,15.967657
071034,Motta Montecorvino,FG,Puglia,71030,41.50743,15.114141
071035,Orsara di Puglia,FG,Puglia,71027,41.281626,15.264447
071036,Orta Nova,FG,Puglia,71045,41.32993,15.710656
071037,Panni,FG,Puglia,71020,41.222025,15.274648
071038,Peschici,FG,Puglia,71010,41.94743,16.013883
071039,Pietramontecorvino,FG,Puglia,71038,41.541631,15.127541
071040,Poggio Imperiale,FG,Puglia,71010,41.823324,15.365418
071041,Rignano Garganico,FG,Puglia,71010,41.677013,15.587517
071042,Rocchetta Sant'Antonio,FG,Puglia,71020,41.103524,15.461754
071043,Rodi Garganico,FG,Puglia,71012,41.928745,15.881052
071044,Roseto Valfortore,FG,Puglia,71039,41.372427,15.096142
071046,San Giovanni Rotondo,FG,Puglia,71013,41.705055,15.730646
071047,San Marco in Lamis,FG,Puglia,71014,41.713138,15.63985
071048,San Marco la Catola,FG,Puglia,71030,41.524829,15.005938
071049,San Nicandro Garganico,FG,Puglia,71015,41.838446,15.565338
071050,San Paolo di Civitate,FG,Puglia,71010,41.738336,15.260241
071051,San Severo,FG,Puglia,71016,41.689776,15.377621
071052,Sant'Agata di Puglia,FG,Puglia,71028,41.151824,15.380251
071053,Serracapriola,FG,Puglia,71010,41.811937,15.160238
071054,Stornara,FG,Puglia,71047,41.288625,15.768058
071055,Stornarella,FG,Puglia,71048,41.25638,15.729788
071056,Torremaggiore,FG,Puglia,71017,41.687477,15.292956
071058,Troia,FG,Puglia,71029,41.363128,15.312347
071059,Vico del Gargano,FG,Puglia,71018,41.898344,15.957554
071060,Vieste,FG,Puglia,71019,41.88276,16.179179
071061,Volturara Appula,FG,Puglia,71030,41.496029,15.052239
071062,Volturino,FG,Puglia,71030,41.477229,15.124241
071063,Ordona,FG,Puglia,71040,41.315529,15.627355
071064,Zapponeta,FG,Puglia,71030,41.456964,15.956532
072001,Acquaviva delle Fonti,BA,Puglia,70021,40.897829,16.842487
072002,Adelfia,BA,Puglia,70010,41.004265,16.871653
072003,Alberobello,BA,Puglia,70011,40.784124,17.237703
072004,Altamura,BA,Puglia,70022,40.82856,16.552731
072006,Bari,BA,Puglia,70122,41.125784,16.862029
072008,Binetto,BA,Puglia,70020,41.024165,16.709581
072010,Bitetto,BA,Puglia,70020,41.041408,16.748699
072011,Bitonto,BA,Puglia,70032,41.108497,16.691548
072012,Bitritto,BA,Puglia,70020,41.044532,16.825185
072014,Capurso,BA,Puglia,70010,41.05032,16.916742
072015,Casamassima,BA,Puglia,70010,40.957131,16.920388
072016,Cassano delle Murge,BA,Puglia,70020,40.89101,16.768619
072017,Castellana Grotte,BA,Puglia,70013,40.886431,17.165495
072018,Cellamare,BA,Puglia,70010,41.019333,16.928288
072019,Conversano,BA,Puglia,70014,40.968396,17.113771
072020,Corato,BA,Puglia,70033,41.152761,16.411464
072021,Gioia del Colle,BA,Puglia,70023,40.796728,16.92359
072022,Giovinazzo,BA,Puglia,70054,41.187501,16.671666
072023,Gravina in Puglia,BA,Puglia,70024,40.819725,16.422779
072024,Grumo Appula,BA,Puglia,70025,41.013531,16.708483
072025,Locorotondo,BA,Puglia,70010,40.789167,17.299348
072027,Modugno,BA,Puglia,70026,41.082564,16.780552
072028,Mola di Bari,BA,Puglia,70042,41.061323,17.091711
072029,Molfetta,BA,Puglia,70056,41.199246,16.596828
072030,Monopoli,BA,Puglia,70043,40.952237,17.299948
072031,Noci,BA,Puglia,70015,40.79468,17.123557
072032,Noicattaro,BA,Puglia,70016,41.032287,16.987712
072033,Palo del Colle,BA,Puglia,70027,41.057532,16.700782
072034,Poggiorsini,BA,Puglia,70020,40.917126,16.254774
072035,Polignano a Mare,BA,Puglia,70044,40.996118,17.219586
072036,Putignano,BA,Puglia,70017,40.85183,17.121294
072037,Rutigliano,BA,Puglia,70018,41.011159,17.005479
072038,Ruvo di Puglia,BA,Puglia,70037,41.114087,16.486397
072039,Sammichele di Bari,BA,Puglia,70010,40.887987,16.949456
072040,Sannicandro di Bari,BA,Puglia,70028,41.00052,16.797697
072041,Santeramo in Colle,BA,Puglia,70029,40.793027,16.755286
072043,Terlizzi,BA,Puglia,70038,41.130234,16.542471
072044,Toritto,BA,Puglia,70020,40.99823,16.679779
072046,Triggiano,BA,Puglia,70019,41.063448,16.921698
072047,Turi,BA,Puglia,70010,40.917331,17.021191
072048,Valenzano,BA,Puglia,70010,41.045333,16.885086
073001,Avetrana,TA,Puglia,74020,40.349942,17.727374
073002,Carosino,TA,Puglia,74021,40.465824,17.397605
073003,Castellaneta,TA,Puglia,74011,40.630424,16.934678
073004,Crispiano,TA,Puglia,74012,40.60548,17.232135
073005,Faggiano,TA,Puglia,74020,40.419823,17.386605
073006,Fragagnano,TA,Puglia,74022,40.431924,17.472207
073007,Ginosa,TA,Puglia,74013,40.579751,16.756208
073008,Grottaglie,TA,Puglia,74023,40.536193,17.434221
073009,Laterza,TA,Puglia,74014,40.629524,16.799689
073010,Leporano,TA,Puglia,74020,40.383922,17.334904
073011,Lizzano,TA,Puglia,74020,40.391023,17.447607
073012,Manduria,TA,Puglia,74024,40.401825,17.633511
073013,Martina Franca,TA,Puglia,74015,40.704238,17.339991
073014,Maruggio,TA,Puglia,74020,40.32226,17.572366
073015,Massafra,TA,Puglia,74016,40.588831,17.11699
073016,Monteiasi,TA,Puglia,74020,40.499725,17.381007
073017,Montemesola,TA,Puglia,74020,40.56302,17.339228
073018,Monteparano,TA,Puglia,74020,40.444024,17.415105
073019,Mottola,TA,Puglia,74017,40.633225,17.037195
073020,Palagianello,TA,Puglia,74018,40.611891,16.975118
073021,Palagiano,TA,Puglia,74019,40.578224,17.037395
073022,Pulsano,TA,Puglia,74026,40.384693,17.35567
073023,Roccaforzata,TA,Puglia,74020,40.437424,17.389605
073024,San Giorgio Ionico,TA,Puglia,74027,40.456624,17.378704
073025,San Marzano di San Giuseppe,TA,Puglia,74020,40.454425,17.505607
073026,Sava,TA,Puglia,74028,40.403424,17.558409
073027,Taranto,TA,Puglia,74120,40.548816,17.08058
073028,Torricella,TA,Puglia,74020,40.354062,17.499392
073029,Statte,TA,Puglia,74010,40.563225,17.209799
074001,Brindisi,BR,Puglia,72100,40.636227,17.688501
074002,Carovigno,BR,Puglia,72012,40.707185,17.656848
074003,Ceglie Messapica,BR,Puglia,72013,40.646044,17.517057
074004,Cellino San Marco,BR,Puglia,72020,40.472228,17.966318
074005,Cisternino,BR,Puglia,72014,40.742985,17.425745
074006,Erchie,BR,Puglia,72020,40.436042,17.734629
074007,Fasano,BR,Puglia,72015,40.834432,17.358399
074008,Francavilla Fontana,BR,Puglia,72021,40.530162,17.582677
074009,Latiano,BR,Puglia,72022,40.553783,17.718222
074010,Mesagne,BR,Puglia,72023,40.558829,17.808313
074011,Oria,BR,Puglia,72024,40.497327,17.64131
074012,Ostuni,BR,Puglia,72017,40.727631,17.576406
074013,San Donaci,BR,Puglia,72025,40.44938,17.922606
074014,San Michele Salentino,BR,Puglia,72018,40.630386,17.633576
074015,San Pancrazio Salentino,BR,Puglia,72026,40.419133,17.839385
074016,San Pietro Vernotico,BR,Puglia,72027,40.491529,17.998918
074017,San Vito dei Normanni,BR,Puglia,72019,40.656248,17.703752
074018,Torchiarolo,BR,Puglia,72020,40.484029,18.051619
074019,Torre Santa Susanna,BR,Puglia,72028,40.465627,17.735612
074020,Villa Castelli,BR,Puglia,72029,40.584527,17.474605
075002,Alessano,LE,Puglia,73031,39.889678,18.331208
075003,Alezio,LE,Puglia,73011,40.061321,18.058224
075004,Alliste,LE,Puglia,73040,39.948618,18.088826
075005,Andrano,LE,Puglia,73032,39.983019,18.382202
075006,Aradeo,LE,Puglia,73040,40.130922,18.129625
075007,Arnesano,LE,Puglia,73010,40.3352,18.091628
075008,Bagnolo del Salento,LE,Puglia,73020,40.150624,18.35263
075009,Botrugno,LE,Puglia,73020,40.064722,18.32443
075010,Calimera,LE,Puglia,73021,40.250022,18.280727
075011,Campi Salentina,LE,Puglia,73012,40.398496,18.018319
075012,Cannole,LE,Puglia,73020,40.166225,18.36603
075013,Caprarica di Lecce,LE,Puglia,73010,40.258126,18.249026
075014,Carmiano,LE,Puglia,73041,40.344826,18.043021
075015,Carpignano Salentino,LE,Puglia,73020,40.197781,18.340827
075016,Casarano,LE,Puglia,73042,40.01082,18.161765
075017,Castri di Lecce,LE,Puglia,73020,40.273826,18.263327
075018,Castrignano de' Greci,LE,Puglia,73020,40.173897,18.297011
075019,Castrignano del Capo,LE,Puglia,73040,39.832318,18.351233
075020,Cavallino,LE,Puglia,73020,40.312527,18.200425
075021,Collepasso,LE,Puglia,73040,40.07302,18.163073
075022,Copertino,LE,Puglia,73043,40.271681,18.050252
075023,Corigliano d'Otranto,LE,Puglia,73022,40.159624,18.259428
075024,Corsano,LE,Puglia,73033,39.889219,18.369333
075025,Cursi,LE,Puglia,73020,40.149624,18.314829
075026,Cutrofiano,LE,Puglia,73020,40.126323,18.201627
075027,Diso,LE,Puglia,73030,40.009522,18.392532
075028,Gagliano del Capo,LE,Puglia,73034,39.844218,18.369534
075029,Galatina,LE,Puglia,73013,40.174278,18.167839
075030,Galatone,LE,Puglia,73044,40.142922,18.070424
075031,Gallipoli,LE,Puglia,73014,40.05672,17.996423
075032,Giuggianello,LE,Puglia,73030,40.094423,18.368931
075033,Giurdignano,LE,Puglia,73020,40.121524,18.432732
075034,Guagnano,LE,Puglia,73010,40.401227,17.949018
075035,Lecce,LE,Puglia,73100,40.152217,18.226063
075036,Lequile,LE,Puglia,73010,40.305826,18.140223
075037,Leverano,LE,Puglia,73045,40.289425,17.999414
075038,Lizzanello,LE,Puglia,73023,40.304127,18.222525
075039,Maglie,LE,Puglia,73024,40.118463,18.298853
075040,Martano,LE,Puglia,73025,40.203621,18.30198
075041,Martignano,LE,Puglia,73020,40.237425,18.255227
075042,Matino,LE,Puglia,73046,40.03251,18.133853
075043,Melendugno,LE,Puglia,73026,40.271701,18.336912
075044,Melissano,LE,Puglia,73040,39.971065,18.125779
075045,Melpignano,LE,Puglia,73020,40.157081,18.293078
075046,Miggiano,LE,Puglia,73035,39.95972,18.311631
075047,Minervino di Lecce,LE,Puglia,73027,40.088424,18.420432
075048,Monteroni di Lecce,LE,Puglia,73047,40.324398,18.09759
075049,Montesano Salentino,LE,Puglia,73030,39.975621,18.321431
075050,Morciano di Leuca,LE,Puglia,73040,39.847818,18.312432
075051,Muro Leccese,LE,Puglia,73036,40.102323,18.33813
075052,Nardò,LE,Puglia,73048,40.176261,18.030637
075053,Neviano,LE,Puglia,73040,40.107722,18.114025
075054,Nociglia,LE,Puglia,73020,40.039222,18.326031
075055,Novoli,LE,Puglia,73051,40.378527,18.04922
075056,Ortelle,LE,Puglia,73030,40.033896,18.39112
075057,Otranto,LE,Puglia,73028,40.147825,18.485933
075058,Palmariggi,LE,Puglia,73020,40.131322,18.381176
075059,Parabita,LE,Puglia,73052,40.051921,18.129526
075060,Patù,LE,Puglia,73053,39.841218,18.338933
075061,Poggiardo,LE,Puglia,73037,40.054223,18.379132
075063,Racale,LE,Puglia,73055,39.963119,18.093826
075064,Ruffano,LE,Puglia,73049,39.984092,18.247476
075065,Salice Salentino,LE,Puglia,73015,40.385662,17.963748
075066,Salve,LE,Puglia,73050,39.861318,18.293332
075067,Sanarica,LE,Puglia,73030,40.089123,18.348731
075068,San Cesario di Lecce,LE,Puglia,73016,40.302961,18.159865
075069,San Donato di Lecce,LE,Puglia,73010,40.268126,18.184225
075070,Sannicola,LE,Puglia,73017,40.091921,18.066124
075071,San Pietro in Lama,LE,Puglia,73010,40.308426,18.128623
075072,Santa Cesarea Terme,LE,Puglia,73020,40.036323,18.456834
075073,Scorrano,LE,Puglia,73020,40.091623,18.299629
075074,Seclì,LE,Puglia,73050,40.130126,18.100507
075075,Sogliano Cavour,LE,Puglia,73010,40.148823,18.195226
075076,Soleto,LE,Puglia,73010,40.187708,18.207372
075077,Specchia,LE,Puglia,73040,39.93712,18.297631
075078,Spongano,LE,Puglia,73038,40.017822,18.365632
075079,Squinzano,LE,Puglia,73018,40.436528,18.04182
075080,Sternatia,LE,Puglia,73010,40.222125,18.225226
075081,Supersano,LE,Puglia,73040,40.017721,18.243229
075082,Surano,LE,Puglia,73030,40.028322,18.345131
075083,Surbo,LE,Puglia,73010,40.396028,18.133422
075084,Taurisano,LE,Puglia,73056,39.956619,18.214129
075085,Taviano,LE,Puglia,73057,39.983519,18.086826
075086,Tiggiano,LE,Puglia,73030,39.905819,18.364433
075087,Trepuzzi,LE,Puglia,73019,40.405472,18.07062
075088,Tricase,LE,Puglia,73039,39.93042,18.355332
075089,Tuglie,LE,Puglia,73058,40.073821,18.098125
075090,Ugento,LE,Puglia,73059,39.926319,18.157428
075091,Uggiano la Chiesa,LE,Puglia,73020,40.101724,18.449333
075092,Veglie,LE,Puglia,73010,40.335126,17.965219
075093,Vernole,LE,Puglia,73029,40.289527,18.303527
075094,Zollino,LE,Puglia,73010,40.206006,18.250589
075095,San Cassiano,LE,Puglia,73020,40.056287,18.333936
075096,Castro,LE,Puglia,24063,40.007022,18.425733
075097,Porto Cesareo,LE,Puglia,73010,40.262824,17.898418
075098,Presicce-Acquarica,LE,Puglia,73054,39.903241,18.254798
110001,Andria,BT,Puglia,76123,41.227646,16.295435
110002,Barletta,BT,Puglia,76121,41.321498,16.28687
110003,Bisceglie,BT,Puglia,76011,41.240274,16.501011
110004,Canosa di Puglia,BT,Puglia,76012,41.219631,16.067466
110005,Margherita di Savoia,BT,Puglia,76016,41.374235,16.150166
110006,Minervino Murge,BT,Puglia,76013,41.085052,16.077776
110007,San Ferdinando di Puglia,BT,Puglia,76017,41.302632,16.070465
110008,Spinazzola,BT,Puglia,76014,40.969168,16.088007
110009,Trani,BT,Puglia,76125,41.275088,16.416258
110010,Trinitapoli,BT,Puglia,76015,41.358853,16.087436
076001,Abriola,PZ,Basilicata,85010,40.507882,15.81376
076002,Acerenza,PZ,Basilicata,85011,40.792121,15.936568
076003,Albano di Lucania,PZ,Basilicata,85010,40.584445,16.036716
076004,Anzi,PZ,Basilicata,85010,40.516615,15.924571
076005,Armento,PZ,Basilicata,85010,40.307712,16.064977
076006,Atella,PZ,Basilicata,85020,40.880321,15.650161
076007,Avigliano,PZ,Basilicata,85021,40.729718,15.720264
076008,Balvano,PZ,Basilicata,85050,40.650315,15.514161
076009,Banzi,PZ,Basilicata,85010,40.861559,16.013768
076010,Baragiano,PZ,Basilicata,85050,40.679738,15.593966
076011,Barile,PZ,Basilicata,85022,40.946322,15.67266
076012,Bella,PZ,Basilicata,85051,40.760917,15.54056
076013,Brienza,PZ,Basilicata,85050,40.477849,15.630151
076014,Brindisi Montagna,PZ,Basilicata,85010,40.609517,15.939771
076015,Calvello,PZ,Basilicata,85010,40.476014,15.84857
076016,Calvera,PZ,Basilicata,85030,40.149509,16.143881
076017,Campomaggiore,PZ,Basilicata,85010,40.566012,16.073217
076018,Cancellara,PZ,Basilicata,85010,40.730219,15.925769
076019,Carbone,PZ,Basilicata,85030,40.142409,16.08938
076020,San Paolo Albanese,PZ,Basilicata,85030,40.036708,16.334586
076021,Castelgrande,PZ,Basilicata,85050,40.786617,15.430157
076022,Castelluccio Inferiore,PZ,Basilicata,85040,40.003905,15.980879
076023,Castelluccio Superiore,PZ,Basilicata,85040,40.010305,15.975079
076024,Castelmezzano,PZ,Basilicata,85010,40.530237,16.046551
076025,Castelsaraceno,PZ,Basilicata,85031,40.163708,15.991877
076026,Castronuovo di Sant'Andrea,PZ,Basilicata,85030,40.19071,16.185481
076027,Cersosimo,PZ,Basilicata,85030,40.047009,16.349386
076028,Chiaromonte,PZ,Basilicata,85032,40.124009,16.213835
076029,Corleto Perticara,PZ,Basilicata,85012,40.383513,16.040676
076030,Episcopia,PZ,Basilicata,85033,40.074807,16.098181
076031,Fardella,PZ,Basilicata,85034,40.113809,16.169782
076032,Filiano,PZ,Basilicata,85020,40.831879,15.716292
076033,Forenza,PZ,Basilicata,85023,40.859583,15.855268
076034,Francavilla in Sinni,PZ,Basilicata,85034,40.080192,16.203224
076035,Gallicchio,PZ,Basilicata,85010,40.289012,16.139079
076036,Genzano di Lucania,PZ,Basilicata,85013,40.849102,16.032463
076037,Grumento Nova,PZ,Basilicata,85050,40.28281,15.888773
076038,Guardia Perticara,PZ,Basilicata,85010,40.360513,16.098877
076039,Lagonegro,PZ,Basilicata,85042,40.128306,15.761472
076040,Latronico,PZ,Basilicata,85043,40.089807,16.011778
076041,Laurenzana,PZ,Basilicata,85014,40.460514,15.970973
076042,Lauria,PZ,Basilicata,85044,40.047351,15.836595
076043,Lavello,PZ,Basilicata,85024,41.045625,15.790762
076044,Maratea,PZ,Basilicata,85046,39.996703,15.722373
076045,Marsico Nuovo,PZ,Basilicata,85052,40.423012,15.734868
076046,Marsicovetere,PZ,Basilicata,85050,40.376601,15.824493
076047,Maschito,PZ,Basilicata,85020,40.908922,15.829464
076048,Melfi,PZ,Basilicata,85025,40.996127,15.655654
076049,Missanello,PZ,Basilicata,85010,40.282012,16.16598
076050,Moliterno,PZ,Basilicata,85047,40.241932,15.86902
076051,Montemilone,PZ,Basilicata,85020,41.030026,15.969266
076052,Montemurro,PZ,Basilicata,85053,40.296911,15.991275
076053,Muro Lucano,PZ,Basilicata,85054,40.752517,15.485759
076054,Nemoli,PZ,Basilicata,85040,40.067505,15.800274
076055,Noepoli,PZ,Basilicata,85035,40.086809,16.329685
076056,Oppido Lucano,PZ,Basilicata,85015,40.76182,15.98667
076057,Palazzo San Gervasio,PZ,Basilicata,85026,40.931324,15.980767
076058,Pescopagano,PZ,Basilicata,85020,40.835618,15.398856
076059,Picerno,PZ,Basilicata,85055,40.638456,15.635874
076060,Pietragalla,PZ,Basilicata,85016,40.747522,15.880648
076061,Pietrapertosa,PZ,Basilicata,85010,40.518017,16.063207
076062,Pignola,PZ,Basilicata,85010,40.573637,15.783504
076063,Potenza,PZ,Basilicata,85100,40.518319,15.82096
076064,Rapolla,PZ,Basilicata,85027,40.975723,15.67126
076065,Rapone,PZ,Basilicata,85020,40.846719,15.501158
076066,Rionero in Vulture,PZ,Basilicata,85028,40.926188,15.669441
076067,Ripacandida,PZ,Basilicata,85020,40.911781,15.724783
076068,Rivello,PZ,Basilicata,85040,40.078005,15.756073
076069,Roccanova,PZ,Basilicata,85036,40.212011,16.203181
076070,Rotonda,PZ,Basilicata,85048,39.952786,16.039088
076071,Ruoti,PZ,Basilicata,85056,40.718017,15.678963
076072,Ruvo del Monte,PZ,Basilicata,85020,40.848819,15.541359
076073,San Chirico Nuovo,PZ,Basilicata,85010,40.676747,16.078534
076074,San Chirico Raparo,PZ,Basilicata,85030,40.190715,16.076348
076075,San Costantino Albanese,PZ,Basilicata,85030,40.035808,16.304686
076076,San Fele,PZ,Basilicata,85020,40.819326,15.538428
076077,San Martino d'Agri,PZ,Basilicata,85030,40.23971,16.053078
076078,San Severino Lucano,PZ,Basilicata,85030,40.020607,16.137882
076079,Sant'Angelo Le Fratte,PZ,Basilicata,85050,40.545913,15.558963
076080,Sant'Arcangelo,PZ,Basilicata,85037,40.247312,16.271182
076081,Sarconi,PZ,Basilicata,85050,40.247891,15.890397
076082,Sasso di Castalda,PZ,Basilicata,85050,40.488266,15.677963
076083,Satriano di Lucania,PZ,Basilicata,85050,40.543914,15.638265
076084,Savoia di Lucania,PZ,Basilicata,85050,40.569813,15.552562
076085,Senise,PZ,Basilicata,85038,40.147158,16.289501
076086,Spinoso,PZ,Basilicata,85039,40.269694,15.966769
076087,Teana,PZ,Basilicata,85032,40.124809,16.151781
076088,Terranova di Pollino,PZ,Basilicata,85030,39.978107,16.296286
076089,Tito,PZ,Basilicata,85050,40.583615,15.675465
076090,Tolve,PZ,Basilicata,85017,40.694219,16.016271
076091,Tramutola,PZ,Basilicata,85057,40.31661,15.791071
076092,Trecchina,PZ,Basilicata,85049,40.025658,15.776787
076093,Trivigno,PZ,Basilicata,85018,40.581017,15.989872
076094,Vaglio Basilicata,PZ,Basilicata,85010,40.665873,15.92007
076095,Venosa,PZ,Basilicata,85029,40.961323,15.814863
076096,Vietri di Potenza,PZ,Basilicata,85058,40.598647,15.507246
076097,Viggianello,PZ,Basilicata,85040,39.973195,16.085353
076098,Viggiano,PZ,Basilicata,85059,40.340711,15.900773
076099,Ginestra,PZ,Basilicata,85020,40.929822,15.734562
076100,Paterno,PZ,Basilicata,85050,40.378311,15.732769
077001,Accettura,MT,Basilicata,75011,40.491016,16.157977
077002,Aliano,MT,Basilicata,75010,40.313827,16.229961
077003,Bernalda,MT,Basilicata,75012,40.412918,16.691097
077004,Calciano,MT,Basilicata,75010,40.588018,16.192376
077005,Cirigliano,MT,Basilicata,75010,40.394414,16.172578
077006,Colobraro,MT,Basilicata,75021,40.187312,16.424986
077007,Craco,MT,Basilicata,75010,40.379916,16.437084
077008,Ferrandina,MT,Basilicata,75013,40.501218,16.454683
077009,Garaguso,MT,Basilicata,75010,40.548418,16.227178
077010,Gorgoglione,MT,Basilicata,75010,40.394414,16.144578
077011,Grassano,MT,Basilicata,75014,40.63262,16.282778
077012,Grottole,MT,Basilicata,75010,40.60102,16.37928
077013,Irsina,MT,Basilicata,75022,40.749622,16.235775
077014,Matera,MT,Basilicata,75100,40.447642,16.473574
077015,Miglionico,MT,Basilicata,75010,40.56842,16.502484
077016,Montalbano Jonico,MT,Basilicata,75023,40.28841,16.568171
077017,Montescaglioso,MT,Basilicata,75024,40.552221,16.666887
077018,Nova Siri,MT,Basilicata,75020,40.148212,16.538889
077019,Oliveto Lucano,MT,Basilicata,75010,40.535317,16.184577
077020,Pisticci,MT,Basilicata,75015,40.390527,16.556732
077021,Policoro,MT,Basilicata,75025,40.21046,16.676376
077022,Pomarico,MT,Basilicata,75016,40.517944,16.545945
077023,Rotondella,MT,Basilicata,75026,40.171312,16.525589
077024,Salandra,MT,Basilicata,75017,40.527518,16.31918
077025,San Giorgio Lucano,MT,Basilicata,75027,40.11191,16.387986
077026,San Mauro Forte,MT,Basilicata,75010,40.487117,16.248079
077027,Stigliano,MT,Basilicata,75018,40.401238,16.231594
077028,Tricarico,MT,Basilicata,75019,40.620076,16.143617
077029,Tursi,MT,Basilicata,75028,40.245213,16.469687
077030,Valsinni,MT,Basilicata,75029,40.169912,16.443487
077031,Scanzano Jonico,MT,Basilicata,75020,40.249792,16.69804
078001,Acquaformosa,CS,Calabria,87010,39.7231,16.089885
078002,Acquappesa,CS,Calabria,87020,39.493695,15.952084
078003,Acri,CS,Calabria,87041,39.493005,16.38495
078004,Aiello Calabro,CS,Calabria,87031,39.117469,16.166663
078005,Aieta,CS,Calabria,87020,39.928575,15.82398
078006,Albidona,CS,Calabria,87070,39.924121,16.469869
078007,Alessandria del Carretto,CS,Calabria,87070,39.958107,16.379488
078008,Altilia,CS,Calabria,87040,39.13049,16.252695
078009,Altomonte,CS,Calabria,87042,39.697882,16.127128
078010,Amantea,CS,Calabria,87032,39.133189,16.074591
078011,Amendolara,CS,Calabria,87071,39.952438,16.582284
078012,Aprigliano,CS,Calabria,87051,39.241693,16.341796
078013,Belmonte Calabro,CS,Calabria,87033,39.162203,16.082536
078014,Belsito,CS,Calabria,87030,39.177191,16.288295
078015,Belvedere Marittimo,CS,Calabria,87021,39.617973,15.861853
078016,Bianchi,CS,Calabria,87050,39.100891,16.410099
078017,Bisignano,CS,Calabria,87043,39.500197,16.274461
078018,Bocchigliero,CS,Calabria,87060,39.419799,16.749002
078019,Bonifati,CS,Calabria,87020,39.585296,15.900282
078020,Buonvicino,CS,Calabria,87020,39.690177,15.883999
078021,Calopezzati,CS,Calabria,87060,39.560673,16.801158
078022,Caloveto,CS,Calabria,87060,39.50585,16.759549
078023,Campana,CS,Calabria,87061,39.412448,16.822564
078024,Canna,CS,Calabria,87070,40.093911,16.504289
078025,Cariati,CS,Calabria,87062,39.49625,16.947448
078026,Carolei,CS,Calabria,87030,39.256292,16.220093
078027,Carpanzano,CS,Calabria,87050,39.147491,16.303296
078029,Cassano all'Ionio,CS,Calabria,87011,39.785022,16.315928
078030,Castiglione Cosentino,CS,Calabria,87040,39.351639,16.284431
078031,Castrolibero,CS,Calabria,87040,39.308093,16.194392
078032,Castroregio,CS,Calabria,87070,39.992408,16.47759
078033,Castrovillari,CS,Calabria,87012,39.815494,16.202772
078034,Celico,CS,Calabria,87053,39.310094,16.339895
078035,Cellara,CS,Calabria,87050,39.218492,16.334796
078036,Cerchiara di Calabria,CS,Calabria,87070,39.860405,16.382789
078037,Cerisano,CS,Calabria,87044,39.276092,16.175392
078038,Cervicati,CS,Calabria,87010,39.542497,16.128287
078039,Cerzeto,CS,Calabria,87040,39.507796,16.114988
078040,Cetraro,CS,Calabria,87022,39.516595,15.941584
078041,Civita,CS,Calabria,87010,39.828804,16.312488
078042,Cleto,CS,Calabria,87030,39.090189,16.158393
078043,Colosimi,CS,Calabria,87050,39.119091,16.399698
078045,Cosenza,CS,Calabria,87100,39.596685,16.333056
078046,Cropalati,CS,Calabria,87060,39.517201,16.726501
078047,Crosia,CS,Calabria,87060,39.567602,16.772801
078048,Diamante,CS,Calabria,87023,39.67773,15.821128
078049,Dipignano,CS,Calabria,87045,39.237492,16.253094
078050,Domanico,CS,Calabria,87030,39.219691,16.206093
078051,Fagnano Castello,CS,Calabria,87013,39.565697,16.053673
078052,Falconara Albanese,CS,Calabria,87030,39.275892,16.09179
078053,Figline Vegliaturo,CS,Calabria,87050,39.225192,16.330296
078054,Firmo,CS,Calabria,87010,39.721401,16.170186
078055,Fiumefreddo Bruzio,CS,Calabria,87030,39.234427,16.069517
078056,Francavilla Marittima,CS,Calabria,87072,39.817846,16.386644
078057,Frascineto,CS,Calabria,87010,39.836404,16.261987
078058,Fuscaldo,CS,Calabria,87024,39.414294,16.029787
078059,Grimaldi,CS,Calabria,87034,39.14199,16.235694
078060,Grisolia,CS,Calabria,87020,39.724499,15.854179
078061,Guardia Piemontese,CS,Calabria,87020,39.466163,15.999259
078062,Lago,CS,Calabria,87035,39.166767,16.149135
078063,Laino Borgo,CS,Calabria,87014,39.95352,15.973719
078064,Laino Castello,CS,Calabria,87015,39.936304,15.97658
078065,Lappano,CS,Calabria,87050,39.319506,16.312166
078066,Lattarico,CS,Calabria,87010,39.463378,16.137829
078067,Longobardi,CS,Calabria,87030,39.20709,16.07649
078068,Longobucco,CS,Calabria,87066,39.448299,16.610499
078069,Lungro,CS,Calabria,87010,39.742265,16.122825
078070,Luzzi,CS,Calabria,87040,39.446105,16.287255
078071,Maierà,CS,Calabria,87020,39.717518,15.849327
078072,Malito,CS,Calabria,87030,39.15499,16.248595
078073,Malvito,CS,Calabria,87010,39.599698,16.053285
078074,Mandatoriccio,CS,Calabria,87060,39.467201,16.834804
078075,Mangone,CS,Calabria,87050,39.205592,16.331996
078076,Marano Marchesato,CS,Calabria,87040,39.315993,16.173791
078077,Marano Principato,CS,Calabria,87040,39.299593,16.175091
078078,Marzi,CS,Calabria,87050,39.170791,16.306396
078079,Mendicino,CS,Calabria,87040,39.263596,16.195352
078080,Mongrassano,CS,Calabria,87040,39.526897,16.110587
078081,Montalto Uffugo,CS,Calabria,87046,39.404795,16.15799
078082,Montegiordano,CS,Calabria,87070,40.04301,16.534391
078083,Morano Calabro,CS,Calabria,87016,39.843941,16.135613
078084,Mormanno,CS,Calabria,87026,39.888303,15.98678
078085,Mottafollone,CS,Calabria,87010,39.648699,16.063385
078086,Nocara,CS,Calabria,87070,40.099411,16.481889
078087,Oriolo,CS,Calabria,87073,40.053809,16.446088
078088,Orsomarso,CS,Calabria,87020,39.800172,15.909528
078089,Paludi,CS,Calabria,87060,39.529394,16.681569
078090,Panettieri,CS,Calabria,87050,39.05999,16.4567
078091,Paola,CS,Calabria,87027,39.359893,16.039588
078092,Papasidero,CS,Calabria,87020,39.871915,15.905552
078093,Parenti,CS,Calabria,87040,39.162192,16.410498
078094,Paterno Calabro,CS,Calabria,87040,39.228492,16.264894
078096,Pedivigliano,CS,Calabria,87050,39.10949,16.302896
078097,Piane Crati,CS,Calabria,87050,39.234093,16.325495
078098,Pietrafitta,CS,Calabria,87050,39.261393,16.338595
078099,Pietrapaola,CS,Calabria,87060,39.487501,16.815803
078100,Plataci,CS,Calabria,87070,39.900406,16.43199
078101,Praia a Mare,CS,Calabria,87028,39.900902,15.779276
078102,Rende,CS,Calabria,87036,39.331993,16.184383
078103,Rocca Imperiale,CS,Calabria,87074,40.109711,16.580191
078104,Roggiano Gravina,CS,Calabria,87017,39.618199,16.159687
078105,Rogliano,CS,Calabria,87054,39.178764,16.323409
078106,Rose,CS,Calabria,87040,39.398495,16.287193
078107,Roseto Capo Spulico,CS,Calabria,87070,39.987009,16.601693
078109,Rota Greca,CS,Calabria,87010,39.468496,16.112588
078110,Rovito,CS,Calabria,87050,39.307994,16.321094
078111,San Basile,CS,Calabria,87010,39.809603,16.163285
078112,San Benedetto Ullano,CS,Calabria,87040,39.427095,16.123789
078113,San Cosmo Albanese,CS,Calabria,87060,39.5831,16.420193
078114,San Demetrio Corone,CS,Calabria,87069,39.569899,16.361492
078115,San Donato di Ninea,CS,Calabria,87010,39.7116,16.048491
078116,San Fili,CS,Calabria,87037,39.338893,16.14349
078117,Sangineto,CS,Calabria,87020,39.604797,15.914882
078118,San Giorgio Albanese,CS,Calabria,87060,39.581818,16.454187
078119,San Giovanni in Fiore,CS,Calabria,87055,39.252976,16.697377
078120,San Lorenzo Bellizzi,CS,Calabria,87070,39.889205,16.330288
078121,San Lorenzo del Vallo,CS,Calabria,87040,39.668201,16.29739
078122,San Lucido,CS,Calabria,87038,39.308892,16.050788
078123,San Marco Argentano,CS,Calabria,87018,39.557408,16.119089
078124,San Martino di Finita,CS,Calabria,87010,39.490596,16.109788
078125,San Nicola Arcella,CS,Calabria,87020,39.848174,15.794971
078126,San Pietro in Amantea,CS,Calabria,87030,39.136389,16.111592
078127,San Pietro in Guarano,CS,Calabria,87047,39.342094,16.311247
078128,San Sosti,CS,Calabria,87010,39.660948,16.028228
078129,Santa Caterina Albanese,CS,Calabria,87010,39.586119,16.070479
078130,Santa Domenica Talao,CS,Calabria,87020,39.819501,15.854578
078131,Sant'Agata di Esaro,CS,Calabria,87010,39.622798,15.983783
078132,Santa Maria del Cedro,CS,Calabria,87020,39.746199,15.836379
078133,Santa Sofia d'Epiro,CS,Calabria,87048,39.54709,16.329117
078134,Santo Stefano di Rogliano,CS,Calabria,87056,39.192492,16.318196
078135,San Vincenzo La Costa,CS,Calabria,87030,39.365194,16.15169
078136,Saracena,CS,Calabria,87010,39.776837,16.156472
078137,Scala Coeli,CS,Calabria,87060,39.449801,16.885405
078138,Scalea,CS,Calabria,87029,39.81666,15.790547
078139,Scigliano,CS,Calabria,87057,39.128688,16.308213
078140,Serra d'Aiello,CS,Calabria,87030,39.090288,16.127493
078142,Spezzano Albanese,CS,Calabria,87019,39.668801,16.31049
078143,Spezzano della Sila,CS,Calabria,87058,39.299411,16.33945
078145,Tarsia,CS,Calabria,87040,39.6209,16.27169
078146,Terranova da Sibari,CS,Calabria,87010,39.656901,16.339491
078147,Terravecchia,CS,Calabria,87060,39.464901,16.946006
078148,Torano Castello,CS,Calabria,87010,39.506296,16.145588
078149,Tortora,CS,Calabria,87020,39.941303,15.805176
078150,Trebisacce,CS,Calabria,87075,39.870107,16.530667
078152,Vaccarizzo Albanese,CS,Calabria,87060,39.5854,16.432894
078153,Verbicaro,CS,Calabria,87020,39.7556,15.91358
078154,Villapiana,CS,Calabria,87076,39.846505,16.455191
078155,Zumpano,CS,Calabria,87040,39.310894,16.292094
078156,Casali del Manco,CS,Calabria,87050,39.294833,16.450109
078157,Corigliano-Rossano,CS,Calabria,87064,39.616315,16.577896
079002,Albi,CZ,Calabria,88055,39.02499,16.596404
079003,Amaroni,CZ,Calabria,88050,38.793085,16.448103
079004,Amato,CZ,Calabria,88040,38.941788,16.462202
079005,Andali,CZ,Calabria,88050,39.013391,16.768407
079007,Argusto,CZ,Calabria,88060,38.680783,16.435404
079008,Badolato,CZ,Calabria,88060,38.568681,16.524607
079009,Belcastro,CZ,Calabria,88050,39.017992,16.786408
079011,Borgia,CZ,Calabria,88021,38.826186,16.508804
079012,Botricello,CZ,Calabria,88070,38.93199,16.85831
079017,Caraffa di Catanzaro,CZ,Calabria,88050,38.881287,16.485603
079018,Cardinale,CZ,Calabria,88062,38.642336,16.38748
079020,Carlopoli,CZ,Calabria,88040,39.05669,16.4549
079023,Catanzaro,CZ,Calabria,88100,38.82996,16.431557
079024,Cenadi,CZ,Calabria,88067,38.719483,16.417203
079025,Centrache,CZ,Calabria,88067,38.728984,16.432103
079027,Cerva,CZ,Calabria,88050,39.018824,16.742749
079029,Chiaravalle Centrale,CZ,Calabria,88064,38.680383,16.410603
079030,Cicala,CZ,Calabria,88040,39.02219,16.486101
079033,Conflenti,CZ,Calabria,88040,39.071689,16.284496
079034,Cortale,CZ,Calabria,88020,38.840086,16.409602
079036,Cropani,CZ,Calabria,88051,38.967791,16.781308
079039,Curinga,CZ,Calabria,88022,38.826185,16.3134
079042,Davoli,CZ,Calabria,88060,38.647383,16.486205
079043,Decollatura,CZ,Calabria,88041,39.047789,16.355098
079047,Falerna,CZ,Calabria,88042,38.995559,16.162568
079048,Feroleto Antico,CZ,Calabria,88040,38.961095,16.388327
079052,Fossato Serralta,CZ,Calabria,88050,38.99629,16.579604
079055,Gagliato,CZ,Calabria,88060,38.676978,16.462646
079056,Gasperina,CZ,Calabria,88060,38.73965,16.507381
079058,Gimigliano,CZ,Calabria,88045,38.974489,16.530503
079059,Girifalco,CZ,Calabria,88024,38.823355,16.426384
079060,Gizzeria,CZ,Calabria,88040,38.979987,16.203296
079061,Guardavalle,CZ,Calabria,88065,38.50498,16.503507
079063,Isca sullo Ionio,CZ,Calabria,88060,38.601282,16.519607
079065,Jacurso,CZ,Calabria,88020,38.84618,16.380042
079068,Magisano,CZ,Calabria,88050,39.01339,16.627904
079069,Maida,CZ,Calabria,88025,38.858841,16.364824
079071,Marcedusa,CZ,Calabria,88050,39.027792,16.836309
079072,Marcellinara,CZ,Calabria,88044,38.928093,16.493077
079073,Martirano,CZ,Calabria,88040,39.081748,16.248479
079074,Martirano Lombardo,CZ,Calabria,88040,39.074949,16.232759
079077,Miglierina,CZ,Calabria,88040,38.948986,16.471932
079080,Montauro,CZ,Calabria,88060,38.74877,16.51291
079081,Montepaone,CZ,Calabria,88060,38.721458,16.498972
079083,Motta Santa Lucia,CZ,Calabria,88040,39.09189,16.292396
079087,Nocera Terinese,CZ,Calabria,88047,39.036893,16.160718
079088,Olivadi,CZ,Calabria,88067,38.725584,16.423703
079089,Palermiti,CZ,Calabria,88050,38.748534,16.452216
079092,Pentone,CZ,Calabria,88050,38.98579,16.582504
079094,Petrizzi,CZ,Calabria,88060,38.701383,16.473005
079095,Petronà,CZ,Calabria,88050,39.043692,16.755907
079096,Pianopoli,CZ,Calabria,88040,38.953917,16.388125
079099,Platania,CZ,Calabria,88040,39.005388,16.320098
079108,San Floro,CZ,Calabria,88021,38.837986,16.518704
079110,San Mango d'Aquino,CZ,Calabria,88040,39.060284,16.193707
079114,San Pietro a Maida,CZ,Calabria,88025,38.846804,16.343454
079115,San Pietro Apostolo,CZ,Calabria,88040,39.004389,16.468401
079116,San Sostene,CZ,Calabria,88060,38.637882,16.487106
079117,Santa Caterina dello Ionio,CZ,Calabria,88060,38.532681,16.522007
079118,Sant'Andrea Apostolo dello Ionio,CZ,Calabria,88060,38.622582,16.528307
079122,San Vito sullo Ionio,CZ,Calabria,88067,38.711783,16.409703
079123,Satriano,CZ,Calabria,88060,38.666883,16.481205
079126,Sellia,CZ,Calabria,88050,38.982284,16.629684
079127,Sellia Marina,CZ,Calabria,88050,38.899625,16.74433
079129,Serrastretta,CZ,Calabria,88040,39.013189,16.4163
079130,Sersale,CZ,Calabria,88054,39.010891,16.726907
079131,Settingiano,CZ,Calabria,88040,38.911388,16.513903
079133,Simeri Crichi,CZ,Calabria,88050,38.909644,16.656018
079134,Sorbo San Basile,CZ,Calabria,88050,39.01939,16.569103
079137,Soverato,CZ,Calabria,88068,38.687717,16.550044
079138,Soveria Mannelli,CZ,Calabria,88049,39.08289,16.371898
079139,Soveria Simeri,CZ,Calabria,88050,38.946589,16.680106
079142,Squillace,CZ,Calabria,88069,38.779485,16.512205
079143,Stalettì,CZ,Calabria,88069,38.765485,16.537605
079146,Taverna,CZ,Calabria,88055,39.02179,16.581803
079147,Tiriolo,CZ,Calabria,88056,38.943288,16.508303
079148,Torre di Ruggiero,CZ,Calabria,88060,38.653382,16.372803
079151,Vallefiorita,CZ,Calabria,88050,38.776385,16.461003
079157,Zagarise,CZ,Calabria,88050,38.99919,16.663205
079160,Lamezia Terme,CZ,Calabria,88046,38.964507,16.302145
080001,Africo,RC,Calabria,89030,38.050669,16.133204
080002,Agnana Calabra,RC,Calabria,89040,38.302674,16.222904
080003,Anoia,RC,Calabria,89020,38.436192,16.080633
080004,Antonimina,RC,Calabria,89040,38.272273,16.148402
080005,Ardore,RC,Calabria,89031,38.19097,16.168222
080006,Bagaladi,RC,Calabria,89060,38.026667,15.821398
080007,Bagnara Calabra,RC,Calabria,89011,38.288471,15.807795
080008,Benestare,RC,Calabria,89030,38.185372,16.137003
080009,Bianco,RC,Calabria,89032,38.09067,16.149304
080010,Bivongi,RC,Calabria,89040,38.48317,16.453054
080011,Bova,RC,Calabria,89033,37.995067,15.931901
080012,Bovalino,RC,Calabria,89034,38.148971,16.174004
080013,Bova Marina,RC,Calabria,89035,37.930625,15.917452
080014,Brancaleone,RC,Calabria,89036,37.962968,16.100405
080015,Bruzzano Zeffirio,RC,Calabria,89030,38.013268,16.082604
080016,Calanna,RC,Calabria,89050,38.183669,15.723094
080017,Camini,RC,Calabria,89040,38.432257,16.481958
080018,Campo Calabro,RC,Calabria,89052,38.216069,15.659192
080019,Candidoni,RC,Calabria,89020,38.505477,16.086298
080020,Canolo,RC,Calabria,89040,38.315043,16.199783
080021,Caraffa del Bianco,RC,Calabria,89030,38.09267,16.086403
080022,Cardeto,RC,Calabria,89060,38.084567,15.766596
080023,Careri,RC,Calabria,89030,38.176571,16.117803
080024,Casignana,RC,Calabria,89030,38.10187,16.089903
080025,Caulonia,RC,Calabria,89041,38.381377,16.409007
080026,Ciminà,RC,Calabria,89040,38.246819,16.138812
080027,Cinquefrondi,RC,Calabria,89021,38.415957,16.097429
080028,Cittanova,RC,Calabria,89022,38.353949,16.080602
080029,Condofuri,RC,Calabria,89030,38.004659,15.857397
080030,Cosoleto,RC,Calabria,89050,38.275372,15.927997
080031,Delianuova,RC,Calabria,89012,38.234071,15.917798
080032,Feroleto della Chiesa,RC,Calabria,89050,38.465776,16.064198
080033,Ferruzzano,RC,Calabria,89030,38.038715,16.087049
080034,Fiumara,RC,Calabria,89050,38.212669,15.693693
080035,Galatro,RC,Calabria,89054,38.45974,16.110777
080036,Gerace,RC,Calabria,89040,38.27233,16.219753
080037,Giffone,RC,Calabria,89020,38.438176,16.15
080038,Gioia Tauro,RC,Calabria,89013,38.423974,15.898995
080039,Gioiosa Ionica,RC,Calabria,89042,38.322175,16.302605
080040,Grotteria,RC,Calabria,89043,38.365476,16.264904
080041,Laganadi,RC,Calabria,89050,38.173369,15.741395
080042,Laureana di Borrello,RC,Calabria,89023,38.492577,16.082098
080043,Locri,RC,Calabria,89044,38.238537,16.265509
080044,Mammola,RC,Calabria,89045,38.378051,16.203148
080045,Marina di Gioiosa Ionica,RC,Calabria,89046,38.300663,16.330362
080046,Maropati,RC,Calabria,89020,38.440632,16.099161
080047,Martone,RC,Calabria,89040,38.353976,16.288304
080048,Melicuccà,RC,Calabria,89020,38.303772,15.881296
080049,Melicucco,RC,Calabria,89020,38.433713,16.060471
080050,Melito di Porto Salvo,RC,Calabria,89063,37.920384,15.777857
080051,Molochio,RC,Calabria,89010,38.308445,16.031862
080052,Monasterace,RC,Calabria,89040,38.453679,16.552009
080053,Montebello Jonico,RC,Calabria,89064,37.982766,15.757997
080054,Motta San Giovanni,RC,Calabria,89065,38.003165,15.695096
080055,Oppido Mamertina,RC,Calabria,89014,38.293593,15.98414
080056,Palizzi,RC,Calabria,89038,37.966667,15.986702
080057,Palmi,RC,Calabria,89015,38.357449,15.846565
080058,Pazzano,RC,Calabria,89040,38.475763,16.452501
080059,Placanica,RC,Calabria,89040,38.411878,16.452507
080060,Platì,RC,Calabria,89039,38.219972,16.046501
080061,Polistena,RC,Calabria,89024,38.406509,16.077455
080062,Portigliola,RC,Calabria,89040,38.227673,16.202204
080063,Reggio di Calabria,RC,Calabria,89124,38.103539,15.639756
080064,Riace,RC,Calabria,89040,38.418295,16.481189
080065,Rizziconi,RC,Calabria,89016,38.411996,15.95924
080066,Roccaforte del Greco,RC,Calabria,89060,38.047268,15.894699
080067,Roccella Ionica,RC,Calabria,89047,38.321976,16.400907
080068,Roghudi,RC,Calabria,89060,37.927565,15.765998
080069,Rosarno,RC,Calabria,89025,38.487283,15.976495
080070,Samo,RC,Calabria,89030,38.073769,16.058302
080071,San Giorgio Morgeto,RC,Calabria,89017,38.386958,16.108164
080072,San Giovanni di Gerace,RC,Calabria,89040,38.365076,16.277704
080073,San Lorenzo,RC,Calabria,89069,38.010967,15.834398
080074,San Luca,RC,Calabria,89030,38.148371,16.066002
080075,San Pietro di Caridà,RC,Calabria,89020,38.523678,16.135299
080076,San Procopio,RC,Calabria,89020,38.281172,15.890397
080077,San Roberto,RC,Calabria,89050,38.211269,15.736594
080078,Santa Cristina d'Aspromonte,RC,Calabria,89056,38.255372,15.970499
080079,Sant'Agata del Bianco,RC,Calabria,89030,38.092788,16.083088
080080,Sant'Alessio in Aspromonte,RC,Calabria,89050,38.172569,15.757795
080081,Sant'Eufemia d'Aspromonte,RC,Calabria,89027,38.263471,15.854796
080082,Sant'Ilario dello Ionio,RC,Calabria,89040,38.218773,16.195604
080083,Santo Stefano in Aspromonte,RC,Calabria,89057,38.169169,15.789196
080084,Scido,RC,Calabria,89010,38.243571,15.932698
080085,Scilla,RC,Calabria,89058,38.25067,15.718993
080086,Seminara,RC,Calabria,89028,38.335093,15.871255
080087,Serrata,RC,Calabria,89020,38.512877,16.100699
080088,Siderno,RC,Calabria,89048,38.276163,16.29816
080089,Sinopoli,RC,Calabria,89020,38.263771,15.878497
080090,Staiti,RC,Calabria,89030,38.000068,16.032803
080091,Stignano,RC,Calabria,89040,38.416078,16.470308
080092,Stilo,RC,Calabria,89049,38.476612,16.467263
080093,Taurianova,RC,Calabria,89029,38.355054,16.014778
080094,Terranova Sappo Minulio,RC,Calabria,89010,38.322673,16.007499
080095,Varapodio,RC,Calabria,89010,38.317073,15.984398
080096,Villa San Giovanni,RC,Calabria,89018,38.220112,15.637381
080097,San Ferdinando,RC,Calabria,89026,38.48317,15.916271
101001,Belvedere di Spinello,KR,Calabria,88824,39.211944,16.889318
101002,Caccuri,KR,Calabria,88833,39.227416,16.778569
101003,Carfizzi,KR,Calabria,88817,39.30636,16.973792
101004,Casabona,KR,Calabria,88822,39.250284,16.960659
101005,Castelsilano,KR,Calabria,88834,39.269034,16.767453
101006,Cerenzia,KR,Calabria,88833,39.244086,16.788333
101007,Cirò,KR,Calabria,88813,39.381732,17.061353
101008,Cirò Marina,KR,Calabria,88811,39.369092,17.132857
101009,Cotronei,KR,Calabria,88836,39.15835,16.773505
101010,Crotone,KR,Calabria,88900,39.187389,16.878282
101011,Crucoli,KR,Calabria,88812,39.423701,17.002308
101012,Cutro,KR,Calabria,88842,39.035445,16.979263
101013,Isola di Capo Rizzuto,KR,Calabria,88841,38.959993,17.093315
101014,Melissa,KR,Calabria,88814,39.307373,17.025987
101015,Mesoraca,KR,Calabria,88838,39.080127,16.789599
101016,Pallagorio,KR,Calabria,88818,39.307693,16.910984
101017,Petilia Policastro,KR,Calabria,88837,39.10941,16.788654
101018,Roccabernarda,KR,Calabria,88835,39.136087,16.869791
101019,Rocca di Neto,KR,Calabria,88821,39.184386,17.009067
101020,San Mauro Marchesato,KR,Calabria,88831,39.104406,16.924439
101021,San Nicola dell'Alto,KR,Calabria,88817,39.291348,16.972244
101022,Santa Severina,KR,Calabria,88832,39.147901,16.912776
101023,Savelli,KR,Calabria,88825,39.310837,16.778523
101024,Scandale,KR,Calabria,88831,39.122213,16.964123
101025,Strongoli,KR,Calabria,88816,39.263959,17.052026
101026,Umbriatico,KR,Calabria,88823,39.354501,16.91871
101027,Verzino,KR,Calabria,88819,39.311098,16.860406
102001,Acquaro,VV,Calabria,89832,38.554779,16.1872
102002,Arena,VV,Calabria,89832,38.562779,16.2099
102003,Briatico,VV,Calabria,89817,38.725981,16.032895
102004,Brognaturo,VV,Calabria,89822,38.601281,16.341403
102005,Capistrano,VV,Calabria,89818,38.692282,16.289601
102006,Cessaniti,VV,Calabria,89816,38.66368,16.026795
102007,Dasà,VV,Calabria,89832,38.564879,16196
102008,Dinami,VV,Calabria,89833,38.527776,16.147958
102009,Drapia,VV,Calabria,89862,38.664524,15.910363
102010,Fabrizia,VV,Calabria,89823,38.487078,16.301003
102011,Filadelfia,VV,Calabria,89814,38.783764,16.291088
102012,Filandari,VV,Calabria,89841,38.615079,16.031396
102013,Filogaso,VV,Calabria,89843,38.681481,16.228699
102014,Francavilla Angitola,VV,Calabria,89815,38.780184,16.271699
102015,Francica,VV,Calabria,89851,38.615679,16.099297
102016,Gerocarne,VV,Calabria,89831,38.587478,16.219813
102017,Ionadi,VV,Calabria,89851,38.636334,16.059571
102018,Joppolo,VV,Calabria,89863,38.58384,15.897318
102019,Limbadi,VV,Calabria,89844,38.557477,15.965895
102020,Maierato,VV,Calabria,89843,38.705048,16.19007
102021,Mileto,VV,Calabria,89852,38.609262,16.069491
102022,Mongiana,VV,Calabria,89823,38.512879,16.319503
102023,Monterosso Calabro,VV,Calabria,89819,38.716999,16.291059
102024,Nardodipace,VV,Calabria,89824,38.472278,16.342504
102025,Nicotera,VV,Calabria,89844,38.554577,15.936695
102026,Parghelia,VV,Calabria,89861,38.681736,15.921798
102027,Pizzo,VV,Calabria,89812,38.735436,16.162085
102028,Pizzoni,VV,Calabria,89834,38.623081,16.251901
102029,Polia,VV,Calabria,89813,38.751183,16.3122
102030,Ricadi,VV,Calabria,89866,38.625483,15.86643
102031,Rombiolo,VV,Calabria,89841,38.591778,16.001696
102032,San Calogero,VV,Calabria,89842,38.575578,16.020296
102033,San Costantino Calabro,VV,Calabria,89851,38.632279,16.073897
102034,San Gregorio d'Ippona,VV,Calabria,89853,38.642334,16.101976
102035,San Nicola da Crissa,VV,Calabria,89821,38.663636,16.284679
102036,Sant'Onofrio,VV,Calabria,89843,38.694981,16.144097
102037,Serra San Bruno,VV,Calabria,89822,38.574608,16.326074
102038,Simbario,VV,Calabria,89822,38.612109,16.334919
102039,Sorianello,VV,Calabria,89831,38.59328,16.231901
102040,Soriano Calabro,VV,Calabria,89831,38.596934,16.230355
102041,Spadola,VV,Calabria,89822,38.603802,16.337075
102042,Spilinga,VV,Calabria,89864,38.628412,15.906178
102043,Stefanaconi,VV,Calabria,89843,38.677881,16.124197
102044,Tropea,VV,Calabria,89861,38.675379,15.894792
102045,Vallelonga,VV,Calabria,89821,38.647281,16.294901
102046,Vazzano,VV,Calabria,89834,38.632881,16248
102047,Vibo Valentia,VV,Calabria,89900,38.626656,16.098693
102048,Zaccanopoli,VV,Calabria,89867,38.664779,15.929793
102049,Zambrone,VV,Calabria,89868,38.69918,15.990094
102050,Zungri,VV,Calabria,89867,38.65569,15.983246
081001,Alcamo,TP,Sicilia,91011,37.97665,12.962674
081002,Buseto Palizzolo,TP,Sicilia,91012,38.012506,12.711586
081003,Calatafimi-Segesta,TP,Sicilia,91013,37.913638,12.861893
081004,Campobello di Mazara,TP,Sicilia,91021,37.635838,12.744338
081005,Castellammare del Golfo,TP,Sicilia,91014,38.018846,12.885837
081006,Castelvetrano,TP,Sicilia,91022,37.682851,12.795534
081007,Custonaci,TP,Sicilia,91015,38.078163,12.675229
081008,Erice,TP,Sicilia,91016,38.03823,12.587182
081009,Favignana,TP,Sicilia,91023,37.931402,12.327429
081010,Gibellina,TP,Sicilia,91024,37.807042,12.869539
081011,Marsala,TP,Sicilia,91025,37.797922,12.434209
081012,Mazara del Vallo,TP,Sicilia,91026,37.653729,12.588691
081013,Paceco,TP,Sicilia,91027,37.981297,12.557309
081014,Pantelleria,TP,Sicilia,91017,36.831458,11.94504
081015,Partanna,TP,Sicilia,91028,37.727841,12.88854
081016,Poggioreale,TP,Sicilia,91020,37.762096,13.034318
081017,Salaparuta,TP,Sicilia,91020,37.757942,13.009742
081018,Salemi,TP,Sicilia,91018,37.817371,12.800945
081019,Santa Ninfa,TP,Sicilia,91029,37.771342,12.877639
081020,San Vito Lo Capo,TP,Sicilia,91010,38.172347,12.734932
081021,Trapani,TP,Sicilia,91100,38.017432,12.515992
081022,Valderice,TP,Sicilia,91019,38.038984,12.616979
081023,Vita,TP,Sicilia,91010,37.868575,12.814479
081024,Petrosino,TP,Sicilia,91020,37.71624,12.494547
081025,Misiliscemi,TP,Sicilia,91031,37.925714,12.537552
082001,Alia,PA,Sicilia,90021,37.779948,13.713856
082002,Alimena,PA,Sicilia,90020,37.693476,14.114651
082003,Aliminusa,PA,Sicilia,90020,37.864509,13.78116
082004,Altavilla Milicia,PA,Sicilia,90010,38.042734,13.550893
082005,Altofonte,PA,Sicilia,90030,38.044567,13.298702
082006,Bagheria,PA,Sicilia,90011,38.079351,13.509349
082007,Balestrate,PA,Sicilia,90041,38.051867,13.004266
082008,Baucina,PA,Sicilia,90020,37.925429,13.53771
082009,Belmonte Mezzagno,PA,Sicilia,90031,38.048449,13.390554
082010,Bisacquino,PA,Sicilia,90032,37.705431,13.258761
082011,Bolognetta,PA,Sicilia,90030,37.964742,13.45607
082012,Bompietro,PA,Sicilia,90020,37.746863,14.099838
082013,Borgetto,PA,Sicilia,90042,38.047103,13.142684
082014,Caccamo,PA,Sicilia,90012,37.9318,13.66349
082015,Caltavuturo,PA,Sicilia,90022,37.821066,13.890224
082016,Campofelice di Fitalia,PA,Sicilia,90030,37.826685,13.485936
082017,Campofelice di Roccella,PA,Sicilia,90010,37.992334,13.886183
082018,Campofiorito,PA,Sicilia,90030,37.753636,13.268767
082019,Camporeale,PA,Sicilia,90043,37.897145,13.093842
082020,Capaci,PA,Sicilia,90040,38.170718,13.23917
082021,Carini,PA,Sicilia,90044,38.131172,13.181885
082022,Castelbuono,PA,Sicilia,90013,37.931953,14.088562
082023,Casteldaccia,PA,Sicilia,90014,38.054118,13.530226
082024,Castellana Sicula,PA,Sicilia,90020,37.783179,14.041051
082025,Castronovo di Sicilia,PA,Sicilia,90030,37.678945,13.603455
082026,Cefalà Diana,PA,Sicilia,90030,37.915175,13.463549
082027,Cefalù,PA,Sicilia,90015,38.034957,14.024456
082028,Cerda,PA,Sicilia,90010,37.903579,13.81547
082029,Chiusa Sclafani,PA,Sicilia,90033,37.67722,13.270521
082030,Ciminna,PA,Sicilia,90023,37.896816,13.562345
082031,Cinisi,PA,Sicilia,90045,38.154943,13.109841
082032,Collesano,PA,Sicilia,90016,37.921477,13.937486
082033,Contessa Entellina,PA,Sicilia,90030,37.73098,13.183144
082034,Corleone,PA,Sicilia,90034,37.812078,13.301438
082035,Ficarazzi,PA,Sicilia,90010,38.088458,13.463786
082036,Gangi,PA,Sicilia,90024,37.795627,14.20672
082037,Geraci Siculo,PA,Sicilia,90010,37.859137,14.154416
082038,Giardinello,PA,Sicilia,90040,38.088049,13.157041
082039,Giuliana,PA,Sicilia,90030,37.670591,13.237804
082040,Godrano,PA,Sicilia,90030,37.903344,13.428924
082041,Gratteri,PA,Sicilia,90010,37.967377,13.97393
082042,Isnello,PA,Sicilia,90010,37.943953,14.005761
082043,Isola delle Femmine,PA,Sicilia,90040,38.198295,13.247344
082044,Lascari,PA,Sicilia,90010,38.000053,13.941459
082045,Lercara Friddi,PA,Sicilia,90025,37.746946,13.604854
082046,Marineo,PA,Sicilia,90035,37.952893,13.415024
082047,Mezzojuso,PA,Sicilia,90030,37.864532,13.464195
082048,Misilmeri,PA,Sicilia,90036,38.03522,13.451404
082049,Monreale,PA,Sicilia,90046,38.082632,13.291993
082050,Montelepre,PA,Sicilia,90040,38.088964,13.171343
082051,Montemaggiore Belsito,PA,Sicilia,90020,37.847752,13.762048
082052,Palazzo Adriano,PA,Sicilia,90030,37.681254,13.379266
082053,Palermo,PA,Sicilia,90133,38.111227,13.352443
082054,Partinico,PA,Sicilia,90047,38.043896,13.119821
082055,Petralia Soprana,PA,Sicilia,90026,37.79634,14.108468
082056,Petralia Sottana,PA,Sicilia,90027,37.808225,14.092513
082057,Piana degli Albanesi,PA,Sicilia,90037,37.994836,13.282689
082058,Polizzi Generosa,PA,Sicilia,90028,37.812819,13.999683
082059,Pollina,PA,Sicilia,90010,37.992894,14.145799
082060,Prizzi,PA,Sicilia,90038,37.721453,13.431265
082061,Roccamena,PA,Sicilia,90040,37.836028,13.153858
082062,Roccapalumba,PA,Sicilia,90020,37.805948,13.638455
082063,San Cipirello,PA,Sicilia,90040,37.96296,13.17538
082064,San Giuseppe Jato,PA,Sicilia,90048,37.970486,13.182489
082065,San Mauro Castelverde,PA,Sicilia,90010,37.914628,14.190378
082066,Santa Cristina Gela,PA,Sicilia,90030,37.984932,13.328096
082067,Santa Flavia,PA,Sicilia,90017,38.081331,13.52544
082068,Sciara,PA,Sicilia,90020,37.914892,13.762343
082069,Sclafani Bagni,PA,Sicilia,90020,37.821589,13.85478
082070,Termini Imerese,PA,Sicilia,90018,37.983651,13.695554
082071,Terrasini,PA,Sicilia,90049,38.152822,13.082122
082072,Torretta,PA,Sicilia,90040,38.130061,13.233501
082073,Trabia,PA,Sicilia,90019,37.994386,13.65651
082074,Trappeto,PA,Sicilia,90040,38.067008,13.03655
082075,Ustica,PA,Sicilia,90010,38.710381,13.191874
082076,Valledolmo,PA,Sicilia,90029,37.747448,13.827859
082077,Ventimiglia di Sicilia,PA,Sicilia,90020,37.923341,13.569255
082078,Vicari,PA,Sicilia,90020,37.825092,13.571302
082079,Villabate,PA,Sicilia,90039,38.076528,13.443667
082080,Villafrati,PA,Sicilia,90030,37.908012,13.48635
082081,Scillato,PA,Sicilia,90020,37.856724,13.906854
082082,Blufi,PA,Sicilia,90020,37.751474,14.074827
083001,Alcara li Fusi,ME,Sicilia,98070,38.021318,14.701396
083002,Alì,ME,Sicilia,98020,38.027364,15.417689
083003,Alì Terme,ME,Sicilia,98021,38.005064,15.42269
083004,Antillo,ME,Sicilia,98030,37.977262,15.244786
083005,Barcellona Pozzo di Gotto,ME,Sicilia,98051,38.148306,15.217552
083006,Basicò,ME,Sicilia,98060,38.061393,15.062248
083007,Brolo,ME,Sicilia,98061,38.155362,14.829575
083008,Capizzi,ME,Sicilia,98031,37.848909,14.478473
083009,Capo d'Orlando,ME,Sicilia,98071,38.159573,14.745073
083010,Capri Leone,ME,Sicilia,98070,38.085874,14.730118
083011,Caronia,ME,Sicilia,98072,38.024707,14.440584
083012,Casalvecchio Siculo,ME,Sicilia,98032,37.958162,15.322588
083013,Castel di Lucio,ME,Sicilia,98070,37.886454,14.312168
083014,Castell'Umberto,ME,Sicilia,98070,38.08437,14.807122
083015,Castelmola,ME,Sicilia,98030,37.858348,15.277316
083016,Castroreale,ME,Sicilia,98053,38.099272,15.210686
083017,Cesarò,ME,Sicilia,98033,37.844756,14.713076
083018,Condrò,ME,Sicilia,98040,38.173177,15.326943
083019,Falcone,ME,Sicilia,98060,38.117482,15.079611
083020,Ficarra,ME,Sicilia,98062,38.109061,14.828976
083021,Fiumedinisi,ME,Sicilia,98022,38.026238,15.382083
083022,Floresta,ME,Sicilia,98030,37.987351,14.909714
083023,Fondachelli-Fantina,ME,Sicilia,98050,38.000627,15.182419
083024,Forza d'Agrò,ME,Sicilia,98030,37.91372,15.335449
083025,Francavilla di Sicilia,ME,Sicilia,98034,37.901129,15.136208
083026,Frazzanò,ME,Sicilia,98070,38.072269,14.744953
083027,Furci Siculo,ME,Sicilia,98023,37.961204,15.381735
083028,Furnari,ME,Sicilia,98054,38.104671,15.125223
083029,Gaggi,ME,Sicilia,98030,37.860091,15.221412
083030,Galati Mamertino,ME,Sicilia,98070,38.031559,14.772517
083031,Gallodoro,ME,Sicilia,98030,37.90183,15.293695
083032,Giardini-Naxos,ME,Sicilia,98035,37.835441,15.271845
083033,Gioiosa Marea,ME,Sicilia,98063,38.173269,14.895164
083034,Graniti,ME,Sicilia,98036,37.890173,15.224898
083035,Gualtieri Sicaminò,ME,Sicilia,98040,38.163249,15.316544
083036,Itala,ME,Sicilia,98025,38.051059,15.436903
083037,Leni,ME,Sicilia,98050,38.554469,14.825471
083038,Letojanni,ME,Sicilia,98037,37.880276,15.306866
083039,Librizzi,ME,Sicilia,98064,38.096866,14.95834
083040,Limina,ME,Sicilia,98030,37.940774,15.272668
083041,Lipari,ME,Sicilia,98055,38.468185,14.95472
083042,Longi,ME,Sicilia,98070,38.027271,14.752656
083043,Malfa,ME,Sicilia,98050,38.57597,14.835471
083044,Malvagna,ME,Sicilia,98030,37.918393,15.055383
083045,Mandanici,ME,Sicilia,98020,38.003586,15.317095
083046,Mazzarrà Sant'Andrea,ME,Sicilia,98056,38.088463,15.133583
083047,Merì,ME,Sicilia,98040,38.166817,15.25037
083048,Messina,ME,Sicilia,98122,38.193757,15.554208
083049,Milazzo,ME,Sicilia,98057,38.220805,15.241513
083050,Militello Rosmarino,ME,Sicilia,98070,38.045917,14.676017
083051,Mirto,ME,Sicilia,98070,38.08466,14.751475
083052,Mistretta,ME,Sicilia,98073,37.929885,14.362873
083053,Moio Alcantara,ME,Sicilia,98030,37.89967,15.049043
083054,Monforte San Giorgio,ME,Sicilia,98041,38.156401,15.383256
083055,Mongiuffi Melia,ME,Sicilia,98030,37.905877,15.255718
083056,Montagnareale,ME,Sicilia,98060,38.132354,14.946482
083057,Montalbano Elicona,ME,Sicilia,98065,38.023409,15.013672
083058,Motta Camastra,ME,Sicilia,98030,37.894319,15.170271
083059,Motta d'Affermo,ME,Sicilia,98070,37.981173,14.302061
083060,Naso,ME,Sicilia,98074,38.122118,14.78898
083061,Nizza di Sicilia,ME,Sicilia,98026,37.992622,15.411913
083062,Novara di Sicilia,ME,Sicilia,98058,38.016082,15.13183
083063,Oliveri,ME,Sicilia,98060,38.123481,15.060849
083064,Pace del Mela,ME,Sicilia,98042,38.179625,15.305332
083065,Pagliara,ME,Sicilia,98020,37.985463,15.359689
083066,Patti,ME,Sicilia,98066,38.138901,14.964816
083067,Pettineo,ME,Sicilia,98070,37.966364,14.29191
083068,Piraino,ME,Sicilia,98060,38.161243,14.861943
083069,Raccuja,ME,Sicilia,98067,38.055261,14.909578
083070,Reitano,ME,Sicilia,98070,37.97284,14.34429
083071,Roccafiorita,ME,Sicilia,98030,37.930197,15.268096
083072,Roccalumera,ME,Sicilia,98027,37.976263,15.395189
083073,Roccavaldina,ME,Sicilia,98040,38.181484,15.372556
083074,Roccella Valdemone,ME,Sicilia,98030,37.932983,15.008455
083075,Rodì Milici,ME,Sicilia,98059,38.068965,15.174781
083076,Rometta,ME,Sicilia,98043,38.171115,15.41455
083077,San Filippo del Mela,ME,Sicilia,98044,38.169727,15.272527
083078,San Fratello,ME,Sicilia,98075,38.013442,14.597392
083079,San Marco d'Alunzio,ME,Sicilia,98070,38.073514,14.699355
083080,San Pier Niceto,ME,Sicilia,98045,38.158918,15.351874
083081,San Piero Patti,ME,Sicilia,98068,38.05215,14.967069
083082,San Salvatore di Fitalia,ME,Sicilia,98070,38.071713,14.777616
083083,Santa Domenica Vittoria,ME,Sicilia,98030,37.916744,14.962592
083084,Sant'Agata di Militello,ME,Sicilia,98076,38.068062,14.633334
083085,Sant'Alessio Siculo,ME,Sicilia,98030,37.924494,15.349288
083086,Santa Lucia del Mela,ME,Sicilia,98046,38.143461,15.280676
083087,Santa Marina Salina,ME,Sicilia,98050,38.56117,14.870772
083088,Sant'Angelo di Brolo,ME,Sicilia,98060,38.113879,14.882663
083089,Santa Teresa di Riva,ME,Sicilia,98028,37.946962,15.367689
083090,San Teodoro,ME,Sicilia,98030,37.847208,14.7001
083091,Santo Stefano di Camastra,ME,Sicilia,98077,38.015444,14.349027
083092,Saponara,ME,Sicilia,98047,38.19382,15.434458
083093,Savoca,ME,Sicilia,98038,37.955859,15.339322
083094,Scaletta Zanclea,ME,Sicilia,98029,38.045591,15.462916
083095,Sinagra,ME,Sicilia,98069,38.083051,14.849338
083096,Spadafora,ME,Sicilia,98048,38.223767,15.379286
083097,Taormina,ME,Sicilia,98039,37.851792,15.285652
083098,Torregrotta,ME,Sicilia,98040,38.191637,15.352439
083099,Tortorici,ME,Sicilia,98078,38.030103,14.82419
083100,Tripi,ME,Sicilia,98060,38.048625,15.098804
083101,Tusa,ME,Sicilia,98079,37.983855,14.236065
083102,Ucria,ME,Sicilia,98060,38.045919,14.881112
083103,Valdina,ME,Sicilia,98040,38.193739,15.370704
083104,Venetico,ME,Sicilia,98040,38.219944,15.366707
083105,Villafranca Tirrena,ME,Sicilia,98049,38.240068,15.437387
083106,Terme Vigliatore,ME,Sicilia,98050,38.136764,15.162675
083107,Acquedolci,ME,Sicilia,98070,38.05604,14.581901
083108,Torrenova,ME,Sicilia,98070,38.089846,14.678879
084001,Agrigento,AG,Sicilia,92100,37.312299,13.57465
084002,Alessandria della Rocca,AG,Sicilia,92010,37.570042,13.454609
084003,Aragona,AG,Sicilia,92021,37.403199,13.617948
084004,Bivona,AG,Sicilia,92010,37.617397,13.439769
084005,Burgio,AG,Sicilia,92010,37.599442,13.29015
084006,Calamonaci,AG,Sicilia,92010,37.52614,13.289851
084007,Caltabellotta,AG,Sicilia,92010,37.577341,13.216548
084008,Camastra,AG,Sicilia,92020,37.252294,13.7936
084009,Cammarata,AG,Sicilia,92022,37.633825,13.637745
084010,Campobello di Licata,AG,Sicilia,92023,37.25844,13.918266
084011,Canicattì,AG,Sicilia,92024,37.358942,13.850364
084012,Casteltermini,AG,Sicilia,92025,37.540835,13.643187
084013,Castrofilippo,AG,Sicilia,92020,37.348585,13.750096
084014,Cattolica Eraclea,AG,Sicilia,92011,37.44084,13.392054
084015,Cianciana,AG,Sicilia,92012,37.519696,13.43408
084016,Comitini,AG,Sicilia,92020,37.407941,13.642959
084017,Favara,AG,Sicilia,92026,37.316197,13.662417
084018,Grotte,AG,Sicilia,92020,37.402853,13.70067
084019,Joppolo Giancaxio,AG,Sicilia,92010,37.38704,13.555258
084020,Lampedusa e Linosa,AG,Sicilia,92010,35.511134,12.596291
084021,Licata,AG,Sicilia,92027,37.101636,13.937615
084022,Lucca Sicula,AG,Sicilia,92010,37.579049,13.306568
084023,Menfi,AG,Sicilia,92013,37.606639,12.967843
084024,Montallegro,AG,Sicilia,92010,37.392939,13.350753
084025,Montevago,AG,Sicilia,92010,37.702241,12.985842
084026,Naro,AG,Sicilia,92028,37.29622,13.791567
084027,Palma di Montechiaro,AG,Sicilia,92020,37.191664,13.763714
084028,Porto Empedocle,AG,Sicilia,92014,37.288313,13.52755
084029,Racalmuto,AG,Sicilia,92020,37.40894,13.732402
084030,Raffadali,AG,Sicilia,92015,37.404053,13.532076
084031,Ravanusa,AG,Sicilia,92029,37.267914,13.973255
084032,Realmonte,AG,Sicilia,92010,37.308393,13.461567
084033,Ribera,AG,Sicilia,92016,37.502787,13.266188
084034,Sambuca di Sicilia,AG,Sicilia,92017,37.64774,13.111031
084035,San Biagio Platani,AG,Sicilia,92020,37.509014,13.524282
084036,San Giovanni Gemini,AG,Sicilia,92020,37.629936,13.641375
084037,Santa Elisabetta,AG,Sicilia,92020,37.43246,13.556235
084038,Santa Margherita di Belice,AG,Sicilia,92018,37.691841,13.020143
084039,Sant'Angelo Muxaro,AG,Sicilia,92020,37.479015,13.544316
084040,Santo Stefano Quisquina,AG,Sicilia,92020,37.625027,13.49076
084041,Sciacca,AG,Sicilia,92019,37.506479,13.082332
084042,Siculiana,AG,Sicilia,92010,37.338086,13.421996
084043,Villafranca Sicula,AG,Sicilia,92020,37.588141,13.28925
085001,Acquaviva Platani,CL,Sicilia,93010,37.571999,13.702891
085002,Bompensiere,CL,Sicilia,93010,37.473829,13.780745
085003,Butera,CL,Sicilia,93011,37.190354,14.183489
085004,Caltanissetta,CL,Sicilia,93100,37.489941,14.063162
085005,Campofranco,CL,Sicilia,93010,37.510479,13.711044
085006,Delia,CL,Sicilia,93010,37.356036,13.927289
085007,Gela,CL,Sicilia,93012,37.066436,14.250244
085008,Marianopoli,CL,Sicilia,93010,37.597446,13.915763
085009,Mazzarino,CL,Sicilia,93013,37.305024,14.214078
085010,Milena,CL,Sicilia,93010,37.471521,13.736437
085011,Montedoro,CL,Sicilia,93010,37.453508,13.816238
085012,Mussomeli,CL,Sicilia,93014,37.577845,13.751259
085013,Niscemi,CL,Sicilia,93015,37.14645,14.39418
085014,Resuttano,CL,Sicilia,93010,37.678648,14.029464
085015,Riesi,CL,Sicilia,93016,37.281961,14.082414
085016,San Cataldo,CL,Sicilia,93017,37.491446,13.993516
085017,Santa Caterina Villarmosa,CL,Sicilia,93018,37.591147,14.036265
085018,Serradifalco,CL,Sicilia,93010,37.453843,13.880463
085019,Sommatino,CL,Sicilia,93019,37.334022,13.992959
085020,Sutera,CL,Sicilia,93010,37.525228,13.731316
085021,Vallelunga Pratameno,CL,Sicilia,93010,37.682047,13.83156
085022,Villalba,CL,Sicilia,93010,37.654142,13.843423
086001,Agira,EN,Sicilia,94011,37.656151,14.521575
086002,Aidone,EN,Sicilia,94010,37.415421,14.445276
086003,Assoro,EN,Sicilia,94010,37.627905,14.423886
086004,Barrafranca,EN,Sicilia,94012,37.372843,14.203313
086005,Calascibetta,EN,Sicilia,94010,37.590191,14.271972
086006,Catenanuova,EN,Sicilia,94010,37.567971,14.691819
086007,Centuripe,EN,Sicilia,94010,37.622952,14.739079
086008,Cerami,EN,Sicilia,94010,37.810654,14.507273
086009,Enna,EN,Sicilia,94100,37.566757,14.280747
086010,Gagliano Castelferrato,EN,Sicilia,94010,37.71139,14.536661
086011,Leonforte,EN,Sicilia,94013,37.639212,14.392427
086012,Nicosia,EN,Sicilia,94014,37.747452,14.397271
086013,Nissoria,EN,Sicilia,94010,37.655277,14.449468
086014,Piazza Armerina,EN,Sicilia,94015,37.385946,14.367174
086015,Pietraperzia,EN,Sicilia,94016,37.421564,14.137026
086016,Regalbuto,EN,Sicilia,94017,37.653547,14.639636
086017,Sperlinga,EN,Sicilia,94010,37.765519,14.351626
086018,Troina,EN,Sicilia,94018,37.785354,14.598475
086019,Valguarnera Caropepe,EN,Sicilia,94019,37.49542,14.390791
086020,Villarosa,EN,Sicilia,94010,37.587017,14.173589
087001,Aci Bonaccorsi,CT,Sicilia,95020,37.597687,15.107937
087002,Aci Castello,CT,Sicilia,95021,37.554211,15.14856
087003,Aci Catena,CT,Sicilia,95022,37.60257,15.14196
087004,Acireale,CT,Sicilia,95024,37.612777,15.16588
087005,Aci Sant'Antonio,CT,Sicilia,95025,37.606392,15.126895
087006,Adrano,CT,Sicilia,95031,37.661777,14.833099
087007,Belpasso,CT,Sicilia,95032,37.589187,14.978239
087008,Biancavilla,CT,Sicilia,95033,37.646276,14.861411
087009,Bronte,CT,Sicilia,95034,37.78716,14.833845
087010,Calatabiano,CT,Sicilia,95011,37.822445,15.227636
087011,Caltagirone,CT,Sicilia,95041,37.237201,14.513202
087012,Camporotondo Etneo,CT,Sicilia,95040,37.56759,15.005131
087013,Castel di Iudica,CT,Sicilia,95040,37.494173,14.649715
087014,Castiglione di Sicilia,CT,Sicilia,95012,37.882761,15.122225
087015,Catania,CT,Sicilia,95124,37.502236,15.08738
087016,Fiumefreddo di Sicilia,CT,Sicilia,95013,37.792355,15.206946
087017,Giarre,CT,Sicilia,95014,37.726857,15.187688
087018,Grammichele,CT,Sicilia,95042,37.214682,14.636542
087019,Gravina di Catania,CT,Sicilia,95030,37.560369,15.061763
087020,Licodia Eubea,CT,Sicilia,95040,37.157144,14.706084
087021,Linguaglossa,CT,Sicilia,95015,37.842643,15.142131
087022,Maletto,CT,Sicilia,95035,37.829022,14.865664
087023,Mascali,CT,Sicilia,95016,37.760285,15.197431
087024,Mascalucia,CT,Sicilia,95030,37.573605,15.051727
087025,Militello in Val di Catania,CT,Sicilia,95043,37.274584,14.793878
087026,Milo,CT,Sicilia,95010,37.722445,15.115739
087027,Mineo,CT,Sicilia,95044,37.264875,14.690849
087028,Mirabella Imbaccari,CT,Sicilia,95040,37.323804,14.445939
087029,Misterbianco,CT,Sicilia,95045,37.519172,15.007936
087030,Motta Sant'Anastasia,CT,Sicilia,95040,37.513391,14.967072
087031,Nicolosi,CT,Sicilia,95030,37.614711,15.026349
087032,Palagonia,CT,Sicilia,95046,37.327355,14.745332
087033,Paternò,CT,Sicilia,95047,37.56707,14.905352
087034,Pedara,CT,Sicilia,95030,37.616809,15.060211
087035,Piedimonte Etneo,CT,Sicilia,95017,37.806707,15.178193
087036,Raddusa,CT,Sicilia,95040,37.472556,14.53252
087037,Ramacca,CT,Sicilia,95040,37.388048,14.692681
087038,Randazzo,CT,Sicilia,95036,37.877934,14.946248
087039,Riposto,CT,Sicilia,95018,37.73189,15.204221
087040,San Cono,CT,Sicilia,95040,37.289942,14.364986
087041,San Giovanni la Punta,CT,Sicilia,95037,37.577407,15.094215
087042,San Gregorio di Catania,CT,Sicilia,95027,37.565254,15.111788
087043,San Michele di Ganzaria,CT,Sicilia,95040,37.279563,14.42602
087044,San Pietro Clarenza,CT,Sicilia,95030,37.568853,15.022886
087045,Sant'Agata li Battiati,CT,Sicilia,95030,37.558273,15.080813
087046,Sant'Alfio,CT,Sicilia,95010,37.74158,15.142905
087047,Santa Maria di Licodia,CT,Sicilia,95038,37.61642,14.887493
087048,Santa Venerina,CT,Sicilia,95010,37.688971,15.142661
087049,Scordia,CT,Sicilia,95048,37.296429,14.846239
087050,Trecastagni,CT,Sicilia,95039,37.616116,15.079231
087051,Tremestieri Etneo,CT,Sicilia,95030,37.576488,15.07322
087052,Valverde,CT,Sicilia,95028,37.576954,15.124188
087053,Viagrande,CT,Sicilia,95029,37.610166,15.096759
087054,Vizzini,CT,Sicilia,95049,37.161016,14.748468
087055,Zafferana Etnea,CT,Sicilia,95019,37.693285,15.10646
087056,Mazzarrone,CT,Sicilia,95040,37.083393,14.561674
087057,Maniace,CT,Sicilia,95030,37.862423,14.807835
087058,Ragalna,CT,Sicilia,95030,37.636958,14.947876
088001,Acate,RG,Sicilia,97011,37.02504,14.492981
088002,Chiaramonte Gulfi,RG,Sicilia,97012,37.031342,14.701285
088003,Comiso,RG,Sicilia,97013,36.950734,14.607455
088004,Giarratana,RG,Sicilia,97010,37.048112,14.793797
088005,Ispica,RG,Sicilia,97014,36.785832,14.907637
088006,Modica,RG,Sicilia,97015,36.858921,14.761302
088007,Monterosso Almo,RG,Sicilia,97010,37.088874,14.762708
088008,Pozzallo,RG,Sicilia,97016,36.72633,14.846343
088009,Ragusa,RG,Sicilia,97100,36.921983,14.721345
088010,Santa Croce Camerina,RG,Sicilia,97017,36.827897,14.525538
088011,Scicli,RG,Sicilia,97018,36.79357,14.706964
088012,Vittoria,RG,Sicilia,97019,36.951496,14.530487
089001,Augusta,SR,Sicilia,96011,37.236936,15.219658
089002,Avola,SR,Sicilia,96012,36.909516,15.135001
089003,Buccheri,SR,Sicilia,96010,37.126491,14.85038
089004,Buscemi,SR,Sicilia,96010,37.085471,14.884201
089005,Canicattini Bagni,SR,Sicilia,96010,37.034928,15.062337
089006,Carlentini,SR,Sicilia,96013,37.275881,15.014978
089007,Cassaro,SR,Sicilia,96010,37.106937,14.94761
089008,Ferla,SR,Sicilia,96010,37.118582,14.941138
089009,Floridia,SR,Sicilia,96014,37.086946,15.151894
089010,Francofonte,SR,Sicilia,96015,37.226582,14.881881
089011,Lentini,SR,Sicilia,96016,37.284685,14.998778
089012,Melilli,SR,Sicilia,96010,37.178288,15.126621
089013,Noto,SR,Sicilia,96017,36.890886,15.070645
089014,Pachino,SR,Sicilia,96018,36.715209,15.091477
089015,Palazzolo Acreide,SR,Sicilia,96010,37.061913,14.90391
089016,Rosolini,SR,Sicilia,96019,36.820499,14.952628
089017,Siracusa,SR,Sicilia,96100,37.064614,15.29072
089018,Solarino,SR,Sicilia,96010,37.101214,15.119039
089019,Sortino,SR,Sicilia,96010,37.156854,15.027716
089020,Portopalo di Capo Passero,SR,Sicilia,96010,36.683845,15.13329
089021,Priolo Gargallo,SR,Sicilia,96010,37.15793,15.186028
090001,Aggius,SS,Sardegna,07020,40.929345,9.065222
090002,Alà dei Sardi,SS,Sardegna,07020,40.650066,9.327829
090003,Alghero,SS,Sardegna,07041,40.56002,8.315147
090004,Anela,SS,Sardegna,07010,40.44176,9.057427
090005,Ardara,SS,Sardegna,07010,40.621761,8.810319
090006,Arzachena,SS,Sardegna,07021,41.079898,9.387612
090007,Banari,SS,Sardegna,07040,40.572927,8.697371
090008,Benetutti,SS,Sardegna,07010,40.456461,9.168829
090009,Berchidda,SS,Sardegna,07022,40.784067,9.164524
090010,Bessude,SS,Sardegna,07040,40.553852,8.729952
090011,Bonnanaro,SS,Sardegna,07043,40.533359,8.76442
090012,Bono,SS,Sardegna,07011,40.41683,9.029993
090013,Bonorva,SS,Sardegna,07012,40.418757,8.768121
090014,Bortigiadas,SS,Sardegna,07030,40.891351,9.043058
090015,Borutta,SS,Sardegna,07040,40.522359,8.743519
090016,Bottidda,SS,Sardegna,07010,40.391459,9.008527
090017,Buddusò,SS,Sardegna,07020,40.578064,9.258129
090018,Bultei,SS,Sardegna,07010,40.456211,9.064444
090019,Bulzi,SS,Sardegna,07030,40.847366,8.830016
090020,Burgos,SS,Sardegna,07010,40.389978,8.995335
090021,Calangianus,SS,Sardegna,07023,40.919774,9.194819
090022,Cargeghe,SS,Sardegna,07030,40.669461,8.614515
090023,Castelsardo,SS,Sardegna,07031,40.910466,8.718313
090024,Cheremule,SS,Sardegna,07040,40.506358,8.725319
090025,Chiaramonti,SS,Sardegna,07030,40.749064,8.818618
090026,Codrongianos,SS,Sardegna,07040,40.657261,8.679816
090027,Cossoine,SS,Sardegna,07010,40.43099,8.715016
090028,Esporlatu,SS,Sardegna,07010,40.386607,8.989713
090029,Florinas,SS,Sardegna,07030,40.649561,8.665116
090030,Giave,SS,Sardegna,07010,40.451958,8.752221
090031,Illorai,SS,Sardegna,07010,40.353858,9.001027
090032,Ittireddu,SS,Sardegna,07010,40.543961,8.902322
090033,Ittiri,SS,Sardegna,07044,40.593046,8.568353
090034,Laerru,SS,Sardegna,07030,40.817065,8.835417
090035,La Maddalena,SS,Sardegna,07024,41.212783,9.40666
090036,Luogosanto,SS,Sardegna,07020,41.054656,9.20409
090037,Luras,SS,Sardegna,07025,40.934858,9.175447
090038,Mara,SS,Sardegna,07010,40.409556,8.638819
090039,Martis,SS,Sardegna,07030,40.778664,8.808117
090040,Monteleone Rocca Doria,SS,Sardegna,07010,40.471622,8.560299
090041,Monti,SS,Sardegna,07020,40.805969,9.325527
090042,Mores,SS,Sardegna,07013,40.54836,8.831221
090043,Muros,SS,Sardegna,07030,40.678061,8.617315
090044,Nughedu San Nicolò,SS,Sardegna,07010,40.556508,9.021463
090045,Nule,SS,Sardegna,07010,40.461561,9.189829
090046,Nulvi,SS,Sardegna,07032,40.783764,8.743716
090047,Olbia,SS,Sardegna,07026,40.923266,9.502744
090048,Olmedo,SS,Sardegna,07040,40.651558,8.38021
090049,Oschiri,SS,Sardegna,07027,40.719766,9.101024
090050,Osilo,SS,Sardegna,07033,40.744063,8.671115
090051,Ossi,SS,Sardegna,07045,40.67486,8.591714
090052,Ozieri,SS,Sardegna,07014,40.585937,9.001043
090053,Padria,SS,Sardegna,07015,40.396355,8.629919
090054,Palau,SS,Sardegna,07020,41.181076,9.382042
090055,Pattada,SS,Sardegna,07016,40.581763,9.112926
090056,Perfugas,SS,Sardegna,07034,40.833366,8.882818
090057,Ploaghe,SS,Sardegna,07017,40.664262,8.741817
090058,Porto Torres,SS,Sardegna,07046,40.83444,8.403146
090059,Pozzomaggiore,SS,Sardegna,07018,40.398756,8.660219
090060,Putifigari,SS,Sardegna,07040,40.562257,8.461113
090061,Romana,SS,Sardegna,07010,40.484057,8.587417
090062,Aglientu,SS,Sardegna,07020,41.079573,9.112719
090063,Santa Teresa Gallura,SS,Sardegna,07028,41.241377,9.188518
090064,Sassari,SS,Sardegna,07100,40.7778,8.921997
090065,Sedini,SS,Sardegna,07035,40.852266,8.815716
090066,Semestene,SS,Sardegna,07010,40.398456,8.725421
090067,Sennori,SS,Sardegna,07036,40.789446,8.591659
090068,Siligo,SS,Sardegna,07040,40.57648,8.727273
090069,Sorso,SS,Sardegna,07037,40.796595,8.57785
090070,Tempio Pausania,SS,Sardegna,07029,40.897382,9.103516
090071,Thiesi,SS,Sardegna,07047,40.524859,8.716419
090072,Tissi,SS,Sardegna,07040,40.677673,8.5627
090073,Torralba,SS,Sardegna,07048,40.512959,8.76532
090074,Trinità d'Agultu e Vignola,SS,Sardegna,07038,40.983769,8.915616
090075,Tula,SS,Sardegna,07010,40.732465,8.983921
090076,Uri,SS,Sardegna,07040,40.639459,8.485412
090077,Usini,SS,Sardegna,07049,40.66406,8.540513
090078,Villanova Monteleone,SS,Sardegna,07019,40.503656,8.470807
090079,Valledoria,SS,Sardegna,07039,40.928283,8.824584
090080,Telti,SS,Sardegna,07020,40.876371,9.352827
090081,Badesi,SS,Sardegna,07030,40.965069,8.884216
090082,Viddalba,SS,Sardegna,07030,40.916777,8.894363
090083,Golfo Aranci,SS,Sardegna,07020,41.006476,9.61453
090084,Loiri Porto San Paolo,SS,Sardegna,07020,40.876305,9.62949
090085,Sant'Antonio di Gallura,SS,Sardegna,07030,40.991772,9.301041
090086,Tergu,SS,Sardegna,07030,40.867465,8.716714
090087,Santa Maria Coghinas,SS,Sardegna,07030,40.904267,8.868616
090088,Erula,SS,Sardegna,07030,40.791166,8.942219
090089,Stintino,SS,Sardegna,07040,40.939162,8.225503
090090,Padru,SS,Sardegna,07020,40.76577,9.520232
090091,Budoni,SS,Sardegna,08020,40.707631,9.69949
090092,San Teodoro,SS,Sardegna,98030,40.770511,9.673923
091001,Aritzo,NU,Sardegna,08031,39.956777,9.196562
091002,Arzana,NU,Sardegna,08040,39.919463,9527
091003,Atzara,NU,Sardegna,08030,39.992252,9.075734
091004,Austis,NU,Sardegna,08030,40.070653,9.087933
091005,Bari Sardo,NU,Sardegna,08042,39.842053,9.644147
091006,Baunei,NU,Sardegna,08040,40.032361,9.663405
091007,Belvì,NU,Sardegna,08030,39.962601,9.185185
091008,Birori,NU,Sardegna,08010,40.26486,8.817474
091009,Bitti,NU,Sardegna,08021,40.479008,9.384038
091010,Bolotana,NU,Sardegna,08011,40.325757,8.961127
091011,Borore,NU,Sardegna,08016,40.216854,8.803725
091012,Bortigali,NU,Sardegna,08012,40.282855,8.836225
091016,Desulo,NU,Sardegna,08032,40.010756,9.228296
091017,Dorgali,NU,Sardegna,08022,40.292802,9.588832
091018,Dualchi,NU,Sardegna,08010,40.228855,8.896427
091019,Elini,NU,Sardegna,08040,39.8999,9.531347
091024,Fonni,NU,Sardegna,08023,40.118804,9.251971
091025,Gadoni,NU,Sardegna,08030,39.913451,9.185837
091026,Gairo,NU,Sardegna,08040,39.847052,9.507244
091027,Galtellì,NU,Sardegna,08020,40.386589,9.614322
091028,Gavoi,NU,Sardegna,08020,40.161756,9.195134
091031,Girasole,NU,Sardegna,08040,39.951719,9.66196
091032,Ilbono,NU,Sardegna,08040,39.892654,9.548945
091033,Irgoli,NU,Sardegna,08020,40.408833,9.630121
091035,Jerzu,NU,Sardegna,08044,39.791151,9.518445
091037,Lanusei,NU,Sardegna,08045,39.87857,9.541077
091038,Lei,NU,Sardegna,08010,40.3044,8.918038
091039,Loceri,NU,Sardegna,08040,39.856635,9.582209
091040,Loculi,NU,Sardegna,08020,40.407278,9.61116
091041,Lodè,NU,Sardegna,08020,40.591387,9.539795
091042,Lotzorai,NU,Sardegna,08040,39.969155,9.663715
091043,Lula,NU,Sardegna,08020,40.470364,9.486435
091044,Macomer,NU,Sardegna,08015,40.26519,8.781387
091046,Mamoiada,NU,Sardegna,08024,40.215657,9.280435
091047,Meana Sardo,NU,Sardegna,08030,39.944251,9.072334
091050,Noragugume,NU,Sardegna,08010,40.224555,8.920727
091051,Nuoro,NU,Sardegna,08100,40.127683,9.342323
091055,Oliena,NU,Sardegna,08025,40.27226,9.403036
091056,Ollolai,NU,Sardegna,08020,40.168503,9.178467
091057,Olzai,NU,Sardegna,08020,40.182856,9.148332
091058,Onanì,NU,Sardegna,08020,40.485326,9.441168
091059,Onifai,NU,Sardegna,08020,40.406964,9.651339
091060,Oniferi,NU,Sardegna,08020,40.271958,9.170332
091061,Orani,NU,Sardegna,08026,40.248344,9.182835
091062,Orgosolo,NU,Sardegna,08027,40.204758,9.354936
091063,Orosei,NU,Sardegna,08028,40.37918,9.695014
091064,Orotelli,NU,Sardegna,08020,40.305803,9.112838
091066,Ortueri,NU,Sardegna,08036,40.035642,8.98725
091067,Orune,NU,Sardegna,08020,40.407595,9.369739
091068,Osidda,NU,Sardegna,08020,40.523863,9.219329
091069,Osini,NU,Sardegna,08040,39.822752,9.496244
091070,Ottana,NU,Sardegna,08020,40.233499,9.044599
091071,Ovodda,NU,Sardegna,08020,40.095654,9.162334
091072,Perdasdefogu,NU,Sardegna,08046,39.679218,9.440049
091073,Posada,NU,Sardegna,08020,40.631969,9.716437
091077,Sarule,NU,Sardegna,08020,40.22912,9.167342
091083,Silanus,NU,Sardegna,08017,40.288864,8.890493
091084,Sindia,NU,Sardegna,08018,40.296216,8.656256
091085,Siniscola,NU,Sardegna,08029,40.571868,9.692238
091086,Sorgono,NU,Sardegna,08038,40.025952,9.102034
091088,Talana,NU,Sardegna,08040,40.042056,9.496541
091089,Tertenia,NU,Sardegna,08047,39.696757,9.577684
091090,Teti,NU,Sardegna,08030,40.095754,9.118133
091091,Tiana,NU,Sardegna,08020,40.068454,9.147334
091093,Tonara,NU,Sardegna,08039,40.025134,9.173144
091094,Torpè,NU,Sardegna,08020,40.627969,9.677337
091095,Tortolì,NU,Sardegna,08048,39.926604,9.659155
091097,Triei,NU,Sardegna,08040,40.037127,9.640503
091098,Ulassai,NU,Sardegna,08040,39.810552,9.499045
091099,Urzulei,NU,Sardegna,08040,40.093338,9.508049
091100,Ussassai,NU,Sardegna,08040,39.810827,9.394786
091101,Villagrande Strisaili,NU,Sardegna,08049,39.96139,9.507272
091103,Cardedu,NU,Sardegna,08040,39.797184,9.62473
091104,Lodine,NU,Sardegna,08020,40.14808,9.218294
092003,Assemini,CA,Sardegna,09032,39.291538,9.001542
092009,Cagliari,CA,Sardegna,09124,39.216953,9.112851
092011,Capoterra,CA,Sardegna,09012,39.175313,8.97195
092015,Decimomannu,CA,Sardegna,09033,39.311738,8.968841
092037,Maracalagonis,CA,Sardegna,09040,39.28534,9.229446
092050,Pula,CA,Sardegna,09010,39.007433,9.001646
092051,Quartu Sant'Elena,CA,Sardegna,09045,39.239973,9.188097
092066,Sarroch,CA,Sardegna,09018,39.067234,9.009445
092068,Selargius,CA,Sardegna,09047,39.25695,9.167554
092074,Sestu,CA,Sardegna,09028,39.294248,9.092972
092075,Settimo San Pietro,CA,Sardegna,09040,39.29174,9.185145
092080,Sinnai,CA,Sardegna,09048,39.30424,9.203538
092090,Uta,CA,Sardegna,09010,39.290979,8.95426
092099,Villa San Pietro,CA,Sardegna,09010,39.034048,8.995484
092105,Quartucciu,CA,Sardegna,09044,39.254139,9.178846
092108,Elmas,CA,Sardegna,09030,39.268086,9.049631
092109,Monserrato,CA,Sardegna,09042,39.25951,9.145856
095001,Abbasanta,OR,Sardegna,09071,40.126752,8.818027
095002,Aidomaggiore,OR,Sardegna,09070,40.170753,8.856527
095003,Albagiara,OR,Sardegna,09090,39.787646,8.862032
095004,Ales,OR,Sardegna,09091,39.768245,8.815632
095005,Allai,OR,Sardegna,09080,39.957173,8.863076
095006,Arborea,OR,Sardegna,09092,39.773846,8.581753
095007,Ardauli,OR,Sardegna,09081,40.084652,8.911529
095008,Assolo,OR,Sardegna,09080,39.809947,8.918233
095009,Asuni,OR,Sardegna,09080,39.872448,8.946433
095010,Baradili,OR,Sardegna,09090,39.721345,8.897434
095011,Baratili San Pietro,OR,Sardegna,09070,39.992831,8.555784
095012,Baressa,OR,Sardegna,09090,39.712745,8.875334
095013,Bauladu,OR,Sardegna,09070,40.020549,8.671925
095014,Bidonì,OR,Sardegna,09080,40.113053,8.936429
095015,Bonarcado,OR,Sardegna,09070,40.09585,8.657124
095016,Boroneddu,OR,Sardegna,09080,40.113052,8.871028
095017,Busachi,OR,Sardegna,09082,40.032651,8.896729
095018,Cabras,OR,Sardegna,09072,39.930314,8.532054
095019,Cuglieri,OR,Sardegna,09073,40.188472,8.567405
095020,Fordongianus,OR,Sardegna,09083,39.994549,8.809828
095021,Ghilarza,OR,Sardegna,09074,40.119652,8.834927
095022,Gonnoscodina,OR,Sardegna,09090,39.699996,8.835508
095023,Gonnosnò,OR,Sardegna,09090,39.761176,8.872328
095024,Gonnostramatza,OR,Sardegna,09093,39.681169,8.833845
095025,Marrubiu,OR,Sardegna,09094,39.752143,8.637228
095026,Masullas,OR,Sardegna,09090,39.69956,8.782724
095027,Milis,OR,Sardegna,09070,40.050449,8.637024
095028,Mogorella,OR,Sardegna,09080,39.864598,8.857931
095029,Mogoro,OR,Sardegna,09095,39.68471,8.777088
095030,Morgongiori,OR,Sardegna,09090,39.746644,8.770131
095031,Narbolia,OR,Sardegna,09070,40.04765,8.575169
095032,Neoneli,OR,Sardegna,09080,40.064752,8.94673
095033,Norbello,OR,Sardegna,09070,40.134752,8.832027
095034,Nughedu Santa Vittoria,OR,Sardegna,09080,40.102075,8.953508
095035,Nurachi,OR,Sardegna,09070,39.973394,8.540165
095036,Nureci,OR,Sardegna,09080,39.823348,8.973834
095037,Ollastra,OR,Sardegna,09088,39.950948,8.734227
095038,Oristano,OR,Sardegna,09170,40.026568,8.679642
095039,Palmas Arborea,OR,Sardegna,09090,39.876646,8.643127
095040,Pau,OR,Sardegna,09090,39.791546,8.802331
095041,Paulilatino,OR,Sardegna,09070,40.084032,8.763937
095042,Pompu,OR,Sardegna,09093,39.724544,8.795432
095043,Riola Sardo,OR,Sardegna,09070,39.994102,8.538673
095044,Ruinas,OR,Sardegna,09085,39.907148,8.897631
095045,Samugheo,OR,Sardegna,09086,39.94615,8.940532
095046,San Nicolò d'Arcidano,OR,Sardegna,09097,39.683392,8.646875
095047,Santa Giusta,OR,Sardegna,09096,39.878178,8.609973
095048,Villa Sant'Antonio,OR,Sardegna,09080,39.859148,8.901532
095049,Santu Lussurgiu,OR,Sardegna,09075,40.141686,8.651038
095050,San Vero Milis,OR,Sardegna,09070,40.014548,8.598224
095051,Scano di Montiferro,OR,Sardegna,09078,40.21633,8.584092
095052,Sedilo,OR,Sardegna,09076,40.173151,8.919122
095053,Seneghe,OR,Sardegna,09070,40.082249,8.615723
095054,Senis,OR,Sardegna,09080,39.824147,8.940033
095055,Sennariolo,OR,Sardegna,09078,40.212673,8.555178
095056,Siamaggiore,OR,Sardegna,09070,39.950147,8.636025
095057,Siamanna,OR,Sardegna,09080,39.920748,8.761028
095058,Simala,OR,Sardegna,09090,39.721644,8.826732
095059,Simaxis,OR,Sardegna,09088,39.930347,8.692127
095060,Sini,OR,Sardegna,09090,39.754146,8.904334
095061,Siris,OR,Sardegna,09090,39.712644,8.774832
095062,Solarussa,OR,Sardegna,09077,39.955747,8.671526
095063,Sorradile,OR,Sardegna,09080,40.106453,8.933029
095064,Tadasuni,OR,Sardegna,09080,40.110458,8.883744
095065,Terralba,OR,Sardegna,09098,39.720301,8.636125
095066,Tramatza,OR,Sardegna,09070,40.003748,8.649537
095067,Tresnuraghes,OR,Sardegna,09079,40.252104,8.51996
095068,Ulà Tirso,OR,Sardegna,09080,40.045951,8.904029
095069,Uras,OR,Sardegna,09099,39.700643,8.70003
095070,Usellus,OR,Sardegna,09090,39.809646,8.850732
095071,Villanova Truschedu,OR,Sardegna,09084,39.988649,8.752027
095072,Villaurbana,OR,Sardegna,09080,39.885647,8.777429
095073,Villa Verde,OR,Sardegna,09090,39.795246,8.821131
095074,Zeddiani,OR,Sardegna,09070,39.989947,8.595324
095075,Zerfaliu,OR,Sardegna,09070,39.958844,8.708555
095076,Siapiccia,OR,Sardegna,09080,39.927948,8.762128
095077,Curcuris,OR,Sardegna,09090,39.746145,8.830632
095078,Soddì,OR,Sardegna,09080,40.130453,8.878428
095079,Bosa,OR,Sardegna,08013,40.297006,8.498612
095080,Flussio,OR,Sardegna,08010,40.267452,8.540219
095082,Laconi,OR,Sardegna,08034,39.852649,9.050435
095083,Magomadas,OR,Sardegna,08010,40.264752,8.522719
095084,Modolo,OR,Sardegna,08019,40.275047,8.52918
095085,Montresta,OR,Sardegna,08010,40.373654,8.499617
095086,Sagama,OR,Sardegna,08010,40.261552,8.57752
095087,Suni,OR,Sardegna,08010,40.280853,8.549419
095088,Tinnura,OR,Sardegna,08010,40.269052,8.54822
111001,Arbus,SU,Sardegna,09031,39.525839,8.597831
111002,Armungia,SU,Sardegna,09040,39.521745,9.381846
111003,Ballao,SU,Sardegna,09040,39.549746,9.361545
111004,Barrali,SU,Sardegna,09040,39.475289,9.101273
111005,Barumini,SU,Sardegna,09021,39.701546,9.002736
111006,Buggerru,SU,Sardegna,09010,39.397397,8.402182
111007,Burcei,SU,Sardegna,09040,39.342642,9.359548
111008,Calasetta,SU,Sardegna,09011,39.110814,8.368264
111009,Carbonia,SU,Sardegna,09013,39.165332,8.527834
111010,Carloforte,SU,Sardegna,09014,39.142698,8.302664
111011,Castiadas,SU,Sardegna,09040,39.236335,9.501016
111012,Collinas,SU,Sardegna,09020,39.640631,8.839875
111013,Decimoputzu,SU,Sardegna,09010,39.335238,8.91524
111014,Dolianova,SU,Sardegna,09041,39.378241,9.178644
111015,Domus de Maria,SU,Sardegna,09010,38.944031,8.863544
111016,Domusnovas,SU,Sardegna,09015,39.324736,8.648734
111017,Donori,SU,Sardegna,09040,39.431797,9.127153
111018,Escalaplano,SU,Sardegna,08043,39.626647,9.357144
111019,Escolca,SU,Sardegna,08030,39.698446,9.121539
111020,Esterzili,SU,Sardegna,08030,39.779149,9.284741
111021,Fluminimaggiore,SU,Sardegna,09010,39.439237,8.49793
111022,Furtei,SU,Sardegna,09040,39.562369,8.944739
111023,Genoni,SU,Sardegna,08030,39.794647,9.008035
111024,Genuri,SU,Sardegna,09020,39.744246,8.923334
111025,Gergei,SU,Sardegna,08030,39.699646,9.100438
111026,Gesico,SU,Sardegna,09040,39.616337,9.106457
111027,Gesturi,SU,Sardegna,09020,39.739991,9.024004
111028,Giba,SU,Sardegna,09010,39.071831,8.635638
111029,Goni,SU,Sardegna,09040,39.578128,9.285879
111030,Gonnesa,SU,Sardegna,09010,39.266626,8.47174
111031,Gonnosfanadiga,SU,Sardegna,09035,39.495915,8.662398
111032,Guamaggiore,SU,Sardegna,09040,39.568644,9.074039
111033,Guasila,SU,Sardegna,09040,39.561843,9.045439
111034,Guspini,SU,Sardegna,09036,39.54134,8.633131
111035,Iglesias,SU,Sardegna,09016,39.31254,8.534111
111036,Isili,SU,Sardegna,08033,39.740405,9.10859
111037,Las Plassas,SU,Sardegna,09020,39.680145,8.984936
111038,Lunamatrona,SU,Sardegna,09022,39.650544,8.899335
111039,Mandas,SU,Sardegna,09040,39.656283,9.129785
111040,Masainas,SU,Sardegna,09010,39.051624,8.630598
111041,Monastir,SU,Sardegna,09023,39.38474,9.044841
111042,Muravera,SU,Sardegna,09043,39.420945,9.573551
111043,Musei,SU,Sardegna,09010,39.302285,8.667406
111044,Narcao,SU,Sardegna,09010,39.168165,8.674714
111045,Nuragus,SU,Sardegna,08030,39.776247,9.038136
111046,Nurallao,SU,Sardegna,08030,39.790278,9.080737
111047,Nuraminis,SU,Sardegna,09024,39.442941,9.01474
111048,Nurri,SU,Sardegna,08035,39.712048,9.229841
111049,Nuxis,SU,Sardegna,09010,39.152933,8.738139
111050,Orroli,SU,Sardegna,08030,39.693547,9.250341
111051,Ortacesus,SU,Sardegna,09040,39.539148,9.083526
111052,Pabillonis,SU,Sardegna,09030,39.591159,8.720953
111053,Pauli Arbarei,SU,Sardegna,09020,39.660744,8.922035
111054,Perdaxius,SU,Sardegna,09010,39.161033,8.611436
111055,Pimentel,SU,Sardegna,09020,39.485542,9.06554
111056,Piscinas,SU,Sardegna,09010,39.074431,8.665938
111057,Portoscuso,SU,Sardegna,09010,39.207031,8.380931
111058,Sadali,SU,Sardegna,08030,39.81325,9.27194
111059,Samassi,SU,Sardegna,09030,39.481341,8.907637
111060,Samatzai,SU,Sardegna,09020,39.483242,9.03464
111061,San Basilio,SU,Sardegna,09040,39.537144,9.198242
111062,San Gavino Monreale,SU,Sardegna,09037,39.550941,8.791934
111063,San Giovanni Suergiu,SU,Sardegna,09010,39.110404,8.521999
111064,San Nicolò Gerrei,SU,Sardegna,09040,39.497444,9.307145
111065,San Sperate,SU,Sardegna,09026,39.358739,9.006741
111066,San Vito,SU,Sardegna,09040,39.443245,9.540751
111067,Sanluri,SU,Sardegna,09025,39.562642,8.898636
111068,Santadi,SU,Sardegna,09010,39.091832,8.716439
111069,Sant'Andrea Frius,SU,Sardegna,09040,39.477858,9.170254
111070,Sant'Anna Arresi,SU,Sardegna,09010,39.00183,8.646339
111071,Sant'Antioco,SU,Sardegna,09017,39.064829,8.456296
111072,Sardara,SU,Sardegna,09030,39.616442,8.820634
111073,Segariu,SU,Sardegna,09040,39.564443,8.981638
111074,Selegas,SU,Sardegna,09040,39.567844,9.10414
111075,Senorbì,SU,Sardegna,09040,39.535044,9.130141
111076,Serdiana,SU,Sardegna,09040,39.374241,9.158944
111077,Serramanna,SU,Sardegna,09038,39.42404,8.923138
111078,Serrenti,SU,Sardegna,09027,39.492771,8.975228
111079,Serri,SU,Sardegna,08030,39.701747,9.144139
111080,Setzu,SU,Sardegna,09029,39.722945,8.939235
111081,Seui,SU,Sardegna,08037,39.840564,9.32123
111082,Seulo,SU,Sardegna,08030,39.870412,9.235736
111083,Siddi,SU,Sardegna,09020,39.672198,8.888371
111084,Siliqua,SU,Sardegna,09010,39.300237,8.808738
111085,Silius,SU,Sardegna,09040,39.516745,9.293545
111086,Siurgus Donigala,SU,Sardegna,09040,39.600345,9.189041
111087,Soleminis,SU,Sardegna,09040,39.347963,9.181708
111088,Suelli,SU,Sardegna,09040,39.562744,9.132141
111089,Teulada,SU,Sardegna,09019,38.96743,8.772242
111090,Tratalias,SU,Sardegna,09010,39.10353,8.57896
111091,Tuili,SU,Sardegna,09029,39.713988,8.960342
111092,Turri,SU,Sardegna,09020,39.704845,8.916534
111093,Ussana,SU,Sardegna,09020,39.394641,9.073242
111094,Ussaramanna,SU,Sardegna,09020,39.692845,8.907634
111095,Vallermosa,SU,Sardegna,09010,39.364438,8.796337
111096,Villacidro,SU,Sardegna,09039,39.456992,8.736722
111097,Villamar,SU,Sardegna,09020,39.618044,8.958837
111098,Villamassargia,SU,Sardegna,09010,39.275899,8.640475
111099,Villanova Tulo,SU,Sardegna,08030,39.780302,9.213205
111100,Villanovaforru,SU,Sardegna,09020,39.631843,8.869035
111101,Villanovafranca,SU,Sardegna,09020,39.645183,9.001398
111102,Villaperuccio,SU,Sardegna,09010,39.111832,8.670038
111103,Villaputzu,SU,Sardegna,09040,39.441045,9.573951
111104,Villasalto,SU,Sardegna,09040,39.492145,9.393047
111105,Villasimius,SU,Sardegna,09049,39.14314,9.520854
111106,Villasor,SU,Sardegna,09034,39.380439,8.942839
111107,Villaspeciosa,SU,Sardegna,09010,39.312238,8.92514
005079,Moransengo,AT,Piemonte,14023,45.11483,8.025051
005110,Tonengo,AT,Piemonte,14023,45.117473,8.00196
012009,Bardello,VA,Lombardia,21020,45.834865,8.698036
012018,Bregano,VA,Lombardia,21020,45.825077,8.688786
012095,Malgesso,VA,Lombardia,21020,45.828215,8.679464
013199,Ronago,CO,Lombardia,22027,45.832278,8.983636
013228,Uggiate-Trevano,CO,Lombardia,22029,45.823859,8.964901
018002,Albaredo Arnaboldi,PV,Lombardia,27040,45.115325,9.247959
024044,Gambugliano,VI,Veneto,36050,45.588874,11.440015
024103,Sovizzo,VI,Veneto,36050,45.528028,11.445634
025002,Alano di Piave,BL,Veneto,32031,45.907803,11.908195
025070,Quero Vas,BL,Veneto,32038,45.954615,11.913206
028022,Carceri,PD,Veneto,35040,45.195001,11.620841
028098,Vighizzolo d'Este,PD,Veneto,35040,45.177003,11.625568